CODIGO;DESCRIPCION;CANTIDAD (UND);COSTO UNITARIO S/.;COLORES;TAMAÑO;TIPO DE FLOR;FOLLAJE;CATEGORIA;MATERIAL;COMPOSICION;PRESENTACION;N CABEZAS
JLP-28G;PEDESTAL DE PLASTICO 105*17 CM;36;13.12;;105*17 CM;-;;ADORNO;Plastico;Pedestal;Pedestal;-
JLP-60;PEDESTAL DE PLASTICO 90*30 CM;80;13.12;;90*30 CM;-;;ADORNO;Plastico;Pedestal;Pedestal;-
JLP-60F;PEDESTAL DE PLASTICO 88*30 CM;80;10.06;;88*30 CM;-;;ADORNO;Plastico;Pedestal;Pedestal;-
TSJ-01;FLOR ARTIFICIAL EN VARA ROSITA X 8 40 CM;1,440;2.69;;40 CM;Rosita;;ADORNO;-;Vara;Vara;8
TSJ-02;FLOR ARTIFICIAL EN VARA ROSITA DE CRISANTEMO X 8 40 CM;1,440;2.35;;40 CM;Rosita;;ADORNO;-;Vara;Vara;8
TSJ-03;FLOR ARTIFICIAL EN VARA ROSITA DE MANDARINA X 8 40 CM;1,440;2.69;;40 CM;Rosita;;ADORNO;-;Vara;Vara;8
TSJ-04;FLOR ARTIFICIAL EN VARA MARGARITA X 8 40 CM;1,440;2.69;;40 CM;Margarita;;ADORNO;-;Vara;Vara;8
TSJ-05;FLOR ARTIFICIAL EN VARA ROSITA DE TE X 8 40 CM;1,440;2.89;;40 CM;Rosita;;ADORNO;-;Vara;Vara;8
TLZ-02;FLOR ARTIFICIAL EN RAMO BOMBONES 42 CM;2,400;4.03;;42 CM;Bombones;;ADORNO;-;Ramo;Ramo;1
TLZ-05;FLOR ARTIFICIAL EN VARA BOMBONES 90 CM;2,400;4.43;;90 CM;Bombones;;ADORNO;-;Vara;Vara;1
MS-01;GUIA DE HOJA ARTIFICIAL 1.8 M;3,600;2.95;;1.8 M;-;;ADORNO;-;Guia;Guia;-
MS-03;HOJA ARTIFICIAL EN VARA X 5 70 CM;14,400;1.03;;70 CM;-;;ADORNO;-;Vara;Vara;5
BXM-02;FLORERO 10.5*10.5*10 CM;1,750;2.35;;10.5*10.5*10 CM;-;;ADORNO;-;Florero;Florero;-
JZD-04;ADORNO CORONA DE FLOR ARTIFICIAL 40*40 CM;300;28.21;;40*40 CM;-;;ADORNO;-;Adorno;Adorno;-
JZD-09;ADORNO CORONA DE FLOR ARTIFICIAL COLOR BLANCO 20*20 CM;240;14.77;;20*20 CM;-;;ADORNO;-;Adorno;Adorno;-
JZD-10;ADORNO CORONA DE FLOR ARTIFICIAL COLOR ROSADO 20*20 CM;240;14.77;;20*20 CM;Rosa;;ADORNO;-;Adorno;Adorno;-
JZD-11;ADORNO CORONA DE FLOR ARTIFICIAL COLOR MELON 20*20 CM;240;14.77;;20*20 CM;-;;ADORNO;-;Adorno;Adorno;-
JZD-12;ADORNO DE MESA FLOR ARTIFICIAL COLOR BLANCO 45*15 CM;120;20.82;;45*15 CM;-;;ADORNO;-;Adorno;Adorno;-
JZD-13;ADORNO DE MESA FLOR ARTIFICIAL COLOR ROSADO 45*15 CM;120;20.82;;45*15 CM;Rosa;;ADORNO;-;Adorno;Adorno;-
JZD-14;ADORNO DE MESA FLOR ARTIFICIAL COLOR MELON 45*15 CM;120;20.82;;45*15 CM;-;;ADORNO;-;Adorno;Adorno;-
LN-02;FLOR ARTIFICIAL EN VARA X 3 95 CM;780;9.07;;95 CM;-;;ADORNO;-;Vara;Vara;3
RYG-01;FLOR ARTIFICIAL RAMO X 9 45 CM;1,872;8.23;;45 CM;-;;ADORNO;-;Ramo;Ramo;9
RYG-14;FLOR ARTIFICIAL RAMO X 12 46 CM;1,080;5.79;;46 CM;-;;ADORNO;-;Ramo;Ramo;12
RYG-14-9;FLOR ARTIFICIAL RAMO X 9 45 CM;1,404;4.47;;45 CM;-;;ADORNO;-;Ramo;Ramo;9
RYG-14-7;FLOR ARTIFICIAL RAMO X 7 45 CM;1,620;3.62;;45 CM;-;;ADORNO;-;Ramo;Ramo;7
RYG-024;FLOR ARTIFICIAL RAMO X 10 45 CM;1,680;4.94;;45 CM;-;;ADORNO;-;Ramo;Ramo;10
RYG-H02;FLOR ARTIFICIAL RAMO X 10 45 CM;1,080;5.4;;45 CM;-;;ADORNO;-;Ramo;Ramo;10
RYG-06;FLOR ARTIFICIAL RAMO X 11 53 CM;600;9.21;;53 CM;-;;ADORNO;-;Ramo;Ramo;11
H-07;FLOR ARTIFICIAL RAMO X 9 45 CM;3,120;2.96;;45 CM;-;;ADORNO;-;Ramo;Ramo;9
H-08;FLOR ARTIFICIAL RAMO X 12 60 CM;1,920;5.79;;60 CM;-;;ADORNO;-;Ramo;Ramo;12
SHD12-01;FLOR ARTIFICIAL RAMO X 12 45 CM;4,200;3.16;;45 CM;-;;ADORNO;-;Ramo;Ramo;12
SHD18-02;FLOR ARTIFICIAL RAMO X 18 60 CM;1,296;5.59;;60 CM;-;;ADORNO;-;Ramo;Ramo;18
SHD18-03;FLOR ARTIFICIAL RAMO X 18 60 CM;1,296;6.25;;60 CM;-;;ADORNO;-;Ramo;Ramo;18
SHD24-04;FLOR ARTIFICIAL RAMO X 24 60 CM;1,680;5.59;;60 CM;-;;ADORNO;-;Ramo;Ramo;24
SHD24-05;FLOR ARTIFICIAL RAMO X 24 60 CM;1,200;5.2;;60 CM;-;;ADORNO;-;Ramo;Ramo;24
SHD7-07;FLOR ARTIFICIAL RAMO X 7 53 CM;576;4.61;;53 CM;-;;ADORNO;-;Ramo;Ramo;7
SHD7-08;FLOR ARTIFICIAL RAMO X 7 60 CM;576;5.27;;60 CM;-;;ADORNO;-;Ramo;Ramo;7
SHD18-09;HOJA ARTIFICIAL EN VARA X 5 70 CM;1,296;5.27;;70 CM;-;;ADORNO;-;Vara;Vara;5
SHD16-010;FLOR ARTIFICIAL RAMO X 16 60 CM;1,344;7.57;;60 CM;-;;ADORNO;-;Ramo;Ramo;16
SHD1-012;FLOR ARTIFICIAL VARA X 1 36 CM;9,600;0.2;;36 CM;-;;ADORNO;-;Vara;Vara;1
SHD1-013;FLOR ARTIFICIAL VARA X 1 36 CM;9,600;0.21;;36 CM;-;;ADORNO;-;Vara;Vara;1
SHD1-017;FLOR ARTIFICIAL VARA X 1 46 CM;10,800;0.36;;46 CM;-;;ADORNO;-;Vara;Vara;1
SHD1-018;FLOR ARTIFICIAL VARA X 1 46 CM;10,800;0.52;;46 CM;-;;ADORNO;-;Vara;Vara;1
RYG-01;FLOR ARTIFICIAL RAMO X 9 45 CM;156;7.96;;45 CM;-;;ADORNO;-;Ramo;Ramo;9
RYG-14;FLOR ARTIFICIAL RAMO X 12 46 CM;120;5.61;;46 CM;-;;ADORNO;-;Ramo;Ramo;12
RYG-14-9;FLOR ARTIFICIAL RAMO X 9 45 CM;156;4.33;;45 CM;-;;ADORNO;-;Ramo;Ramo;9
RYG-14-7;FLOR ARTIFICIAL RAMO X 7 45 CM;180;3.5;;45 CM;-;;ADORNO;-;Ramo;Ramo;7
RYG-024;FLOR ARTIFICIAL OTOÑAL EN RAMO X 10 45 CM;120;4.78;;45 CM;-;;ADORNO;-;Ramo;Ramo;10
RYG-H02;FLOR ARTIFICIAL RAMO X 10 45 CM;120;5.23;;45 CM;-;;ADORNO;-;Ramo;Ramo;10
H-07;FLOR ARTIFICIAL RAMO X 9 45 CM;480;2.87;;45 CM;-;;ADORNO;-;Ramo;Ramo;9
H-08;FLOR ARTIFICIAL RAMO X 12 60 CM;240;5.61;;60 CM;-;;ADORNO;-;Ramo;Ramo;12
SHD12-01;FLOR ARTIFICIAL RAMO X 12 45 CM;300;3.06;;45 CM;-;;ADORNO;-;Ramo;Ramo;12
SHD18-02;FLOR ARTIFICIAL RAMO X 18 60 CM;144;5.41;;60 CM;-;;ADORNO;-;Ramo;Ramo;18
SHD18-03;FLOR ARTIFICIAL RAMO X 18 60 CM;144;6.05;;60 CM;-;;ADORNO;-;Ramo;Ramo;18
SHD24-04;FLOR ARTIFICIAL RAMO X 24 60 CM;120;5.41;;60 CM;-;;ADORNO;-;Ramo;Ramo;24
SHD24-05;FLOR ARTIFICIAL RAMO X 24 60 CM;120;5.03;;60 CM;-;;ADORNO;-;Ramo;Ramo;24
SHD7-07;FLOR ARTIFICIAL RAMO X 7 53 CM;144;4.46;;53 CM;-;;ADORNO;-;Ramo;Ramo;7
SHD7-08;FLOR ARTIFICIAL RAMO X 7 60 CM;144;5.1;;60 CM;-;;ADORNO;-;Ramo;Ramo;7
SHD18-09;FLOR ARTIFICIAL RAMO X 18 60 CM;144;5.1;;60 CM;-;;ADORNO;-;Ramo;Ramo;18
SHD16-010;HOJA ARTIFICIAL EN VARA X 5 70 CM;96;7.33;;70 CM;-;;ADORNO;-;Vara;Vara;5
SHD1-012;FLOR ARTIFICIAL VARA X 1 36 CM;2,400;0.33;;36 CM;-;;ADORNO;-;Vara;Vara;1
SHD1-013;FLOR ARTIFICIAL VARA X 1 36 CM;2,400;0.35;;36 CM;-;;ADORNO;-;Vara;Vara;1
SHD1-017;FLOR ARTIFICIAL VARA X 1 46 CM;1,200;0.39;;46 CM;-;;ADORNO;-;Vara;Vara;1
SHD1-018;FLOR ARTIFICIAL VARA X 1 46 CM;1,200;0.51;;46 CM;-;;ADORNO;-;Vara;Vara;1
ARHB-03;PLANTA ARTIFICIAL HOJAS 1.2 M;60;46.12;;1.2 M;-;;ADORNO;-;Planta;Planta;-
HTL-05;HOJA CHICO ARTIFICIAL C/REJA 1.2 M;240;12.68;;1.2 M;-;;ADORNO;-;Reja;Reja;-
HTL-06;HOJA MEDIANO ARTIFICIAL C/REJA 1.2 M;240;14.12;;1.2 M;-;;ADORNO;-;Reja;Reja;-
TTHB-04;HOJA ARTIFICIAL EN GUIA 2.5 M;28,800;0.7;;2.5 M;-;;ADORNO;-;Guia;Guia;-
XABJ-AD0052;MESA DE METAL P/JARDIN 72*70 CM (SET/6PCS);4;109.52;;72*70 CM;-;;ADORNO;Metal;-;-;-
XABJ-AD20201;PORTA FLORES DE METAL 70*210 M (SET/2PCS);24;72.07;;70*210 M;-;;ADORNO;Metal;-;-;-
XABJ-AD20204;PORTA FLORES TIPO BICICLETA METAL 84*32*70 CM (SET/12PCS);10;50.72;;84*32*70 CM;-;;ADORNO;Metal;-;-;-
XABJ-AD20206;HOJA ARTIFICIAL EN RAMO X 12 39 CM;1,152;4.32;;39 CM;-;;ADORNO;-;Ramo;Ramo;12
XABJ-AD20207;HOJA ARTIFICIAL EN RAMO X 10 39 CM;1,152;6.46;;39 CM;-;;ADORNO;-;Ramo;Ramo;10
XABJ-AD20208;HOJA ARTIFICIAL EN VARA 46 CM;1,992;0.58;;46 CM;-;;ADORNO;-;Vara;Vara;1
XABJ-AD20209;HOJA ARTIFICIAL EN VARA X 5 70 CM;1,440;1.61;;70 CM;-;;ADORNO;-;Vara;Vara;5
XABJ-AD001;ADORNO BICICLETA P/JARDIN DE METAL EN CAJA 165*48*102 CM (SET/7 PCS);15;146.05;;165*48*102 CM;-;;ADORNO;Metal;Adorno;Adorno;-
XABJ-AD003;ADORNO ENTRADA P/JARDIN 2.32*5.32*0.42 M (SET X 4 PCS);12;630.73;;2.32*5.32*0.42 M;-;;ADORNO;-;Adorno;Adorno;4
RYG5-116;FLOR ARTIFICIAL EN RAMO X 5 35 CM;3,000;2.11;;35 CM;-;;ADORNO;-;Ramo;Ramo;5
RYG5-117;FLOR ARTIFICIAL MARGARITA EN RAMO X 5 35 CM;2,100;1.93;;35 CM;Margarita;;ADORNO;-;Ramo;Ramo;5
RYG11-120;FLOR ARTIFICIAL TALIA EN RAMO X 11 45 CM;1,800;6.63;;45 CM;-;;ADORNO;-;Ramo;Ramo;11
RYG9-122;FLOR ARTIFICIAL ROSA EN RAMO X 9 45 CM;1,200;5.72;;45 CM;Rosa;;ADORNO;-;Ramo;Ramo;9
RYG12-119;FLOR ARTIFICIAL POM POM EN RAMO X 12 45 CM;1,200;5.18;;45 CM;-;;ADORNO;-;Ramo;Ramo;12
RYG-022;FLOR ARTIFICIAL ROSA BOTON EN RAMO X 10 45 CM;1,200;3.91;;45 CM;Rosa;;ADORNO;-;Ramo;Ramo;10
RYG-H02;FLOR ARTIFICIAL ROSA EN RAMO X 10 45 CM;1,200;4.94;;45 CM;Rosa;;ADORNO;-;Ramo;Ramo;10
RYG-07;FLOR ARTIFICIAL ROSA EN RAMO X 9 35 CM;1,200;6.63;;35 CM;Rosa;;ADORNO;-;Ramo;Ramo;9
RYG12-901;FLOR ARTIFICIAL ROSA BOTON EN RAMO X 12 40 CM;1,200;5.3;;40 CM;Rosa;;ADORNO;-;Ramo;Ramo;12
RYG11-902;FLOR ARTIFICIAL ROSA EN RAMO X 11 45 CM;900;7.83;;45 CM;Rosa;;ADORNO;-;Ramo;Ramo;11
RYG18-903;FLOR ARTIFICIAL ROSA BOTON EN RAMO X 18 40 CM;600;8.31;;40 CM;Rosa;;ADORNO;-;Ramo;Ramo;18
RYG18-904;FLOR ARTIFICIAL ROSA BOTON CON HOJA OTOÑAL EN RAMO X 18 40 CM;360;8.73;;40 CM;Rosa;;ADORNO;-;Ramo;Ramo;18
RYG9-905;FLOR ARTIFICIAL ROSA EN RAMO X 9 40 CM;600;3.49;;40 CM;Rosa;;ADORNO;-;Ramo;Ramo;9
SOY-01;FLOR ARTIFICIAL ROSA BOTON CON MARGARITA EN RAMO X 5 30 CM;4,320;1.45;;30 CM;Rosa;;ADORNO;-;Ramo;Ramo;5
SOY-02;FLOR ARTIFICIAL MARGARITA Y CRISANTEMO EN RAMO X 5 30 CM;4,320;1.32;;30 CM;Margarita;;ADORNO;-;Ramo;Ramo;5
SOY-03;FLOR ARTIFICIAL ROSA CON MARGARITA EN RAMO X 5 30 CM;4,320;1.27;;30 CM;Rosa;;ADORNO;-;Ramo;Ramo;5
GHOJA;HOJA ARTIFICIAL EN VARA X 5 70 CM;3,024;1.99;;70 CM;-;;ADORNO;-;Vara;Vara;5
ZYL-01;FLOR ARTIFICIAL MINI CARTUCHO EN RAMO X 9 30 CM;432;6.14;;30 CM;-;;ADORNO;-;Ramo;Ramo;9
ZYL-02;FLOR ARTIFICIAL EN VARA X 1 64 CM;864;1.69;;64 CM;-;;ADORNO;-;Vara;Vara;1
ZYL-03;FLOR ARTIFICIAL TULIPAN EN RAMO X 9 33 CM;432;6.75;;33 CM;Tulipan;;ADORNO;-;Ramo;Ramo;9
ZYL-04;FLOR ARTIFICIAL TULIPAN EN VARA X 1 38 CM;864;1.51;;38 CM;Tulipan;;ADORNO;-;Vara;Vara;1
ZYL-05;FLOR ARTIFICIAL ROSA EN VARA X 1 64 CM;864;2.71;;64 CM;Rosa;;ADORNO;-;Vara;Vara;1
ZYL-06;FLOR ARTIFICIAL AVE DEL PARAISO EN VARA X 1 59 CM;1,200;1.51;;59 CM;-;;ADORNO;-;Vara;Vara;1
YK6-01;FLOR ARTIFICIAL EN RAMO HORTENSIA X 6 45 CM;2,160;3.31;;45 CM;Hortensia;;ADORNO;-;Ramo;Ramo;6
FG-01;FLOR ARTIFICIAL ROSA X 1 45 CM;4,800;1.08;;45 CM;Rosa;;ADORNO;-;-;-;1
SH-04;FLOR ARTIFICIAL EN RAMO TULIPAN X 9 40 CM;2,520;2.59;;40 CM;Tulipan;;ADORNO;-;Ramo;Ramo;9
TTHB-05;REJA DE HOJAS ARTIFICIALES X 1.2 MT;960;13.54;;-;-;;ADORNO;-;Reja;Reja;1
CAO;FOLLAJE;1,272;0.62;;-;-;;ADORNO;-;-;-;-
XRK-01;FLOR ARTIFICIAL GIRASOL DESARMADO 14 CM + ACCESORIOS;86,400;3.81;;14 CM;Girasol;;ADORNO;-;-;-;-
SJYZ-01;HOJA ARTIFICIAL ENREDADERA DESARMADO 30 CM + ACCESORIOS;600;3.06;;30 CM;-;;ADORNO;-;-;-;-
YQHT-01;FLOR ARTIFICIAL PETALOS 9.5 CM;25,920;3.35;;9.5 CM;-;;ADORNO;-;-;-;-
JDZHP-01;FLORERO 31*14/26*14/18*19;20;41.57;;31*14;-;;ADORNO;-;Florero;Florero;-
JDZHP-02;FLORERO 31*14/26*14/18*19;20;41.57;;31*14;-;;ADORNO;-;Florero;Florero;-
JDZHP-03;FLORERO 31*14/26*14/18*19;20;41.57;;31*14;-;;ADORNO;-;Florero;Florero;-
JDZHP-04;FLORERO 31*14/26*14/18*19;20;41.57;;31*14;-;;ADORNO;-;Florero;Florero;-
HPW-09;FLORERO DE VIDRIO 10 X 30 CM;60;15.07;;10 X 30 CM;-;;ADORNO;Vidrio;Florero;Florero;30
HPW-10;FLORERO DE VIDRIO 10 X 25 CM;120;13.23;;10 X 25 CM;-;;ADORNO;Vidrio;Florero;Florero;25
SDARB-01;PLANTA ARTIFICIAL HOJA 160 CM;90;51.91;;160 CM;-;;ADORNO;-;Planta;Planta;-
SDARB-02;PLANTA ARTIFICIAL HOJA 160 CM;90;51.91;;160 CM;-;;ADORNO;-;Planta;Planta;-
SDARB-03;PLANTA ARTIFICIAL HOJA 170 CM;90;57.26;;170 CM;-;;ADORNO;-;Planta;Planta;-
SDARB-04;PLANTA ARTIFICIAL HOJA 160 CM;120;42;;160 CM;-;;ADORNO;-;Planta;Planta;-
SDARB-05;PLANTA ARTIFICIAL HOJA 160 CM;120;45.8;;160 CM;-;;ADORNO;-;Planta;Planta;-
SDARB-06;FLOR ARTIFICIAL X 4 140 CM;120;49.65;;140 CM;-;;ADORNO;-;-;-;4
SDARB-07;FLOR ARTIFICIAL X 3 140 CM;90;55.76;;140 CM;-;;ADORNO;-;-;-;3
SDARB-08;FLOR ARTIFICIAL GIRASOL 170 CM;54;57.26;;170 CM;Girasol;;ADORNO;-;-;-;-
SDARB-09;PLANTA ARTIFICIAL PALMERA 120 CM;80;53.45;;120 CM;-;;ADORNO;-;Planta;Planta;-
SDARB-10;PLANTA ARTIFICIAL PALMERA 100 CM;200;15.25;;100 CM;-;;ADORNO;-;Planta;Planta;-
SDARB-11;FLOR DE DURAZNO ARTIFICIAL 180 CM;45;64.91;;180 CM;Durazno;;ADORNO;-;-;-;-
SDARB-12;PLANTA ARTIFICIAL PALMERA 120 CM;80;38.2;;120 CM;-;;ADORNO;-;Planta;Planta;-
SDARB-13;HOJA ARTIFICIAL 150 CM;80;20.64;;150 CM;-;;ADORNO;-;-;-;-
LN-03;FLOR ARTIFICIAL EN VARA X 5 120 CM NAVIDEÑO;480;8.02;;120 CM;-;;ADORNO;-;Vara;Vara;5
LN-02;FLOR ARTIFICIAL EN VARA X 3 120 CM NAVIDEÑO;1,248;8.32;;120 CM;-;;ADORNO;-;Vara;Vara;3
LN-045;FLOR ARTIFICIAL EN VARA X 3 120 CM NAVIDEÑO;312;10.31;;120 CM;-;;ADORNO;-;Vara;Vara;3
TMH-01;HOJA ARTIFICIAL EN VARA X 5 70 CM;3,600;2.45;;70 CM;-;;ADORNO;-;Vara;Vara;5
TMH-02;FLOR ARTIFICIAL EN RAMO MARGARITA X 5 35 CM;3,600;1.98;;35 CM;Margarita;;ADORNO;-;Ramo;Ramo;5
TCHY-01;HOJA ARTIFICIAL EN RAMO X 4 50 CM;1,680;3.06;;50 CM;-;;ADORNO;-;Ramo;Ramo;4
TCHY-02;HOJA ARTIFICIAL EN VARA X 5 90 CM;1,188;2.29;;90 CM;-;;ADORNO;-;Vara;Vara;5
TLT-01;FLOR ARTIFICIAL EN RAMO X 5 70 CM;2,400;4.28;;70 CM;-;;ADORNO;-;Ramo;Ramo;5
TLT-02;FLOR ARTIFICIAL EN VARA OTOÑAL POMPOM X 3 110 CM;612;4.66;;110 CM;-;;ADORNO;-;Vara;Vara;3
TLT-03;FLOR ARTIFICIAL EN VARA PRIMAVERA POMPOM X 3 110 CM;540;4.51;;110 CM;-;;ADORNO;-;Vara;Vara;3
YS-02;FLOR ARTIFICIAL EN VARA GIRASOL X 3 120 CM;720;5.65;;120 CM;Girasol;;ADORNO;-;Vara;Vara;3
VTX-05;FLOR ARTIFICIAL EN VARA GIRASOL X 5 120 CM;612;7.49;;120 CM;Girasol;;ADORNO;-;Vara;Vara;5
VTX-07;FLOR ARTIFICIAL EN VARA X 1 85 CM;1,440;1.72;;85 CM;-;;ADORNO;-;Vara;Vara;1
GF-V09;FLOR ARTIFICIAL EN VARA FLOR DE DURAZNO X 5 125 CM;720;8.63;;125 CM;Durazno;;ADORNO;-;Vara;Vara;5
GF-V10;FLOR ARTIFICIAL EN VARA ORQUIDEA X 1 75 CM;2,160;4.43;;75 CM;Orquidea;;ADORNO;-;Vara;Vara;1
STM-01;FLOR ARTIFICIAL EN RAMO GIRASOL X 10 42 CM;2,400;4.58;;42 CM;Girasol;;ADORNO;-;Ramo;Ramo;10
STM-02;FLOR ARTIFICIAL EN RAMO ROSITA BOTON X 7 35 CM;7,500;2.21;;35 CM;Rosita;;ADORNO;-;Ramo;Ramo;7
RYG-14;FLOR ARTIFICIAL EN RAMO ROSA X 12 46 CM;1,200;6.72;;46 CM;Rosa;;ADORNO;-;Ramo;Ramo;12
RYG5-117;FLOR ARTIFICIAL EN RAMO MARGARITA X 5 35 CM;900;1.83;;35 CM;Margarita;;ADORNO;-;Ramo;Ramo;5
RYG5-101;FLOR ARTIFICIAL EN RAMO ROSA X 5 35 CM;2,400;1.6;;35 CM;Rosa;;ADORNO;-;Ramo;Ramo;5
LN5-01;FLOR ARTIFICIAL EN VARA LIRIO X 5 CABEZAS 1.24 MTS;720;10.38;;1.24 MTS;Lirio;;ADORNO;-;Vara;Vara;5
LN5-02;FLOR ARTIFICIAL EN VARA AZUCENA X 5 CABEZAS 1.24 MTS;720;10.38;;1.24 MTS;-;;ADORNO;-;Vara;Vara;5
LN3-02;FLOR ARTIFICIAL EN VARA ROSA X 3 CABEZAS 1.24 MTS;468;12.27;;1.24 MTS;Rosa;;ADORNO;-;Vara;Vara;3
LN3-03;FLOR ARTIFICIAL EN VARA PEONIA X 3 CABEZAS 1.24 MTS;468;12.27;;1.24 MTS;Peonia;;ADORNO;-;Vara;Vara;3
LN5-03;FLOR ARTIFICIAL EN VARA OTOÑAL X 5 CABEZAS 1.24 MTS;540;11.8;;1.24 MTS;-;;ADORNO;-;Vara;Vara;5
LN5-04;FLOR ARTIFICIAL EN VARA PEONIA X 5 CABEZAS 1.24 MTS;540;11.8;;1.24 MTS;Peonia;;ADORNO;-;Vara;Vara;5
4060-1;PASTO ARTIFICIAL HOJA GRANDE 40*60 CM;2,400;3.62;;40*60 CM;-;;ADORNO;-;-;-;-
4060-2;PASTO ARTIFICIAL HOJA CHICO 40*60 CM;2,400;3.62;;40*60 CM;-;;ADORNO;-;-;-;-
JLP-21-01;FLORERO DE PLASTICO TIPO CUADRADO CON ESPONJA 9*9.5 CM;6,300;0.91;;9*9.5 CM;-;;ADORNO;Plastico;Florero;Florero;-
JLP-21-02;FLORERO DE PLASTICO TIPO COPA CON ESPONJA 15*17 CM;1,000;1.69;;15*17 CM;-;;ADORNO;Plastico;Florero;Florero;-
JLP-21-03;FLORERO DE PLASTICO TIPO CUADRADO CON ESPONJA 10*10 CM;1,300;1.39;;10*10 CM;-;;ADORNO;Plastico;Florero;Florero;-
RYG9-J-02;FLOR CABEZA PLASTICO CON LUCES 10 CM;3,000;2.74;;10 CM;-;;ADORNO;Plastico;-;-;-
HE-10;FLOR CABEZA PLASTICO 10 CM;3,000;1.56;;10 CM;-;;ADORNO;Plastico;-;-;-
HE-15;FLOR CABEZA PLASTICO 15 CM;1,440;2.17;;15 CM;-;;ADORNO;Plastico;-;-;-
HE-18;FLOR CABEZA PLASTICO 18 CM;1,440;2.74;;18 CM;-;;ADORNO;Plastico;-;-;-
MLB-1521;ADORNO PARA JARDIN TIPO ANIMALES SURTIDOS CON PALO 60 CM;120;0.6;;60 CM;-;;ADORNO;-;Adorno;Adorno;-
YS-02;FLOR ARTIFICIAL EN VARA X 3 1.15 CM;960;9.87;;1.15 CM;-;;ADORNO;-;Vara;Vara;3
VTX-05;FLOR ARTIFICIAL EN VARA X 5 1.15 CM;816;13.07;;1.15 CM;-;;ADORNO;-;Vara;Vara;5
GO-01;FLOR ARTIFICIAL EN RAMO COLGANTE X 7 57 CM;720;14.68;;57 CM;-;;ADORNO;-;Ramo;Ramo;7
RYG9-208;FLOR ARTIFICIAL ROSA ALEGRE EN RAMO X 9 40 CM;600;7.87;;40 CM;Rosa;;ADORNO;-;Ramo;Ramo;9
RYG9-209;FLOR ARTIFICIAL ROSA ABIERTA EN RAMO X 9 40 CM;600;7.87;;40 CM;Rosa;;ADORNO;-;Ramo;Ramo;9
RYG10-212;FLOR ARTIFICIAL ROSA DIAMANTE EN RAMO X 9 40 CM;600;8.67;;40 CM;Rosa;;ADORNO;-;Ramo;Ramo;9
RYG10-213;FLOR ARTIFICIAL ROSA PIRAMIDE EN RAMO X 9 40 CM;600;8.67;;40 CM;Rosa;;ADORNO;-;Ramo;Ramo;9
RYG12-214;FLOR ARTIFICIAL ROSA BOTON EN RAMO X 12 40 CM;600;11.74;;40 CM;Rosa;;ADORNO;-;Ramo;Ramo;12
RYG12-215;FLOR ARTIFICIAL ROSA BOTON OTOÑAL EN RAMO X 12 40 CM;600;11.74;;40 CM;Rosa;;ADORNO;-;Ramo;Ramo;12
RYG5-101;FLOR ARTIFICIAL EN RAMO X 5 35 CM;600;4.27;;35 CM;-;;ADORNO;-;Ramo;Ramo;5
MP-01;FLORERO PLASTICO 20*30 CM;400;5.76;;20*30 CM;-;;ADORNO;Plastico;Florero;Florero;-
MP-02;FLORERO PLASTICO 28*35 CM;400;6.02;;28*35 CM;-;;ADORNO;Plastico;Florero;Florero;-
RUY-01;FLOR ARTIFICIAL DE AVISPA EN RAMO X 9 CABEZAS 36 CM;1,800;3.43;;36 CM;-;;ADORNO;-;Ramo;Ramo;9
RUY-02;FLOR ARTIFICIAL TULIPAN EN RAMO X 9 CABEZAS 36 CM;1,200;3.43;;36 CM;Tulipan;;ADORNO;-;Ramo;Ramo;9
RUY-03;FLOR ARTIFICIAL DE AVISPA EN RAMO X 9 CABEZAS 48 CM;1,476;4.4;;48 CM;-;;ADORNO;-;Ramo;Ramo;9
RUY-04;FLOR ARTIFICIAL TULIPAN EN RAMO X 9 CABEZAS 48 CM;984;4.4;;48 CM;Tulipan;;ADORNO;-;Ramo;Ramo;9
RUY-05;FLOR ARTIFICIAL ROSA ESTRELLA ABIERTA EN VARA 50 CM;1,152;1.82;;50 CM;Rosa;;ADORNO;-;Vara;Vara;1
RUY-06;FLOR ARTIFICIAL ROSA MISTER ABIERTA EN VARA 50 CM;1,152;1.82;;50 CM;Rosa;;ADORNO;-;Vara;Vara;1
RUY-07;FLOR ARTIFICIAL ROSA ABIERTA CON BOTON EN VARA X 3 CABEZAS 48 CM;768;2.68;;48 CM;Rosa;;ADORNO;-;Vara;Vara;3
RUY-08;FLOR ARTIFICIAL ROSA ABIERTA EN VARA X 3 CABEZAS 48 CM;768;2.68;;48 CM;Rosa;;ADORNO;-;Vara;Vara;3
RUY-09;FLOR ARTIFICIAL ROSA ABIERTA CON HOJAS LARGAS EN RAMO X 6 CABEZAS 45 CM;192;10.63;;45 CM;Rosa;;ADORNO;-;Ramo;Ramo;6
RUY-10;FLOR ARTIFICIAL ROSA ABIERTA EN RAMO X 6 CABEZAS 45 CM;192;10.63;;45 CM;Rosa;;ADORNO;-;Ramo;Ramo;6
RUY-11;FLOR ARTIFICIAL ROSA ABIERTA CON FOLLAJE EN RAMO X 6 CABEZAS 48 CM;192;10.63;;48 CM;Rosa;;ADORNO;-;Ramo;Ramo;6
RUY-12;FLOR ARTIFICIAL ROSA ABIERTA ESTRELLA EN RAMO X 6 CABEZAS 48 CM;192;10.63;;48 CM;Rosa;;ADORNO;-;Ramo;Ramo;6
RUY-13;FLOR ARTIFICIAL ROSA GUADALUPE EN VARA 45 CM;1,152;1.93;;45 CM;Rosa;;ADORNO;-;Vara;Vara;1
RUY-14;FLOR ARTIFICIAL ROSA UNITARIO EN VARA 45 CM;1,152;1.93;;45 CM;Rosa;;ADORNO;-;Vara;Vara;1
GGO-01;FLOR ARTIFICIAL ESPADA EN RAMO X 5 CABEZAS 73 CM;720;4.83;;73 CM;-;;ADORNO;-;Ramo;Ramo;5
GGO-02;FLOR ARTIFICIAL GLADIOLO EN RAMO X 5 CABEZAS 73 CM;720;4.83;;73 CM;-;;ADORNO;-;Ramo;Ramo;5
RYG9-J-02;FLOR ARTIFICIAL LIRIO DE AGUA EN VARA X 5 CABEZAS 110 CM;900;6.44;;110 CM;Lirio;;ADORNO;-;Vara;Vara;5
CR-02;FLOR ARTIFICIAL CARTUCHO EN VARA X 5 CABEZAS 110 CM;900;6.44;;110 CM;-;;ADORNO;-;Vara;Vara;5
GRS7-03;FLOR ARTIFICIAL FLOR DE ESCUDO EN RAMO X 7 CABEZAS 43 CM;480;9.12;;43 CM;-;;ADORNO;-;Ramo;Ramo;7
GRS7-04;FLOR ARTIFICIAL GIRASOL EN RAMO X 7 CABEZAS 43 CM;240;9.12;;43 CM;Girasol;;ADORNO;-;Ramo;Ramo;7
GRS20-05;FLOR ARTIFICIAL MAIZ DE TEJA EN RAMO X 40 MINI CABEZAS 38 CM ;768;4.19;;38 CM;-;;ADORNO;-;Ramo;Ramo;40
GRS20-06;FLOR ARTIFICIAL MINI GIRASOL  EN RAMO X 40 CABEZAS 38 CM;384;4.19;;38 CM;Girasol;;ADORNO;-;Ramo;Ramo;40
GRS20-07;FLOR ARTIFICIAL MARAVILLA EN RAMO X 5 CABEZAS 39 CM (GRS5-07);1,248;6.65;;39 CM;-;;ADORNO;-;Ramo;Ramo;5
GRS20-08;FLOR ARTIFICIAL GIRASOL EN RAMO X 5 CABEZAS 39 CM (GRS5-08);624;6.65;;39 CM;Girasol;;ADORNO;-;Ramo;Ramo;5
GRS20-09;FLOR ARTIFICIAL MIRASOL CON FOLLAJE EN RAMO X 10 CABEZAS 38 CM (GRS10-09);552;6.01;;38 CM;-;;ADORNO;-;Ramo;Ramo;10
GRS20-10;FLOR ARTIFICIAL GIRASOL EN RAMO X 10 CABEZAS 38 CM (GRS10-10);276;6.01;;38 CM;Girasol;;ADORNO;-;Ramo;Ramo;10
GRS20-11;FLOR ARTIFICIAL DEL SOL EN RAMO COLGANTE 60 CM (GRS-CO11);480;11.81;;60 CM;-;;ADORNO;-;Ramo;Ramo;1
GRS20-12;FLOR ARTIFICIAL GIRASOL EN RAMO COLGANTE 60 CM (GRS-CO12);240;11.81;;60 CM;Girasol;;ADORNO;-;Ramo;Ramo;1
LJ-120H;REJA DE HOJAS ARTIFICIALES X 1.20 MTS;1,920;24.17;;1.20 MTS;-;;ADORNO;-;Reja;Reja;1
EL-130;HOJA ARTIFICIAL DE FRONDAS GRANDE 1.30 MTS;216;30.06;;1.30 MTS;-;;ADORNO;-;-;-;-
EL-131;HOJA ARTIFICIAL DE HELECHO GRANDE 1.30 MTS;144;30.06;;1.30 MTS;-;;ADORNO;-;-;-;-
MH5-01;FLOR ARTIFICIAL DE AVISPA EN VARA X 5 CABEZAS 100 CM;1,440;4.08;;100 CM;-;;ADORNO;-;Vara;Vara;5
MH5-02;FLOR ARTIFICIAL TULIPAN EN VARA X 5 CABEZAS 100 CM;960;4.08;;100 CM;Tulipan;;ADORNO;-;Vara;Vara;5
MH8-01;FLOR ARTIFICIAL ZAPATILLA DE DAMA EN VARA 95 CM;1,920;2.15;;95 CM;-;;ADORNO;-;Vara;Vara;1
MH8-02;FLOR ARTIFICIAL ORQUIDEA MARIPOSA EN VARA 95 CM;960;2.15;;95 CM;Orquidea;;ADORNO;-;Vara;Vara;1
MH9-01;FLOR ARTIFICIAL DE AVISPA EN RAMO X 9 CABEZAS 70 CM;720;11.38;;70 CM;-;;ADORNO;-;Ramo;Ramo;9
MH9-02;FLOR ARTIFICIAL TULIPAN EN RAMO X 9 CABEZAS 70 CM;720;11.38;;70 CM;Tulipan;;ADORNO;-;Ramo;Ramo;9
RON-01;HOJA ARTIFICIAL FRONDAS CHICO EN RAMO X 18 HOJAS 36 CM;1,500;8.05;;36 CM;-;;ADORNO;-;Ramo;Ramo;18
RON-02;HOJA ARTIFICIAL DE HELECHO CHICO EN RAMO X 18 HOJAS 36 CM;900;8.05;;36 CM;-;;ADORNO;-;Ramo;Ramo;18
RON-03;HOJA ARTIFICIAL FRONDAS MEDIANO EN RAMO X 18 HOJAS 55 CM;600;9.12;;55 CM;-;;ADORNO;-;Ramo;Ramo;18
RON-04;HOJA ARTIFICIAL DE HELECHO MEDIANO EN RAMO X 18 HOJAS 55 CM;300;9.12;;55 CM;-;;ADORNO;-;Ramo;Ramo;18
RON-05;HOJA ARTIFICIAL FOLLAJE EN RAMO X 5 32 CM;2,400;2.15;;32 CM;-;;ADORNO;-;Ramo;Ramo;5
PUM-01;MACETERO PLASTICO 25*30 CM;260;4.64;;25*30 CM;-;;ADORNO;Plastico;Macetero;Macetero;-
PUM-02;MACETERO PLASTICO 28*35 CM;140;4.85;;28*35 CM;-;;ADORNO;Plastico;Macetero;Macetero;-
PUM-03;MACETERO PLASTICO 35*36 CM;20;5.61;;35*36 CM;-;;ADORNO;Plastico;Macetero;Macetero;-
PUM-06;FLORERO PLASTICO 12*10 CM;585;2.01;;12*10 CM;-;;ADORNO;Plastico;Florero;Florero;-
PUM-07;FLORERO PLASTICO 15*8 CM;720;1.11;;15*8 CM;-;;ADORNO;Plastico;Florero;Florero;-
PUM-08;FLORERO PLASTICO 10*10 CM;360;2.28;;10*10 CM;-;;ADORNO;Plastico;Florero;Florero;-
QQ5-01;FLOR ARTIFICIAL PETUNIA EN RAMO X 5 CABEZAS 42 CM;1,224;4.83;;42 CM;-;;ADORNO;-;Ramo;Ramo;5
QQ5-02;FLOR ARTIFICIAL HORTENSIA EN RAMO X 5 CABEZAS 42 CM;816;4.83;;42 CM;Hortensia;;ADORNO;-;Ramo;Ramo;5
SOY5-01;FLOR ARTIFICIAL ROSA BOTON CON MARGARITA EN RAMO X 5 30 CM;2,880;2.3;;30 CM;Rosa;;ADORNO;-;Ramo;Ramo;5
SOY5-02;FLOR ARTIFICIAL ROSA BOTON CON MARGARITA Y FOLLAJE EN RAMO X 5 30 CM;2,880;2.3;;30 CM;Rosa;;ADORNO;-;Ramo;Ramo;5
SOY5-03;FLOR ARTIFICIAL MARGARITA CON CRISANTEMO EN RAMO X 5 30 CM;2,880;2.11;;30 CM;Margarita;;ADORNO;-;Ramo;Ramo;5
SOY5-04;FLOR ARTIFICIAL MARGARITA CON CRISANTEMO Y FOLLAJE EN RAMO X 5 30 CM;2,880;2.11;;30 CM;Margarita;;ADORNO;-;Ramo;Ramo;5
SOY5-05;FLOR ARTIFICIAL MARGARITA CON POMPOM EN RAMO X 7 30 CM;1,800;2.78;;30 CM;Margarita;;ADORNO;-;Ramo;Ramo;7
SOY5-06;FLOR ARTIFICIAL MARGARITA CON POMPOM Y FOLLAJE EN RAMO X 7 30 CM;1,800;2.78;;30 CM;Margarita;;ADORNO;-;Ramo;Ramo;7
SOY5-07;FLOR ARTIFICIAL ROSITA EN RAMO X 7 30 CM;1,800;2.53;;30 CM;Rosita;;ADORNO;-;Ramo;Ramo;7
SOY5-08;FLOR ARTIFICIAL ROSITA FINA EN RAMO X 7 30 CM;1,800;2.53;;30 CM;Rosita;;ADORNO;-;Ramo;Ramo;7
SOY5-09;FLOR ARTIFICIAL MARGARITA  EN RAMO X 7 30 CM;2,400;2.42;;30 CM;Margarita;;ADORNO;-;Ramo;Ramo;7
SOY5-10;FLOR ARTIFICIAL MARGARITA CON FOLLAJE EN RAMO X 7 30 CM;2,400;2.42;;30 CM;Margarita;;ADORNO;-;Ramo;Ramo;7
SOY5-11;FLOR ARTIFICIAL ROSITA TE  EN RAMO X 7 30 CM;1,800;3.09;;30 CM;Rosita;;ADORNO;-;Ramo;Ramo;7
SOY5-12;FLOR ARTIFICIAL ROSITA TE  FINA EN RAMO X7 30CM;1,800;3.09;;30CM;Rosita;;ADORNO;-;Ramo;Ramo;7
LTX-01;FLOR ARTIFICIAL CARTUCHO EN VARA 30 CM;864;2.69;;30 CM;-;;ADORNO;-;Vara;Vara;1
LTX-02;FLOR ARTIFICIAL CARTUCHO FINO EN VARA 30 CM;576;2.69;;30 CM;-;;ADORNO;-;Vara;Vara;1
LTX-03;FLOR ARTIFICIAL TULIPAN EN RAMO X 9 33 CM;432;10.77;;33 CM;Tulipan;;ADORNO;-;Ramo;Ramo;9
LTX-04;FLOR ARTIFICIAL TULIPAN FINO EN BOUQUET X 9 33 CM;432;10.77;;33 CM;Tulipan;;ADORNO;-;Bouquet;Bouquet;9
RYG9-J-02;FLOR ARTIFICIAL TULIPAN EN VARA X 1 38 CM;1,080;2.42;;38 CM;Tulipan;;ADORNO;-;Vara;Vara;1
LTX-06;FLOR ARTIFICIAL TULIPAN FINO EN VARA X 1 38 CM;1,080;2.42;;38 CM;Tulipan;;ADORNO;-;Vara;Vara;1
LTX-07;FLOR ARTIFICIAL AVE DEL PARAISO EN VARA X 1 59 CM;2,400;2.42;;59 CM;-;;ADORNO;-;Vara;Vara;1
LTX-08;FLOR ARTIFICIAL AVE DEL PARAISO FINA EN VARA X 1 59 CM;1,200;2.42;;59 CM;-;;ADORNO;-;Vara;Vara;1
LTX-09;FLOR ARTIFICIAL EN VARA TULIPAN MEDIANO 60 CM;864;3.66;;60 CM;Tulipan;;ADORNO;-;Vara;Vara;1
LTX-10;FLOR ARTIFICIAL EN VARA TULIPAN COLORES MEDIANO 60 CM;864;3.66;;60 CM;Tulipan;;ADORNO;-;Vara;Vara;1
RYG5-201;FLOR ARTIFICIAL ROSA ABIERTA EN RAMO X 5 35 CM;3,000;3.4;;35 CM;Rosa;;ADORNO;-;Ramo;Ramo;5
RYG5-202;FLOR ARTIFICIAL ROSA ABIERTA CON FOLLAJE EN RAMO X 5 35 CM;3,000;3.4;;35 CM;Rosa;;ADORNO;-;Ramo;Ramo;5
RYG5-203;FLOR ARTIFICIAL ROSA BOTON EN RAMO X 5 35 CM;3,000;3.87;;35 CM;Rosa;;ADORNO;-;Ramo;Ramo;5
RYG5-204;FLOR ARTIFICIAL ROSA BOTON CON FOLLAJE EN RAMO X 5 35 CM;3,000;3.87;;35 CM;Rosa;;ADORNO;-;Ramo;Ramo;5
RYG9-210;FLOR ARTIFICIAL ROSA EN RAMO X 9 40 CM;1,050;12.32;"ROJO
ROSADO
MELON
BLANCO";40 CM;Rosa;SI;ADORNO;-;Ramo;Ramo con Follaje;9
RYG9-211;FLOR ARTIFICIAL ROSA EN RAMO CON FOLLAJE X 9 40 CM;450;12.32;;40 CM;Rosa;;ADORNO;-;Ramo;Ramo;9
RYG10-212;FLOR ARTIFICIAL ROSA BICOLOR EN RAMO X 9 40 CM;1,200;6.24;;40 CM;Rosa;;ADORNO;-;Ramo;Ramo;9
RYG10-213;FLOR ARTIFICIAL ROSA BICOLOR CON FOLLAJE EN RAMO X 9 40 CM;1,200;6.24;;40 CM;Rosa;;ADORNO;-;Ramo;Ramo;9
RYG9-234;FLOR ARTIFICIAL ROSA EN RAMO X 11 40 CM;1,260;4.33;;40 CM;Rosa;;ADORNO;-;Ramo;Ramo;11
RYG9-235;FLOR ARTIFICIAL ROSA EN RAMO CON FOLLAJE FLOREADO X 11 40 CM;540;4.33;;40 CM;Rosa;;ADORNO;-;Ramo;Ramo;11
RYG11-703;FLOR ARTIFICIAL TALIA EN RAMO X 11 45 CM;1,080;10.57;;45 CM;-;;ADORNO;-;Ramo;Ramo;11
SDSH-01;PLANTA ARTIFICIAL CON FLORES 1,70 MTS;54;72.37;;1,70 MTS;-;;ADORNO;-;Planta;Planta;-
SDSH-02;PLANTA ARTIFICIAL CON GIRASOLES 1,70 MTS;36;72.37;;1,70 MTS;Girasol;;ADORNO;-;Planta;Planta;-
SDSH-03;PLANTA ARTIFICIAL CON FLORES ROJAS 1,70 MTS;36;88.45;;1,70 MTS;-;;ADORNO;-;Planta;Planta;-
SDSH-04;PLANTA ARTIFICIAL CON FLORES EXOTICAS 1,70 MTS;24;88.45;;1,70 MTS;-;;ADORNO;-;Planta;Planta;-
SDSH-05;PLANTA ARTIFICIAL CON 15 HOJAS 1,20 MTS;24;67.42;;1,20 MTS;-;;ADORNO;-;Planta;Planta;-
JEM-01;ADORNO GEMAS DE COLORES PARA FLORERO;2,500;1.24;;-;-;;ADORNO;-;Adorno;Adorno;-
JEM-03;ADORNO GEMAS TRANSPARENTES PARA FLORERO;1,250;1.92;;-;-;;ADORNO;-;Adorno;Adorno;-
JEM-05;ADORNO GEMAS COLOR NATURAL PARA FLORERO;2,500;0.68;;-;-;;ADORNO;-;Adorno;Adorno;-
YD-01;HOJA  ARTIFICIAL DE RAMO X 9 TIPO SAGITADA 40 CM ;800;5.05;;40 CM;-;;ADORNO;-;Ramo;Ramo;9
YD-02;HOJA ARTIFICIAL DE RAMO  X 9 TIPO LANCEOLADAS 40 CM ;400;5.05;;40 CM;-;;ADORNO;-;Ramo;Ramo;9
YD-03;HOJA ARTIFICIAL DE RAMO  X 9 TIPO OREJA ELEFANTE 40 CM ;800;5.05;;40 CM;-;;ADORNO;-;Ramo;Ramo;9
YD-04;HOJA ARTIFICIAL DE RAMO  X 9 TIPO CEBRA 40 CM ;400;5.05;;40 CM;-;;ADORNO;-;Ramo;Ramo;9
YD-05;PLANTA ARTIFICIAL DE HOJA  X 9   ESTRELLA 1.60 MTS ;24;72.47;;1.60 MTS;-;;ADORNO;-;Planta;Planta;9
YD-06;PLANTA ARTIFICIAL DE HOJA  X 9 TIPO  CHIFLERA 1.60 MTS ;12;72.65;;1.60 MTS;-;;ADORNO;-;Planta;Planta;9
YD-07;PLANTA ARTIFICIAL DE HOJA  X 9 TIPO  ESTRELLA 1.80 MTS ;24;98.51;;1.80 MTS;-;;ADORNO;-;Planta;Planta;9
YD-08;PLANTA ARTIFICIAL DE HOJA  X 9 TIPO  MANO  1.80 MTS ;12;98.51;;1.80 MTS;-;;ADORNO;-;Planta;Planta;9
YD-09;PLANTA ARTIFICIAL DE HOJA  X 3 TALLO TIPO 1.50 MTS ;20;65.68;;1.50 MTS;-;;ADORNO;-;Planta;Planta;3
YD-10;PLANTA ARTIFICIAL DE HOJA  DE ELEFANTE  1.50 MTS ;10;65.68;;1.50 MTS;-;;ADORNO;-;Planta;Planta;-
YD-11;PLANTA ARTIFICIAL DE HOJA FAIRYZA 1.40 MTS ;48;56.02;;1.40 MTS;-;;ADORNO;-;Planta;Planta;-
YD-12;PLANTA ARTIFICIAL DE HOJA X13 1.40 MTS ;24;56.02;;1.40 MTS;-;;ADORNO;-;Planta;Planta;13
YD-13;PLANTA ARTIFICIAL DE HOJA PALMERA CHICO 1.10 MTS CON BASE;24;35.77;;1.10 MTS;-;;ADORNO;-;Planta;Planta;-
YD-14;PLANTA ARTIFICIAL DE HOJA PALMERA X 7 HOJA 1.10 MTS CON BASE;16;35.77;;1.10 MTS;-;;ADORNO;-;Planta;Planta;7
YD-15;PLANTA ARTIFICIAL DE HOJA PALMERA MEDIANO  1.40 MTS CON BASE;18;77.27;;1.40 MTS;-;;ADORNO;-;Planta;Planta;-
YD-16;PLANTA ARTIFICIAL DE HOJA PALMERA X 7 HOJA 1.40 MTS CON BASE;12;77.27;;1.40 MTS;-;;ADORNO;-;Planta;Planta;7
RYG9-J-02;PLANTA ARTIFICIAL DE HOJA PALMERA  DE COCO 1.60 MTS CON BASE;18;77.27;;1.60 MTS;-;;ADORNO;-;Planta;Planta;-
YD-18;PLANTA ARTIFICIAL DE HOJA PALMERA  X 10 HOJA 1.60 MTS CON BASE;12;77.27;;1.60 MTS;-;;ADORNO;-;Planta;Planta;10
YD-19;PLANTA ARTIFICIAL DE HOJA PALMERA  DE 4 TALLO 1.70 MTS CON BASE;12;111.1;;1.70 MTS;-;;ADORNO;-;Planta;Planta;-
YD-20;PLANTA ARTIFICIAL DE HOJA PALMERA  X 12 HOJA 1.70 MTS CON BASE;8;111.1;;1.70 MTS;-;;ADORNO;-;Planta;Planta;12
YD-21;PLANTA ARTIFICIAL DE HOJA   BRASIL 90 CM ;100;27.04;;90 CM;-;;ADORNO;-;Planta;Planta;-
YD-22;PLANTA ARTIFICIAL DE HOJA  LANGUA 90 CM ;50;27.04;;90 CM;-;;ADORNO;-;Planta;Planta;-
YD-23;PLANTA ARTIFICIAL DE BRASIL 1.70 MTS CON BASE;32;82.13;;1.70 MTS;-;;ADORNO;-;Planta;Planta;-
YD-24;PLANTA ARTIFICIAL DE DE 3TALLO 1.70 MTS CON BASE;16;82.13;;1.70 MTS;-;;ADORNO;-;Planta;Planta;-
YD-25;"PLANTA ARTIFICIAL DE HOJA TIPO ARCO IRIS MEDIANA DE 11 HOJAS 1.20 MTS CON BASE
";18;111.1;;1.20 MTS;-;;ADORNO;-;Planta;Planta;-
YD-26;"PLANTA ARTIFICIAL DE HOJA TIPO ARCO IRIS MEDIANA DE 11 HOJAS 1.20 MTS CON BASE
";12;111.1;;1.20 MTS;-;;ADORNO;-;Planta;Planta;-
YD-27;"PLANTA ARTIFICIAL DE HOJA TIPO ARCO IRIS MEDIANA DE 9 HOJAS 0,9 MTS CON BASE
";18;56.02;;0,9 MTS;-;;ADORNO;-;Planta;Planta;-
YD-28;"PLANTA ARTIFICIAL DE HOJA TIPO ARCO IRIS MEDIANA DE 9 HOJAS 0,9 MTS CON BASE
";12;56.02;;0,9 MTS;-;;ADORNO;-;Planta;Planta;-
YD-29;"PLANTA ARTIFICIAL DE HOJA TIPO ARCO IRIS MEDIANA DE 6 HOJAS 0,73 MTS CON BASE
";24;36.7;;0,73 MTS;-;;ADORNO;-;Planta;Planta;-
YD-30;"PLANTA ARTIFICIAL DE HOJA TIPO ARCO IRIS MEDIANA DE 6 HOJAS 0,73 MTS CON BASE
";16;36.7;;0,73 MTS;-;;ADORNO;-;Planta;Planta;-
YD-31;"PLANTA ARTIFICIAL DE HOJA TIPO COSTILLA DE ADAN  0,73 MTS CON BASE
";18;56.02;;0,73 MTS;-;;ADORNO;-;Planta;Planta;-
YD-32;"PLANTA ARTIFICIAL DE HOJA  X9 HOJAS 0,73 MTS CON BASE
";12;56.02;;0,73 MTS;-;;ADORNO;-;Planta;Planta;9
YD-33;"PLANTA ARTIFICIAL DE HOJA  X9 HOJAS 0,9 MTS CON BASE
";24;65.68;;0,9 MTS;-;;ADORNO;-;Planta;Planta;9
YD-34;"PLANTA ARTIFICIAL DE HOJA  TIPO PARMA  0,9MTS CON BASE
";16;65.68;;0,9MTS;-;;ADORNO;-;Planta;Planta;-
GS-01;PLANTA ARTIFICIA LDE HOJA  ABANICO 1.40 MTS ;12;115.9;;1.40 MTS;-;;ADORNO;-;Planta;Planta;-
GS-02;PLANTA ARTIFICIA LDE HOJA X 2 TALLO  1.40 MTS ;12;115.9;;1.40 MTS;-;;ADORNO;-;Planta;Planta;2
GS-03;PLANTA ARTIFICIAL DE HOJA  AMAPOLA 1.70 MTS 1.7m;30;117.83;;1.70 MTS;-;;ADORNO;-;Planta;Planta;-
GS-04;PLANTA ARTIFICIAL DE HOJA X 5 TALLO 1.70 MTS 1.7m;30;117.83;;1.70 MTS;-;;ADORNO;-;Planta;Planta;5
GS-05;PLANTA ARTIFICIAL CON FLOR   LIRIO DE 5 PUNTAS 1.60 MTS ;36;91.78;;1.60 MTS;Lirio;;ADORNO;-;Planta;Planta;-
GS-06;PLANTA ARTIFICIAL CON FLOR TIPO  CARTUCHO DE 5 PUNTAS 1.60 MTS ;36;91.78;;1.60 MTS;-;;ADORNO;-;Planta;Planta;-
GS-07;PLANTA ARTIFICIAL CON FLORES TIPO MANZANA 1.70 MTS BLANCO ;12;137.21;;1.70 MTS;-;;ADORNO;-;Planta;Planta;-
GS-08;PLANTA ARTIFICIAL CON FLORES  MANZANA 1.70 MTS ROSADO;12;137.21;;1.70 MTS;Rosa;;ADORNO;-;Planta;Planta;-
GS-09;PLANTA ARTIFICIAL CON FLORES  MANZANA 1.70 MTS FUCSIA;12;137.21;;1.70 MTS;-;;ADORNO;-;Planta;Planta;-
GS-10;PLANTA ARTIFICIAL DE HOJA  TIPO CEPOLLA 190 MTS HOJA PRIMAVERA;60;72.47;;190 MTS;-;;ADORNO;-;Planta;Planta;-
GS-11;PLANTA ARTIFICIAL DE HOJA   CEPOLLA 190 MTS HOJA HOTONAL;40;72.47;;190 MTS;-;;ADORNO;-;Planta;Planta;-
TUY12-01;FLOR ARTIFICIAL EN RAMO X12 41CM;4,200;4.15;;41CM;-;;ADORNO;-;Ramo;Ramo;12
TUY12-02;FLOR ARTIFICIAL EN RAMO X12 41CM;1,800;4.15;;41CM;-;;ADORNO;-;Ramo;Ramo;12
TUY5-03;FLOR ARTIFICIAL EN VARA X5 36CM;8,400;2.37;;36CM;-;;ADORNO;-;Vara;Vara;5
TUY5-04;FLOR ARTIFICIAL EN VARA X5 36CM;3,600;2.37;;36CM;-;;ADORNO;-;Vara;Vara;5
TUY20-07;FLOR ARTIFICIAL EN RAMO X5 47CM;4,200;3.29;;47CM;-;;ADORNO;-;Ramo;Ramo;5
TUY20-08;FLOR ARTIFICIAL EN RAMO X5 47CM;1,800;3.29;;47CM;-;;ADORNO;-;Ramo;Ramo;5
TUY7-09;FLOR ARTIFICIAL EN RAMO X7 34CM;4,200;2.71;;34CM;-;;ADORNO;-;Ramo;Ramo;7
TUY7-10;FLOR ARTIFICIAL EN RAMO X 7 34 CM;1,800;2.71;;34 CM;-;;ADORNO;-;Ramo;Ramo;7
TUY7-11;FLOR ARTIFICIAL EN RAMO X 7 39 CM;4,200;1.79;;39 CM;-;;ADORNO;-;Ramo;Ramo;7
TUY7-12;FLOR ARTIFICIAL EN RAMO X 7 39 CM;1,800;1.79;;39 CM;-;;ADORNO;-;Ramo;Ramo;7
TUY7-13;FLOR ARTICICIAL EN RAMO X 7 36 CM;4,200;2.23;;36 CM;-;;ADORNO;-;Ramo;Ramo;7
TUY7-14;FLOR ARTIFICIAL EN RAMO X 7 36 CM;1,800;2.23;;36 CM;-;;ADORNO;-;Ramo;Ramo;7
TUY7-15;FLOR ARTIFICIAL EN RAMO X 7 37 CM;4,200;2.84;;37 CM;-;;ADORNO;-;Ramo;Ramo;7
TUY7-16;FLOR ARTIFICIAL EN RAMO X 7 37 CM;1,800;2.84;;37 CM;-;;ADORNO;-;Ramo;Ramo;7
TUY7-17;TALLO ARTIFICIAL EN RAMO X 7  46 CM;2,988;1.06;;46 CM;-;;ADORNO;-;Ramo;Ramo;7
YQP-01;PASE PLASTICO PARA CORONA 40CM;1,200;1.93;;40CM;-;;ADORNO;Plastico;Corona;Corona;-
YQR-35;PASE PLASTICO PARA CORONA 35CM;1,200;1.55;;35CM;-;;ADORNO;Plastico;Corona;Corona;-
YQR-50;PASE PLASTICO PARA CORONA 50CM;960;2.41;;50CM;-;;ADORNO;Plastico;Corona;Corona;-
YQS-30;PASE PLASTICO PARA CORONA 30CM;960;1.26;;30CM;-;;ADORNO;Plastico;Corona;Corona;-
YQS-60;PASE PLASTICO PARA CORONA 60CM;960;2.12;;60CM;-;;ADORNO;Plastico;Corona;Corona;-
YQC-01;HOJA PLASTICO SOLO;1,560;1.77;;-;-;;ADORNO;Plastico;-;-;-
YQS-02;HOJA PLASTICO SOLO;300;3.86;;-;-;;ADORNO;Plastico;-;-;-
YQS-03;HOJAS ARTIFICIALES DE PRIMAVERA OSCURA ;12,000;0.31;;-;-;;ADORNO;-;-;-;-
YQS-04;HOJAS ARTIFICIALES DE PRIMAVERA ;12,000;0.31;;-;-;;ADORNO;-;-;-;-
YQ10-01;FLOR ARTIFICIAL EN RAMO X 10  4CM;3,120;4.06;;4CM;-;;ADORNO;-;Ramo;Ramo;10
YQ10-02;FLOR ARTIFICIAL EN RAMO X 10  4CM;3,600;4.74;;4CM;-;;ADORNO;-;Ramo;Ramo;10
YQ10-03;FLOR ARTIFICIAL EN RAMO X 10  4CM;3,600;4.44;;4CM;-;;ADORNO;-;Ramo;Ramo;10
YQ7-04;FLOR ARTIFICIAL EN RAMO X7  4CM;5,400;2.32;;4CM;-;;ADORNO;-;Ramo;Ramo;7
FUB-01;BASE DE FONDO DE PANEL DECORATIVO 30*30 CM ;6,032;5.3;;30*30 CM;-;;ADORNO;-;Panel;Panel;-
FUB-02;PIEZAS PARA PANEL DECORATIVO, DE COLORES. PARA FIESTAS;100;333.3;;-;-;;ADORNO;-;Panel;Panel;-
RYG5-206;FLOR ARTIFICIAL ROSA PRIMAVERAL EN RAMO X 5 35 CM;3,000;3.54;;35 CM;Rosa;;ADORNO;-;Ramo;Ramo;5
RYG5-207;FLOR ARTIFICIAL ROSA FELICIDAD EN RAMO X 5 35CM;3,000;3.54;;35CM;Rosa;;ADORNO;-;Ramo;Ramo;5
RYG9-208;FLOR ARTIFICIAL ROSA ALEGRE EN RAMO X 9 40 CM;2,400;5.97;;40 CM;Rosa;;ADORNO;-;Ramo;Ramo;9
RYG9-209;FLOR ARTIFICIAL ROSA ABIERTA EN RAMO X 9 40 CM;1,200;5.97;;40 CM;Rosa;;ADORNO;-;Ramo;Ramo;9
RYG12-214;FLOR ARTIFICIAL ROSA BOTON EN RAMO X 12 40 CM;1,800;8.91;;40 CM;Rosa;;ADORNO;-;Ramo;Ramo;12
RYG12-215;FLOR ARTIFICIAL ROSA BOTON OTOÑAL EN RAMO X 12 40 CM;1,800;8.91;;40 CM;Rosa;;ADORNO;-;Ramo;Ramo;12
RYG12-216;FLOR ARTIFICIAL ROSA VICTORIA EN RAMO X 12 40 CM;300;14.16;;40 CM;Rosa;;ADORNO;-;Ramo;Ramo;12
RYG12-217;FLOR ARTIFICIAL ROSA ILUSION EN RAMO X 12 40 CM;300;14.16;;40 CM;Rosa;;ADORNO;-;Ramo;Ramo;12
RYG11-218;FLOR ARTIFICIAL ROSA CAPULLO EN RAMO X 11 40 CM;450;13.66;;40 CM;Rosa;;ADORNO;-;Ramo;Ramo;11
RYG11-219;FLOR ARTIFICIAL ROSA CATEDRAL EN RAMO X 11 40 CM;300;13.66;;40 CM;Rosa;;ADORNO;-;Ramo;Ramo;11
RYG11-220;FLOR ARTIFICIAL ROSA DE VENECIA EN RAMO X 11 40 CM;450;13.66;;40 CM;Rosa;;ADORNO;-;Ramo;Ramo;11
RYG11-221;FLOR ARTIFICIAL ROSA DE PARIS EN RAMO X 11 40 CM;300;13.66;;40 CM;Rosa;;ADORNO;-;Ramo;Ramo;11
RYG11-222;FLOR ARTIFICIAL ROSA FRANCESA EN RAMO X 11 40 CM;540;14.06;;40 CM;Rosa;;ADORNO;-;Ramo;Ramo;11
RYG11-223;FLOR ARTIFICIAL ROSA COREANA EN RAMO X 11 40 CM;360;14.06;;40 CM;Rosa;;ADORNO;-;Ramo;Ramo;11
RYG10-224;FLOR ARTIFICIAL ROSA DE GINEBRA EN RAMO X 10 40 CM;450;12.14;;40 CM;Rosa;;ADORNO;-;Ramo;Ramo;10
RYG10-225;FLOR ARTIFICIAL ROSA DE LA INDIA EN RAMO X 10 40 CM;300;12.14;;40 CM;Rosa;;ADORNO;-;Ramo;Ramo;10
RYG11-226;FLOR ARTIFICIAL ROSA OTOÑAL EN RAMO X 11 40 CM;540;13.15;;40 CM;Rosa;;ADORNO;-;Ramo;Ramo;11
RYG11-227;FLOR ARTIFICIAL ROSA JAPONESA EN RAMO X 11 40 CM;360;13.15;;40 CM;Rosa;;ADORNO;-;Ramo;Ramo;11
RYG9-228;FLOR ARTIFICIAL ROSA MEXICANA EN RAMO X 9 40 CM;540;13.35;;40 CM;Rosa boton;;ADORNO;-;Ramo;Ramo;9
RYG9-229;FLOR ARTIFICIAL ROSA TAILANDESA EN RAMO X 9 40 CM;360;13.35;;40 CM;Rosa;;ADORNO;-;Ramo;Ramo;9
RYG18-230;FLOR ARTIFICIAL ROSA DEL AFRICA PRIMAVERAL EN RAMO X 18 40CM;600;13.96;;40CM;Rosa;;ADORNO;-;Ramo;Ramo;18
RYG18-231;FLOR ARTIFICIAL ROSA DEL AFRICA OTOÑAL EN RAMO X 18 40CM;600;13.96;;40CM;Rosa;;ADORNO;-;Ramo;Ramo;18
RYG18-232;FLOR ARTIFICIAL ROSA DEL VALLE PRIMAVERAL EN RAMO X 18 40 CM;600;14.67;;40 CM;Rosa;;ADORNO;-;Ramo;Ramo;18
RYG18-233;FLOR ARTIFICIAL ROSA DEL VALLE OTOÑAL EN RAMO X 18 40 CM;600;14.67;;40 CM;Rosa;;ADORNO;-;Ramo;Ramo;18
RYG11-701;FLOR ARTIFICIAL PEONIA CHINA EN RAMO X 11 40 CM;750;14.16;;40 CM;Peonia;;ADORNO;-;Ramo;Ramo;11
RYG11-702;FLOR ARTIFICIAL PEONIA DEL PACIFICO EN RAMO X 11 40 CM;750;14.16;;40 CM;Peonia;;ADORNO;-;Ramo;Ramo;11
RYG11-703;FLOR ARTIFICIAL TALIA EN RAMO X 11 45 CM;540;11.13;;45 CM;-;;ADORNO;-;Ramo;Ramo;11
RYG11-704;FLOR ARTIFICIAL CRISANTEMO EN RAMO X 11 45 CM;900;11.13;;45 CM;Crisantemo;;ADORNO;-;Ramo;Ramo;11
RYG10-705;FLOR ARTIFICIAL TIPO BOMBITAS EN RAMO X 12 45 CM (RYG12-705);1,800;7.59;;45 CM;-;;ADORNO;-;Ramo;Ramo;12
RYG10-706;FLOR ARTIFICIAL TIPO  DIENTE DE LEON EN RAMO X 12 45 CM (RYG12-706);900;7.59;;45 CM;-;;ADORNO;-;Ramo;Ramo;12
RYG10-707;FLOR ARTIFICIAL ROSA ARCO IRIS EN RAMO X 10 45 CM;1,200;8.3;;45 CM;Rosa;;ADORNO;-;Ramo;Ramo;10
RYG10-708;FLOR ARTIFICIAL ROSA DEL PANTANO EN RAMO X 10 45 CM;600;8.3;;45 CM;Rosa;;ADORNO;-;Ramo;Ramo;10
RYG5-709;FLOR ARTIFICIAL ZINIA EN RAMO X 5 35 CM;1,500;3.24;;35 CM;-;;ADORNO;-;Ramo;Ramo;5
RYG5-710;FLOR ARTIFICIAL FELICIA EN RAMO X 5 35 CM;1,500;3.24;;35 CM;-;;ADORNO;-;Ramo;Ramo;5
RYG12-711;FLOR ARTIFICIAL CAPULLOS DE PERLA X 12 40 CM;1,800;8.91;;40 CM;-;;ADORNO;-;-;-;12
RYG12-712;FLOR ARTIFICIAL CAPULLOS DE DIAMANTE X 12 40 CM;600;8.91;;40 CM;-;;ADORNO;-;-;-;12
RYG6-J-01;FLOR ARTIFICIAL QUEEN ROSE X 6 40 CM ;120;10.12;;40 CM;-;;ADORNO;-;-;-;6
RYG6-J-01-01;FLOR ARTIFICIAL DEL LAGO AZUL X 6 40 CM;150;10.12;;40 CM;-;;ADORNO;-;-;-;6
RYG9-J-02;FLOR ARTIFICIAL ROSA RELAMPAGO X 9 40 CM;150;12.65;;40 CM;Rosa;;ADORNO;-;-;-;9
RYG9-J-03-R;FLOR ARTIFICIAL ROSA AMADA X 9 40 CM;240;11.63;;40 CM;Rosa;;ADORNO;-;-;-;9
RYG11-J-04;FLOR ARTIFICIAL ROSA HOLANDESA X 11 40 CM;600;12.65;;40 CM;Rosa;;ADORNO;-;-;-;11
JLP-21-01;FLORERO PLASTICO 9*6 CM;2,730;0.92;;9*6 CM;-;;ADORNO;Plastico;Florero;Florero;-
JLP-21-022;FLORERO PLASTICO 9*6 CM;420;0.92;;9*6 CM;-;;ADORNO;Plastico;Florero;Florero;-
JLP-1614;FLORERO PLASTICO 14*14*12 CM;2,600;2.15;;14*14*12 CM;-;;ADORNO;Plastico;Florero;Florero;-
JLP-1615F;FLORERO PLASTICO 14*14*12 CM;400;2.15;;14*14*12 CM;-;;ADORNO;Plastico;Florero;Florero;-
JLP-10514;FLORERO PLASTICO 9.5*13 CM;2,000;2.3;;9.5*13 CM;-;;ADORNO;Plastico;Florero;Florero;-
JLP-10515F;FLORERO PLASTICO 9.5*13 CM;400;2.3;;9.5*13 CM;-;;ADORNO;Plastico;Florero;Florero;-
JLP-13518;FLORERO PLASTICO 10.5*14 CM;3,000;1.92;;10.5*14 CM;-;;ADORNO;Plastico;Florero;Florero;-
JLP-13519F;FLORERO PLASTICO 11*14 CM;600;1.92;;11*14 CM;-;;ADORNO;Plastico;Florero;Florero;-
JLP-21-03;FLORERO PLASTICO 10*10 CM;3,380;1.77;;10*10 CM;-;;ADORNO;Plastico;Florero;Florero;-
JLP-21-04F;FLORERO PLASTICO 10*10 CM;520;1.77;;10*10 CM;-;;ADORNO;Plastico;Florero;Florero;-
JLP-1258;FLORERO PLASTICO 11.5*8*5 CM;1,200;1.07;;11.5*8*5 CM;-;;ADORNO;Plastico;Florero;Florero;-
JLP-1259F;FLORERO PLASTICO 11.5*8*5 CM;300;1.07;;11.5*8*5 CM;-;;ADORNO;Plastico;Florero;Florero;-
JLP-125;FLORERO PLASTICO 12.5*10.5 CM;1,560;2.15;;12.5*10.5 CM;-;;ADORNO;Plastico;Florero;Florero;-
JLP-126F;FLORERO PLASTICO 12.5*10.5 CM;240;2.15;;12.5*10.5 CM;-;;ADORNO;Plastico;Florero;Florero;-
JLP-105;FLORERO PLASTICO 10.5*6.8*4.5 CM;912;1.23;;10.5*6.8*4.5 CM;-;;ADORNO;Plastico;Florero;Florero;-
JLP-106F;FLORERO PLASTICO 10.5*6.8*4.5 CM;228;1.23;;10.5*6.8*4.5 CM;-;;ADORNO;Plastico;Florero;Florero;-
RYG9-J-02;FLORERO PLASTICO 8.5*10.5 CM;1,680;1.3;;8.5*10.5 CM;-;;ADORNO;Plastico;Florero;Florero;-
JLP-85106F;FLORERO PLASTICO 8.5*10.5 CM;420;1.3;;8.5*10.5 CM;-;;ADORNO;Plastico;Florero;Florero;-
JLP-1010;FLORERO PLASTICO 8.5*10.5 CM;1,200;1.3;;8.5*10.5 CM;-;;ADORNO;Plastico;Florero;Florero;-
JLP-1011F;FLORERO PLASTICO 8.5*10.5 CM;300;1.3;;8.5*10.5 CM;-;;ADORNO;Plastico;Florero;Florero;-
JLP-255;FLORERO PLASTICO 22.5*13 CM;4,680;1.77;;22.5*13 CM;-;;ADORNO;Plastico;Florero;Florero;-
JLP-256F;FLORERO PLASTICO 22.5*13 CM;720;1.77;;22.5*13 CM;-;;ADORNO;Plastico;Florero;Florero;-
LN3-03;FLOR ARTIFICIAL  NAVIDEÑO EN VARA X 3 CABEZAS 1.24 MTS;780;16.21;;1.24 MTS;-;;ADORNO;-;Vara;Vara;3
LN3-04;FLOR ARTIFICIAL  MAGNOLIA CON ESCARCHADO EN VARA X 3 CABEZAS 1.24 MTS;3,900;16.21;;1.24 MTS;-;;ADORNO;-;Vara;Vara;3
LN5-07;FLOR ARTIFICIAL ROSA CON AZUCENA EN VARA X 5 CABEZAS 1.24 MTS;468;16.81;;1.24 MTS;Rosa;;ADORNO;-;Vara;Vara;5
LN5-088;FLOR ARTIFICIAL ROSA CON LIRIO EN VARA X 5 CABEZAS 1.24 MTS;1,092;16.81;;1.24 MTS;Rosa;;ADORNO;-;Vara;Vara;5
LNFJ-09;FLOR ARTIFICIAL ESPIGA DE TRIGO EN VARA X 3 CABEZAS 90 CM;600;3.24;;90 CM;-;;ADORNO;-;Vara;Vara;3
LNFJ-100;FLOR ARTIFICIAL  ESPIGUILLA EN VARA X 3 CABEZAS 90 CM;1,200;3.24;;90 CM;-;;ADORNO;-;Vara;Vara;3
LNFJ-13;FLOR ARTIFICIAL  CEREAL EN VARA 90 CM;600;5.17;;90 CM;-;;ADORNO;-;Vara;Vara;1
LNFJ-14;FLOR ARTIFICIAL  SEMILLAS EN VARA 90 CM;1,200;5.17;;90 CM;-;;ADORNO;-;Vara;Vara;1
LNFJ-19;HOJAS NAVIDEÑO 70 CM;1,200;4.44;;70 CM;-;;ADORNO;-;-;-;-
LNFJ-200;HOJAS DE NAVIDAD PARA DECORACION 70 CM;1,200;4.44;;70 CM;-;;ADORNO;-;-;-;-
LNFJ-21;HOJAS  PIÑA 70 CM;1,200;4.32;;70 CM;-;;ADORNO;-;-;-;-
LNFJ-220;HOJAS  ABANICO 70 CM;1,200;4.32;;70 CM;-;;ADORNO;-;-;-;-
LNFJ-22;ESPIGA NAVIDEÑA CON BOLITAS 70 CM;360;6.01;;70 CM;-;;ADORNO;-;-;-;-
LNFJ-233;ESPIGA NAVIDEÑA CON ESFERAS 70 CM;360;6.01;;70 CM;-;;ADORNO;-;-;-;-
LNFJ-23;ESPIGA NAVIDEÑA COMBINADA 70 CM;360;6.25;;70 CM;-;;ADORNO;-;-;-;-
LNFJ-244;ESPIGA NAVIDEÑA CON ADORNO 70 CM;360;6.25;;70 CM;-;;ADORNO;-;Adorno;Adorno;-
LNFJ-25;ESPIGAS NAVIDEÑAS TIPO COLAS DE FENIX 70 CM;360;6.25;;70 CM;-;;ADORNO;-;-;-;-
LNFJ-266;ESPIGAS NAVIDEÑAS TIPO PALMERA 70 CM;360;6.25;;70 CM;-;;ADORNO;-;-;-;-
LNFJ-27;HOJA PERSA GRANDE 70 CM;360;6.61;;70 CM;-;;ADORNO;-;-;-;-
LNFJ-288;HOJA VIOLETA DE PERSIA 70 CM;360;6.61;;70 CM;-;;ADORNO;-;-;-;-
HOJA-01;RAMO COLGANTE CON FLORES 110 CM;4,800;1.6;;110 CM;-;;ADORNO;-;Ramo;Ramo;1
HOJA-022;RAMO COLGANTE CON HOJAS 110 CM;2,400;1.6;;110 CM;-;;ADORNO;-;Ramo;Ramo;1
GUNOV-01;GUIA DE HORTENSIAS 2 MTS (PQT X 10 UND);209;31.24;;2 MTS;Hortensia;;ADORNO;-;Guia;Guia;10
GUNOV-022;GUIA DE NOVIA 2 MTS (PQT X 10 UND);209;31.24;;2 MTS;-;;ADORNO;-;Guia;Guia;10
GUNOV-03;GUIA DE HORTENSIAS CON HOJAS 220 CM;600;7.57;;220 CM;Hortensia;;ADORNO;-;Guia;Guia;-
GUNOV-044;GUIA DE NOVIA CON HOJAS 220 CM;1,200;7.57;;220 CM;-;;ADORNO;-;Guia;Guia;-
RYG9-228;FLOR ARTIFICIAL ROSA MEXICANA EN RAMO X 9 40 CM;1,080;14.52;;40 CM;Rosa;;ADORNO;-;Ramo;Ramo;9
RYG9-229;FLOR ARTIFICIAL ROSA TAILANDESA EN RAMO X 9 40 CM;360;14.52;;40 CM;Rosa;;ADORNO;-;Ramo;Ramo;9
RYG9-J-02;FLOR ARTIFICIAL ROSA RELAMPAGO X 9 40 CM;1,500;13.56;;40 CM;Rosa;;ADORNO;-;-;-;9
RYG9-J-03;FLOR ARTIFICIAL ROSA AMADA X 9 40 CM;300;13.56;;40 CM;Rosa;;ADORNO;-;-;-;9
RYG11-218;FLOR ARTIFICIAL ROSA CAPULLO EN RAMO X 11 40 CM;1,200;14.83;;40 CM;Rosa;;ADORNO;-;Ramo;Ramo;11
RYG11-219;FLOR ARTIFICIAL ROSA CATEDRAL EN RAMO X 11 40 CM;300;14.83;;40 CM;Rosa;;ADORNO;-;Ramo;Ramo;11
RYG-F01;FLOR ARTIFICIAL FOLLAJE EN VARA 30 CM EN COLORES COMBINADOS;12,000;0.85;;30 CM;-;;ADORNO;-;Vara;Vara;1
RYG-F01-01;FLOR ARTIFIACIAL FOLLAJE EN VARA 30 CM EN COLOR BLANCO;3,600;0.85;;30 CM;-;;ADORNO;-;Vara;Vara;1
RYG-F02;FLOR ARTIFICIAL FOLLAJE EN VARA 30 CM EN COLOR ROSADO;2,400;0.85;;30 CM;Rosa;;ADORNO;-;Vara;Vara;1
RYG12-H01;FLOR ARTIFICIAL ROSA SUEÑO EN RAMO X 12 38 CM ;960;10.6;;38 CM;Rosa;;ADORNO;-;Ramo;Ramo;12
RYG12-H02;FLOR ARTIFICIAL ROSA DIAMANTE EN RAMO X 12 38 CM ;240;10.6;;38 CM;Rosa;;ADORNO;-;Ramo;Ramo;12
RYG10-H03;FLOR ARTIFICIAL ROSA FELICIDAD EN RAMO X 10 38 CM ;960;10.6;;38 CM;Rosa;;ADORNO;-;Ramo;Ramo;10
RYG10-H04;FLOR ARTIFICIAL ROSA ALEGRE EN RAMO X 10 38 CM ;240;10.6;;38 CM;Rosa;;ADORNO;-;Ramo;Ramo;10
RYG18-H05;FLOR ARTIFICIAL ROSA RISUEÑA EN RAMO X 18 35 CM ;1,440;15.89;;35 CM;Rosa;;ADORNO;-;Ramo;Ramo;18
RYG18-H06;FLOR ARTIFICIAL ROSA MAJESTAD EN RAMO X 18 35 CM ;360;15.89;;35 CM;Rosa;;ADORNO;-;Ramo;Ramo;18
RYG11-H07;FLOR ARTIFICIAL PEONIA EN RAMO X 11 48 CM ;960;17.48;;48 CM;Peonia;;ADORNO;-;Ramo;Ramo;11
RYG11-H08;FLOR ARTIFICIAL DE LA FORTUNA EN RAMO X 11 48 CM ;240;17.48;;48 CM;-;;ADORNO;-;Ramo;Ramo;11
RYG11-H09;FLOR ARTIFICIAL ROSA DE LA SUERTE EN RAMO X 11 45 CM ;1,440;14.62;;45 CM;Rosa;;ADORNO;-;Ramo;Ramo;11
RYG11-H10;FLOR ARTIFICIAL ROSA DE LA FORTUNA EN RAMO X 11 45 CM ;360;14.62;;45 CM;Rosa;;ADORNO;-;Ramo;Ramo;11
RYG10-H11;FLOR ARTIFICIAL ROSA CON HOJA DE HELECHO EN RAMO X 10 38 CM ;1,440;10.6;;38 CM;Rosa;;ADORNO;-;Ramo;Ramo;10
RYG10-H12;FLOR ARTIFICIAL ROSA CON HOJAS DE FRONDAS EN RAMO X 10 38 CM ;360;10.6;;38 CM;Rosa;;ADORNO;-;Ramo;Ramo;10
RYG11-H13;FLOR ARTIFICIAL ROSA REYNA EN RAMO X 9 35 CM ;1,920;12.5;;35 CM;Rosa;;ADORNO;-;Ramo;Ramo;9
RYG11-H14;FLOR ARTIFICIAL ROSA DAMA EN RAMO X 9 35 CM ;480;12.5;;35 CM;Rosa;;ADORNO;-;Ramo;Ramo;9
RYG10-H17;FLOR ARTIFIACIAL ROSA PEQUEÑA EN RAMO X 10 38 CM ;2,160;9.53;;38 CM;Rosa;;ADORNO;-;Ramo;Ramo;10
RYG10-H18;FLOR ARTIFIACIAL ROSA MAGRO EN RAMO X 10 38 CM ;240;9.53;;38 CM;Rosa;;ADORNO;-;Ramo;Ramo;10
RYG5-101;FLOR ARTIFIACIAL EN RAMO X 5 35 CM;6,000;3.39;;35 CM;-;;ADORNO;-;Ramo;Ramo;5
FOT-CH01;ENREDADERA ARTIFICIAL CON FLOR 115 CM;900;25.42;;115 CM;-;;ADORNO;-;-;-;-
FOT-CH02;ENREDADERA ARTIFICIAL CON HOJAS 135 CM;960;23.31;;135 CM;-;;ADORNO;-;-;-;-
MJ-01;"ADORNO PARA JARDIN TIPO MARIPOSA DE 6"" CON VARA 40 CM";1,728;2.65;;40 CM;-;;ADORNO;-;Adorno;Adorno;-
MJ-02;"ADORNO PARA JARDIN TIPO PAJARITO DE 4"" CON VARA 40 CM";3,456;2.22;;40 CM;-;;ADORNO;-;Adorno;Adorno;-
MJ-03;"ADORNO PARA JARDIN TIPO PICAFLOR DE 6"" CON VARA 40 CM";1,728;2.75;;40 CM;-;;ADORNO;-;Adorno;Adorno;-
MJ-04;"ADORNO PARA JARDIN TIPO LORO  DE  6"" CON VARA 40 CM";1,728;2.75;;40 CM;-;;ADORNO;-;Adorno;Adorno;-
LY1157-03;PLANTA ARTIFICIAL CON FRUTAS 1.10 MTS;60;51.53;;1.10 MTS;-;;ADORNO;-;Planta;Planta;-
LY11H07-01;PLANTA ARTIFICIAL CON GIRASOLES 1.10 MTS;120;51.53;;1.10 MTS;Girasol;;ADORNO;-;Planta;Planta;-
LY11H07-022;PLANTA ARTIFICIAL  SOL 1.10 MTS;30;51.53;;1.10 MTS;-;;ADORNO;-;Planta;Planta;-
LY17H16-01;PLANTA ARTIFICIAL CON GIRASOLES 1.70 MTS;32;110.49;;1.70 MTS;Girasol;;ADORNO;-;Planta;Planta;-
LY1115-01;PLANTA ARTIFICIAL CON HERALDOS VERDE OSCURO 1.10 MTS;240;32.24;;1.10 MTS;-;;ADORNO;-;Planta;Planta;-
LY1115-022;PLANTA ARTIFICIAL CON HERALDOS VERDE CLARO 1.10 MTS;60;32.24;;1.10 MTS;-;;ADORNO;-;Planta;Planta;-
LY0618-01;PLANTA ARTIFICIAL CON HERALDOS VERDE OSCURO 60 CM;720;14.84;;60 CM;-;;ADORNO;-;Planta;Planta;-
LY0618-022;PLANTA ARTIFICIAL CON HERALDOS VERDE CLARO 60 CM;240;14.84;;60 CM;-;;ADORNO;-;Planta;Planta;-
LY18-01;PLANTA ARTIFICIAL DE HOJAS DE HIGUERA 1.80 MTS;36;122.03;;1.80 MTS;-;;ADORNO;-;Planta;Planta;-
LY18-022;PLANTA ARTIFICIAL DE HOJAS DE FICU 1.80 MTS;24;122.03;;1.80 MTS;-;;ADORNO;-;Planta;Planta;-
LY18-023;PLANTA ARTIFICIAL DE HOJAS DE HIGUERA DORADO 1.80 MTS;24;127.8;;1.80 MTS;-;;ADORNO;-;Planta;Planta;-
LY18-044;PLANTA ARTIFICIAL DE HOJAS DE FICU DORADO 1.80 MTS;12;127.8;;1.80 MTS;-;;ADORNO;-;Planta;Planta;-
LY18-025;PLANTA ARTIFICIAL DE HOJAS DE HIGUERA BLANCO 1.80 MTS;24;127.8;;1.80 MTS;-;;ADORNO;-;Planta;Planta;-
LY18-066;PLANTA ARTIFICIAL DE HOJAS DE FICU BLANCO 1.80 MTS;12;127.8;;1.80 MTS;-;;ADORNO;-;Planta;Planta;-
LY17HM-01;PLANTA ARTIFICIAL FLOR DE MANZANA ROSADO 1.70 MTS;48;93.17;;1.70 MTS;Rosa;;ADORNO;-;Planta;Planta;-
LY17HM-022;PLANTA ARTIFICIAL FLOR DE MANZANA FUCSIA 1.70 MTS;16;93.17;;1.70 MTS;-;;ADORNO;-;Planta;Planta;-
LY20HD-01;PLANTA ARTIFICIAL FLOR DE DURAZNO ROSADO 2.00 MTS;48;126.15;;2.00 MTS;Durazno;;ADORNO;-;Planta;Planta;-
LY20HD-022;PLANTA ARTIFICIAL FLOR DE DURAZNO BLANCO 2.00 MTS;12;126.15;;2.00 MTS;Durazno;;ADORNO;-;Planta;Planta;-
LY18HD-01;PLANTA ARTIFICIAL FLOR DE DURAZNO ROSADO 1.80 MTS;60;96.47;;1.80 MTS;Durazno;;ADORNO;-;Planta;Planta;-
LY18HD-022;PLANTA ARTIFICIAL FLOR DE DURAZNO BLANCO 1.80 MTS;15;96.47;;1.80 MTS;Durazno;;ADORNO;-;Planta;Planta;-
LY18HJ-01;PLANTA ARTIFICIAL FLOR DE CIRUELA ROSADO 1.80 MTS (LY20HJ-01);60;109.66;;1.80 MTS;Rosa;;ADORNO;-;Planta;Planta;-
LY18HJ-02;PLANTA ARTIFICIAL FLOR DE CIRUELA BLANCO 1.80 MTS (LY20HJ-02);15;109.66;;1.80 MTS;-;;ADORNO;-;Planta;Planta;-
LY165HD-01;PLANTA ARTIFICIAL FLOR DE DURAZNO ROSADO 1.65 MTS;72;72.15;;1.65 MTS;Durazno;;ADORNO;-;Planta;Planta;-
LY165HD-02;PLANTA ARTIFICIAL FLOR DE DURAZNO BLANCO 1.65 MTS;18;72.15;;1.65 MTS;Durazno;;ADORNO;-;Planta;Planta;-
LY1118-01;PLANTA ARTIFICIAL  BOA 18 HOJAS 1.10 MTS;80;46.42;;1.10 MTS;-;;ADORNO;-;Planta;Planta;-
LY1118-022;PLANTA ARTIFICIAL  HIEDRA 18 HOJAS 1.10 MTS;40;46.42;;1.10 MTS;-;;ADORNO;-;Planta;Planta;-
LY1118-03;PLANTA ARTIFICIAL  TORSO DE TORTUGA VERDE OSCURO 1.10 MTS;80;46.42;;1.10 MTS;-;;ADORNO;-;Planta;Planta;-
LY1118-044;PLANTA ARTIFICIAL  TORSO DE TORTUGA VERDE CLARO 1.10 MTS;40;46.42;;1.10 MTS;-;;ADORNO;-;Planta;Planta;-
LY1845-01;PLANTA ARTIFICIAL  PALMERA VERDE OSCURO 1.80 MTS;64;101.42;;1.80 MTS;-;;ADORNO;-;Planta;Planta;-
LY1845-022;PLANTA ARTIFICIAL  PALMERA VERDE CLARO 1.80 MTS;16;102.65;;1.80 MTS;-;;ADORNO;-;Planta;Planta;-
LY1124-01;PLANTA ARTIFICIAL  BOA 24 HOJAS 1.10 MTS;160;55.41;;1.10 MTS;-;;ADORNO;-;Planta;Planta;-
LY1124-022;PLANTA ARTIFICIAL  HIEDRA 24 HOJAS 1.10 MTS;40;55.41;;1.10 MTS;-;;ADORNO;-;Planta;Planta;-
LY1124-03;PLANTA ARTIFICIAL  CEBRA 24 HOJAS 1.10 MTS;160;55.41;;1.10 MTS;-;;ADORNO;-;Planta;Planta;-
LY1124-044;PLANTA ARTIFICIAL  CEREZO 24 HOJAS 1.10 MTS;40;55.41;;1.10 MTS;-;;ADORNO;-;Planta;Planta;-
LY;PLANTA ARTIFICIAL  PALMERA 27 HOJAS 1.10 MTS;150;54.09;;1.10 MTS;-;;ADORNO;-;Planta;Planta;-
LY14H04-01;PLANTA ARTIFICIAL  CARTUCHO VERDE OSCURO 1.40 MTS;160;84.1;;1.40 MTS;-;;ADORNO;-;Planta;Planta;-
LY14H04-022;PLANTA ARTIFICIAL  CARTUCHO VERDE CLARO 1.40 MTS;40;84.1;;1.40 MTS;-;;ADORNO;-;Planta;Planta;-
LY14H03-03;PLANTA ARTIFICIAL  HOJA VERDE OSCURO 1.40 MTS;90;84.1;;1.40 MTS;-;;ADORNO;-;Planta;Planta;-
LY14H03-044;PLANTA ARTIFICIAL  HOJA VERDE CLARO 1.40 MTS;30;84.1;;1.40 MTS;-;;ADORNO;-;Planta;Planta;-
LY12;PLANTA ARTIFICIAL  PALMERA VERDE OSCURO 1.20 MTS;48;72.15;;1.20 MTS;-;;ADORNO;-;Planta;Planta;-
LY13;PLANTA ARTIFICIAL  PALMERA VERDE CLARO 1.20 MTS;12;72.15;;1.20 MTS;-;;ADORNO;-;Planta;Planta;-
LY14;PLANTA ARTIFICIAL  PALMAS VERDE OSCURO 1.20 MTS;48;72.15;;1.20 MTS;-;;ADORNO;-;Planta;Planta;-
LY15;PLANTA ARTIFICIAL  PALMAS VERDE CLARO 1.20 MTS;12;72.15;;1.20 MTS;-;;ADORNO;-;Planta;Planta;-
RO5T-01;FLOR ARTIFICIAL EN RAMO  HORTENSIAS DE JAPON X 5 CABEZAS 49 CM;1,632;5.8;;49 CM;Hortensia;;ADORNO;-;Ramo;Ramo;5
RO5T-022;FLOR ARTIFICIAL EN RAMO  HORTENSIAS DEL HIMALAYA X 5 CABEZAS 49 CM;1,428;5.8;;49 CM;Hortensia;;ADORNO;-;Ramo;Ramo;5
DUR95-30;FLOR ARTIFICIAL  DURAZNO 90 CM;288;29.63;;90 CM;Durazno;;ADORNO;-;-;-;-
DUR95-33;FLOR ARTIFICIAL  DURAZNO DEL JAPON 90 CM;72;29.63;;90 CM;Durazno;;ADORNO;-;-;-;-
DUR57-34;FLOR ARTIFICIAL  DURAZNO 57 CM;1,584;4.25;;57 CM;Durazno;;ADORNO;-;-;-;-
DUR57-55;FLOR ARTIFICIAL  DURAZNO DEL JAPON 57 CM;396;4.25;;57 CM;Durazno;;ADORNO;-;-;-;-
VDU96-01;FLOR ARTIFICIAL  DURAZNO 96 CM;1,800;4.38;;96 CM;Durazno;;ADORNO;-;-;-;-
VDU96-022;FLOR ARTIFICIAL  DURAZNO DEL JAPON 96 CM;1,200;4.38;;96 CM;Durazno;;ADORNO;-;-;-;-
VDU70-03;FLOR ARTIFICIAL  DURAZNO 70 CM;2,880;2.84;;70 CM;Durazno;;ADORNO;-;-;-;-
VDU70-044;FLOR ARTIFICIAL  DURAZNO DEL JAPON 70 CM;1,920;2.84;;70 CM;Durazno;;ADORNO;-;-;-;-
VDU48-05;FLOR ARTIFICIAL  DURAZNO 48 CM;4,320;1.68;;48 CM;Durazno;;ADORNO;-;-;-;-
VDU48-066;FLOR ARTIFICIAL  DURAZNO DEL JAPON 48 CM;2,880;1.68;;48 CM;Durazno;;ADORNO;-;-;-;-
VDU38-07;FLOR ARTIFICIAL  DURAZNO 38 CM;2,880;2.06;;38 CM;Durazno;;ADORNO;-;-;-;-
VDU38-088;FLOR ARTIFICIAL  DURAZNO DEL JAPON 38 CM;1,920;2.06;;38 CM;Durazno;;ADORNO;-;-;-;-
OR9-01;FLOR ARTIFICIAL ORQUIDEA FRANCESA 65 CM;4,896;6.83;;65 CM;Orquidea;;ADORNO;-;-;-;-
OR9-02;FLOR ARTIFICIAL ORQUIDEA KORENA 65 CM;864;6.83;;65 CM;Orquidea;;ADORNO;-;-;-;-
ORH14-01;HOJA ARTIFICIAL VERDE OSCURO 14 CM;2,880;2.84;;14 CM;-;;ADORNO;-;-;-;-
ORH14-02;HOJA ARTIFICIAL VERDE CLARO 14 CM;1,440;2.84;;14 CM;-;;ADORNO;-;-;-;-
ORH16-01;HOJA ARTIFICIAL VERDE OSCURO 16 CM;2,016;3.22;;16 CM;-;;ADORNO;-;-;-;-
ORH16-02;HOJA ARTIFICIAL VERDE CLARO 16 CM;1,008;3.22;;16 CM;-;;ADORNO;-;-;-;-
EU-01;HOJAS DE MENTA BLANCO ARTIFICIAL EN RAMO 50 CM;2,880;4.26;;50 CM;-;;ADORNO;-;Ramo;Ramo;1
EU-02;HOJAS DE EUCALIPTO VERDE ARTIFICIAL EN RAMO 50 CM;2,880;4.26;;50 CM;-;;ADORNO;-;Ramo;Ramo;1
RE100-01;HOJA DE HELECHO ARTIFICIAL EN RAMO 98 CM;180;18.26;;98 CM;-;;ADORNO;-;Ramo;Ramo;1
RE100-022;HOJA YERBA DE PLASTERO ARTIFICIAL EN RAMO 98 CM;720;18.26;;98 CM;-;;ADORNO;-;Ramo;Ramo;1
GU-01;GUIA DE HOJA TIPO PARRA ARTIFICIAL EN CADENA 2.30 MTS;720;5.36;;2.30 MTS;-;;ADORNO;-;Guia;Guia;-
GU-022;GUIA DE HOJA TIPO CEBRA ARTIFICIAL EN CADENA 2.30 MTS;2,880;5.36;;2.30 MTS;-;;ADORNO;-;Guia;Guia;-
RCO-01;GUIA RAMO COLGANTE TIPO BOA ARTIFICIAL 95 CM;1,440;4.26;;95 CM;-;;ADORNO;-;Guia;Guia;-
RCO-022;GUIA RAMO COLGANTE TIPO GERANIO ARTIFICIAL 95 CM;5,760;4.26;;95 CM;-;;ADORNO;-;Guia;Guia;-
GU18-03;GUIA DE HOJA COLGANTE TIPO EUCALIPTO ARTIFICIAL 180 CM;900;10.35;;180 CM;-;;ADORNO;-;Guia;Guia;-
GU18-044;GUIA DE HOJA COLGANTE TIPO MENTA ARTIFICIAL 180 CM;600;10.35;;180 CM;-;;ADORNO;-;Guia;Guia;-
GUR-01;GUIA DE ROSAS COLGANTES ARTIFICIAL 140 CM;576;24.34;;140 CM;Rosa;;ADORNO;-;Guia;Guia;-
PPH-01;FLOR ARTIFICIAL EN VARA TIPO MANZANA 95 CM;12,000;4.26;;95 CM;-;;ADORNO;-;Vara;Vara;1
GU18-05;GUIAS DE HOJAS DE OLIVO DE JARDIN ARTIFICIAL 180 CM;1,080;10.71;;180 CM;-;;ADORNO;-;Guia;Guia;-
GU18-066;GUIAS DE HOJAS DE ACEITUNA ARTIFICIAL 180 CM;720;10.71;;180 CM;-;;ADORNO;-;Guia;Guia;-
GU18-07;GUIAS DE HOJAS DE ROSA DE JARDIN ARTIFICIAL 180 CM;1,080;10.71;;180 CM;Rosa;;ADORNO;-;Guia;Guia;-
GU18-088;GUIAS DE HOJAS DE ROSA DE GUADALUPE ARTIFICIAL 180 CM;720;10.71;;180 CM;Rosa;;ADORNO;-;Guia;Guia;-
GU18-09;GUIAS DE HOJAS DE BAMBU ARTIFICIAL 130 CM;360;10.71;;130 CM;-;;ADORNO;-;Guia;Guia;-
GU18-100;GUIAS DE HOJAS DE CAÑA ARTIFICIAL 130 CM;360;10.71;;130 CM;-;;ADORNO;-;Guia;Guia;-
HOJ18-11;GUIAS DE HOJAS DE OLIVO DE JARDIN ARTIFICIAL 170 CM;240;18.26;;170 CM;-;;ADORNO;-;Guia;Guia;-
HOJ18-22;GUIAS DE HOJAS DE ACEITUNA ARTIFICIAL 170 CM;240;18.26;;170 CM;-;;ADORNO;-;Guia;Guia;-
DWG-05;GUIA DE FRUTA ARTIFICIAL 190 CM (PQT X 5 UND) - MALOGRADO;60;12.15;;190 CM;-;;ADORNO;-;Guia;Guia;5
DWG-066;GUIA DE VID FRUTAL ARTIFICIAL 190 CM (PQT X 5 UND) - MALOGRADO;240;12.15;;190 CM;-;;ADORNO;-;Guia;Guia;5
4060-01;PASTO ARTIFICIAL HOJA GRANDE 40*60 CM;600;4.63;;40*60 CM;-;;ADORNO;-;-;-;-
4060-02;PASTO ARTIFICIAL HOJA CHICO 40*60 CM;6,000;4.63;;40*60 CM;-;;ADORNO;-;-;-;-
DWF-01;GUIA DE MINI ROSITA CHINENSIS EN CADENA 190 CM (PQT X 2 UND);360;5.14;;190 CM;Rosita;;ADORNO;-;Guia;Guia;2
DWF-022;GUIA DE MINI ROSITA MISTER EN CADENA 190 CM (PQT X 2 UND);720;5.14;;190 CM;Rosita;;ADORNO;-;Guia;Guia;2
DWF-03;GUIA DE MINI GIRASOLES EN CADENA ARTIFICIAL 250 CM (PQT X 2 UND);1,440;6.08;;250 CM;Girasol;;ADORNO;-;Guia;Guia;2
DWF-044;GUIA DE MINI SOL EN CADENA ARTIFICIAL 250 CM (PQT X 2 UND);360;6.08;;250 CM;-;;ADORNO;-;Guia;Guia;2
TTHB-04;HOJA ARTIFICIAL EN GUIA 210 CM (PQT X 12 UND);2,400;14.64;;210 CM;-;;ADORNO;-;Guia;Guia;12
PUM-01;MACETERO PLASTICO 25*30 CM;40;5.22;;25*30 CM;-;;ADORNO;Plastico;Macetero;Macetero;-
PUM-02;MACETERO PLASTICO 28*35 CM;160;5.53;;28*35 CM;-;;ADORNO;Plastico;Macetero;Macetero;-
PUM-03;MACETERO PLASTICO 35*36 CM;280;6.31;;35*36 CM;-;;ADORNO;Plastico;Macetero;Macetero;-
RYG10-H03;FLOR ARTIFICIAL ROSA FELICIDAD EN RAMO X 10 38 CM ;960;10.37;;38 CM;Rosa;;ADORNO;-;Ramo;Ramo;10
RYG10-H04;FLOR ARTIFICIAL ROSA ALEGRE EN RAMO X 10 38 CM ;240;10.37;;38 CM;Rosa;;ADORNO;-;Ramo;Ramo;10
RYG18-H05;FLOR ARTIFICIAL ROSA RISUEÑA EN RAMO X 18 35 CM ;1,560;15.54;"Melon
Blanco
Lila/melon
Rosado/melon
Fuscia/melon
Rosado bb
Melon fuerte/melon bajo";35 CM;Rosa;;ADORNO;tela premium;Ramo;Ramo con Follaje;18
RYG18-H06;FLOR ARTIFICIAL ROSA MAJESTAD EN RAMO X 18 35 CM ;240;15.54;;35 CM;Rosa;;ADORNO;-;Ramo;Ramo;18
RYG11-H09;FLOR ARTIFICIAL ROSA DE LA SUERTE EN RAMO X 11 45 CM ;1,440;14.3;;45 CM;Rosa;;ADORNO;-;Ramo;Ramo;11
RYG11-H10;FLOR ARTIFICIAL ROSA DE LA FORTUNA EN RAMO X 11 45 CM ;360;14.3;;45 CM;Rosa;;ADORNO;-;Ramo;Ramo;11
RYG10-H17;FLOR ARTIFICIAL ROSA PEQUEÑA EN RAMO X 10 38 CM ;1,200;9.33;;38 CM;Rosa;;ADORNO;-;Ramo;Ramo;10
RYG9-HM;FLOR ARTIFICIAL ROSA  EN BUQUET X 9 40 CM ;1,248;13.47;;40 CM;Rosa;;ADORNO;-;-;-;9
RYG9-HO;FLOR ARTIFICIAL ROSA  BOTON X 9 38 CM ;312;13.47;;38 CM;Rosa;;ADORNO;-;-;-;9
RYG9-211;FLOR ARTIFICIAL ROSA  EN RAMO TERCIOPELO X 9 40 CM ;750;13.99;;40 CM;Rosa;;ADORNO;-;Ramo;Ramo;9
RYG18-230;FLOR ARTIFICIAL ROSA DEL AFRICA PRIMAVERAL EN RAMO X 18 40 CM;1,560;14.82;;40 CM;Rosa;;ADORNO;-;Ramo;Ramo;18
RYG18-231;FLOR ARTIFICIAL ROSA DEL AFRICA BOTON EN RAMO X 18 40 CM;240;14.82;;40 CM;Rosa;;ADORNO;-;Ramo;Ramo;18
RYG18-232;FLOR ARTIFICIAL ROSA DEL VALLE EN RAMO X 18 40 CM;1,560;15.54;;40 CM;Rosa;;ADORNO;-;Ramo;Ramo;18
RYG18-233;FLOR ARTIFICIAL ROSA DEL VALLE OTOÑAL EN RAMO X 18 40 CM;240;15.54;;40 CM;Rosa;;ADORNO;-;Ramo;Ramo;18
RYG10-H11;FLOR ARTIFICIAL ROSA CON HOJA DE HELECHO EN RAMO X 10 38 CM ;1,440;10.37;;38 CM;Rosa;;ADORNO;-;Ramo;Ramo;10
RYG10-H12;FLOR ARTIFICIAL ROSA CON HOJAS DE FRONDAS EN RAMO X 10 38 CM ;360;10.37;;38 CM;Rosa;;ADORNO;-;Ramo;Ramo;10
RYG11-H15;FLOR ARTIFICIAL ROSA FRANCESA EN RAMO X 11 40 CM;1,440;14.82;;40 CM;Rosa;;ADORNO;-;Ramo;Ramo;11
RYG11-H16;FLOR ARTIFICIAL ROSA COREANA EN RAMO X 11 40 CM;360;14.82;;40 CM;Rosa;;ADORNO;-;Ramo;Ramo;11
RYG9-228;FLOR ARTIFICIAL ROSA MEXICANA EN RAMO X 9 40 CM;720;14.2;;40 CM;Rosa;;ADORNO;-;Ramo;Ramo;9
WZH-01;FLORERO DE CERAMICA 10.5*10.5*20 CM;108;16.06;;10.5*10.5*20 CM;-;;ADORNO;Ceramica;Florero;Florero;-
WZH-02;FLORERO DE CERAMICA 9*9*15 CM;59;8.29;;9*9*15 CM;-;;ADORNO;Ceramica;Florero;Florero;-
WZH-03;FLORERO DE CERAMICA 12*12*16 CM;536;15.54;;12*12*16 CM;-;;ADORNO;Ceramica;Florero;Florero;-
WZH-04;FLORERO DE CERAMICA CON PORTA FLORERO DE METAL 16*16*19CM;120;17.11;;16*16*19CM;-;;ADORNO;Ceramica;Florero;Florero;-
WZH-05;FLORERO DE CERAMICA 9*9*9 CM CON ADORNO DE METAL 27 CM Y BASE 19*3.9 CM;180;19.2;;9*9*9 CM;-;;ADORNO;Ceramica;Florero;Florero;-
WZH-06;FLORERO DE CERAMICA 9*9*9 CM CON ADORNO DE METAL 24 CM Y BASE 25*9.8  CM;100;23.31;;9*9*9 CM;-;;ADORNO;Ceramica;Florero;Florero;-
WZH-07;FLORERO DE CERAMICA10*10*5.4 CM CON ADORNO DE METAL;83;17.43;;10*10*5.4 CM;-;;ADORNO;Ceramica;Florero;Florero;-
WZH-08;FLORERO DE CERAMICA 6.5*7*5 CM CON ADORNO DE METAL;66;22.79;;6.5*7*5 CM;-;;ADORNO;Ceramica;Florero;Florero;-
WZH-09;FLORERO DE CERAMICA 5.3*5.3*4.4 CM CON BASE 6*6*1.2 CM;400;6.01;;5.3*5.3*4.4 CM;-;;ADORNO;Ceramica;Florero;Florero;-
WZH-10;FLORERO DE CERAMICA 14.5*14.5*13.5 CM;180;16.58;;14.5*14.5*13.5 CM;-;;ADORNO;Ceramica;Florero;Florero;-
WZH-11;FLORERO DE CERAMICA 10*10*18 CM;72;9.86;;10*10*18 CM;-;;ADORNO;Ceramica;Florero;Florero;-
WZH-12;FLORERO DE CERAMICA 11*12*23 CM;346;16.58;;11*12*23 CM;-;;ADORNO;Ceramica;Florero;Florero;-
WZH-13;FLORERO DE CERAMICA 12*12*18 CM;357;14.49;;12*12*18 CM;-;;ADORNO;Ceramica;Florero;Florero;-
TQ-07;FLORERO DE METAL 64*15.5 CM;36;54.91;;64*15.5 CM;-;;ADORNO;Metal;Florero;Florero;-
DT-01;FLOR ARTIFICIAL ROSA UNITARIO 34 CM;24,000;0.47;;34 CM;Rosa;;ADORNO;-;-;-;-
DT-02;FLOR ARTIFICIAL ROSA UNITARIO 55 CM (PQT X 10 UND);600;15.67;;55 CM;Rosa;;ADORNO;-;-;-;10
H-12;FLOR ARTIFICIAL ROSA EN RAMO X 12 42 CM;300;6.32;;42 CM;Rosa;;ADORNO;-;Ramo;Ramo;12
H-10;FLOR ARTIFICIAL ROSA EN RAMO X 10 42 CM;900;4.46;;42 CM;Rosa;;ADORNO;-;Ramo;Ramo;10
H-18;FLOR ARTIFICIAL ROSA EN RAMO X 18 50 CM;400;7.25;;50 CM;Rosa;;ADORNO;-;Ramo;Ramo;18
H-03;FLOR ARTIFICIAL ROSA UNITARIO 35 CM;3,000;0.47;;35 CM;Rosa;;ADORNO;-;-;-;-
4060-02 ;PASTO ARTIFICIAL HOJA CHICO 40*60 CM;670;8.02;;40*60 CM;-;;ADORNO;-;-;-;-
SQ12-01;FLOR ARTIFICIAL ANTHURIUM X 5 FLORES Y 7 HOJAS 35 CM;250;8.02;;35 CM;-;;ADORNO;-;-;-;5
LJ-120H;REJA DE HOJAS ARTIFICIALES X 1.20 MTS;480;32.79;;1.20 MTS;-;;ADORNO;-;Reja;Reja;1
LJ-120HH;REJA DE HOJAS ARTIFICIALES X 1.20 MTS;600;32.79;;1.20 MTS;-;;ADORNO;-;Reja;Reja;1
RON-06;HOJA ARTIFICIAL FOLLAJE EN RAMO TIPO PERLA X 5 35 CM;400;2.92;;35 CM;-;;ADORNO;-;Ramo;Ramo;5
RON-07;HOJA ARTIFICIAL FOLLAJE EN RAMO TIPO LENTEJA X 5 35 CM;400;2.92;;35 CM;-;;ADORNO;-;Ramo;Ramo;5
RON-08;HOJA ARTIFICIAL FOLLAJE EN RAMO TIPO LUNA X 5 35 CM;100;2.92;;35 CM;-;;ADORNO;-;Ramo;Ramo;5
RON-08;HOJA ARTIFICIAL FOLLAJE EN RAMO TIPO ROSA X 5 35 CM;300;2.92;;35 CM;Rosa;;ADORNO;-;Ramo;Ramo;5
V-GRS5-01;FLOR ARTIFICIAL GIRASOL EN VARA X 5 CABEZAS 75 CM ;720;9.22;;75 CM;Girasol;;ADORNO;-;Vara;Vara;5
V-GRS5-022;FLOR ARTIFICIAL SOL EN VARA X 5 CABEZAS 100 CM ;240;9.22;;100 CM;-;;ADORNO;-;Vara;Vara;5
V-GRS3-03;FLOR ARTIFICIAL GIRASOL EN VARA X 3 CABEZAS 68 CM ;1,152;7.45;;68 CM;Girasol;;ADORNO;-;Vara;Vara;3
V-GRS3-044;FLOR ARTIFICIAL SOL EN VARA X 3 CABEZAS 90 CM ;576;7.45;;90 CM;-;;ADORNO;-;Vara;Vara;3
V-GRS5-05;FLOR ARTIFICIAL GIRASOL EN VARA X 5 CABEZAS 88 CM ;816;11.59;;88 CM;Girasol;;ADORNO;-;Vara;Vara;5
V-GRS5-066;FLOR ARTIFICIAL SOL EN VARA X 5 CABEZAS 120 CM ;408;11.59;;120 CM;-;;ADORNO;-;Vara;Vara;5
R-GRS10-11;FLOR ARTIFICIAL GIRASOL EN RAMO X 10 CABEZAS 41 CM ;864;8.15;;41 CM;Girasol;;ADORNO;-;Ramo;Ramo;10
R-GRS10-12;FLOR ARTIFICIAL SOL EN RAMO X 10 CABEZAS 35 CM ;1,440;8.15;;35 CM;-;;ADORNO;-;Ramo;Ramo;10
G-GA-02;GUIA ARTIFICIAL GIRASOL 23 CM;480;8.15;;23 CM;Girasol;;ADORNO;-;Guia;Guia;-
G-GA-033;GUIA ARTIFICIAL SOL 30 CM;240;8.15;;30 CM;-;;ADORNO;-;Guia;Guia;-
V-FU-01;FLOR ARTIFICIAL PRIMAVERA EN VARA X 1 63 CM;3,600;2.66;;63 CM;-;;ADORNO;-;Vara;Vara;1
V-FU-022;FLOR ARTIFICIAL OTOÑAL EN VARA X 1 85 CM;720;2.66;;85 CM;-;;ADORNO;-;Vara;Vara;1
TLZ-02;FLOR ARTIFICIAL EN RAMO DALIA POMPOM X 5 CABEZAS 42 CM;2,400;7.09;;42 CM;-;;ADORNO;-;Ramo;Ramo;5
R-GRS5-06;FLOR ARTIFICIAL GIRASOL REDONDO EN RAMO X 5 CABEZAS 37 CM ;672;7.33;;37 CM;Girasol;;ADORNO;-;Ramo;Ramo;5
R-GRS5-077;FLOR ARTIFICIAL SOL REDONDO EN RAMO X 5 CABEZAS 45 CM ;336;7.33;;45 CM;-;;ADORNO;-;Ramo;Ramo;5
R-GRS5-08;FLOR ARTIFICIAL GIRASOL EN PUNTA EN RAMO X 5 CABEZAS 37 CM ;720;7.33;;37 CM;Girasol;;ADORNO;-;Ramo;Ramo;5
R-GRS5-099;FLOR ARTIFICIAL SOL EN PUNTA EN RAMO X 5 CABEZAS 45 CM ;360;7.33;;45 CM;-;;ADORNO;-;Ramo;Ramo;5
RUY-05;FLOR ARTIFICIAL ROSA ESTRELLA ABIERTA EN VARA 38 CM;4,608;2.01;;38 CM;Rosa;;ADORNO;-;Vara;Vara;1
RUY-06;FLOR ARTIFICIAL ROSA MISTER ABIERTA EN VARA 50 CM;1,152;2.01;;50 CM;Rosa;;ADORNO;-;Vara;Vara;1
RUY-13;FLOR ARTIFICIAL ROSA GUADALUPE EN VARA 37 CM;10,368;2.13;;37 CM;Rosa;;ADORNO;-;Vara;Vara;1
RUY-14;FLOR ARTIFICIAL ROSA UNITARIO EN VARA 45 CM;1,152;2.13;;45 CM;Rosa;;ADORNO;-;Vara;Vara;1
RUY-15;FLOR ARTIFICIAL ROSA EN VARA X 5 CABEZAS 85 CM;1,248;8.99;;85 CM;Rosa;;ADORNO;-;Vara;Vara;5
RUY-16;FLOR ARTIFICIAL ROSA ABIERTA EN VARA X 5 CABEZAS 120 CM;192;8.99;;120 CM;Rosa;;ADORNO;-;Vara;Vara;5
RUY-09;FLOR ARTIFICIAL ROSA ABIERTA CON HOJAS LARGAS EN RAMO X 6 CABEZAS 36 CM;480;11.82;;36 CM;Rosa;;ADORNO;-;Ramo;Ramo;6
RUY-10;FLOR ARTIFICIAL ROSA ABIERTA EN RAMO X 6 CABEZAS 45 CM;288;11.82;;45 CM;Rosa;;ADORNO;-;Ramo;Ramo;6
RUY-11;FLOR ARTIFICIAL ROSA ABIERTA CON FOLLAJE EN RAMO X 6 CABEZAS 35 CM;480;11.11;;35 CM;Rosa;;ADORNO;-;Ramo;Ramo;6
RUY-12;FLOR ARTIFICIAL ROSA ABIERTA ESTRELLA EN RAMO X 6 CABEZAS 48 CM;288;11.11;;48 CM;Rosa;;ADORNO;-;Ramo;Ramo;6
HO-01;HOJAS DE MENTA VERDE ARTIFICIAL EN RAMO 50 CM;1,344;4.73;;50 CM;-;;ADORNO;-;Ramo;Ramo;1
HO-022;HOJAS DE EUCALIPTO BLANCO ARTIFICIAL EN RAMO 40 CM;2,016;4.73;;40 CM;-;;ADORNO;-;Ramo;Ramo;1
VP3-01;FLOR ARTIFICIAL PRIMAVERA TIPO POMPOM EN VARA X 3 90 CM ;1,632;6.98;;90 CM;-;;ADORNO;-;Vara;Vara;3
VP3-022;FLOR ARTIFICIAL OTOÑAL TIPO POMPOM EN VARA X 3 110 CM;816;6.98;;110 CM;-;;ADORNO;-;Vara;Vara;3
RMH11-01;FLOR ARTIFICIAL EN RAMO GUADALUPE X 9 CABEZAS 37 CM;1,920;13;;37 CM;-;;ADORNO;-;Ramo;Ramo;9
RMH11-022;FLOR ARTIFICIAL EN RAMO ROSA AMOR X 9 CABEZAS 48 CM;480;13;;48 CM;Rosa;;ADORNO;-;Ramo;Ramo;9
VMHP-01;FLOR ARTIFICIAL DALIA PRIMAVERA EN VARA X 1 53 CM;1,632;2.84;;53 CM;-;;ADORNO;-;Vara;Vara;1
VMHP-022;FLOR ARTIFICIAL MAGNOLIA PRIMAVERA EN VARA X 1 62.5 CM;816;2.84;;62.5 CM;-;;ADORNO;-;Vara;Vara;1
VMHO-03;FLOR ARTIFICIAL DALIA OTOÑAL EN VARA X 1 53 CM;1,632;2.84;;53 CM;-;;ADORNO;-;Vara;Vara;1
VMHO-044;FLOR ARTIFICIAL MAGNOLIA OTOÑAL EN VARA X 1 62.5 CM;816;2.84;;62.5 CM;-;;ADORNO;-;Vara;Vara;1
RMH9-01;FLOR ARTIFICIAL DE AVISPA EN RAMO X 9 CABEZAS 43 CM;960;12.53;;43 CM;-;;ADORNO;-;Ramo;Ramo;9
RMH9-022;FLOR ARTIFICIAL TULIPAN EN RAMO X 9 CABEZAS 51 CM;480;12.53;;51 CM;Tulipan;;ADORNO;-;Ramo;Ramo;9
JJHO-1;FLOR ARTIFICIAL ESPADA OTOÑAL EN RAMO X 5 CABEZAS 58 CM;1,280;5.88;;58 CM;-;;ADORNO;-;Ramo;Ramo;5
JJHO-2;FLOR ARTIFICIAL GLADIOLO OTOÑAL EN RAMO X 5 CABEZAS 70 CM;320;5.88;;70 CM;-;;ADORNO;-;Ramo;Ramo;5
RGA5-03;FLOR ARTIFICIAL ESPADA PRIMAVERA EN RAMO X 5 CABEZAS 58 CM;1,800;5.32;;58 CM;-;;ADORNO;-;Ramo;Ramo;5
RGA5-044;FLOR ARTIFICIAL GLADIOLO PRIMAVERA EN RAMO X 5 CABEZAS 70 CM;300;5.32;;70 CM;-;;ADORNO;-;Ramo;Ramo;5
RRM7-05;FLOR ARTIFICIAL DALIA EN RAMO X 7 CABEZAS 33 CM;900;5.43;;33 CM;-;;ADORNO;-;Ramo;Ramo;7
RRM7-066;FLOR ARTIFICIAL MAGNOLIA EN RAMO X 7 CABEZAS 40 CM;600;5.43;;40 CM;-;;ADORNO;-;Ramo;Ramo;7
VF8-07;FLOR ARTIFICIAL TIPO MANZANA EN VARA 78 CM;720;4.14;;78 CM;-;;ADORNO;-;Vara;Vara;1
VF8-088;FLOR ARTIFICIAL TIPO CEREZO EN VARA 90 CM;360;4.14;;90 CM;-;;ADORNO;-;Vara;Vara;1
JLP-21-01;FLORERO DE PLASTICO TIPO TAZA CON ESPONJA 9*9.5 CM;7,350;1.07;;9*9.5 CM;-;;ADORNO;Plastico;Florero;Florero;-
JLP-10514;FLORERO PLASTICO 9.5*13 CM;2,000;2.69;;9.5*13 CM;-;;ADORNO;Plastico;Florero;Florero;-
JLP-21-03;FLORERO DE PLASTICO TIPO CUADRADO  10*10 CM;3,900;2.15;;10*10 CM;-;;ADORNO;Plastico;Florero;Florero;-
JLP-85105;FLORERO PLASTICO 8.5*10.5 CM;3,150;1.43;;8.5*10.5 CM;-;;ADORNO;Plastico;Florero;Florero;-
JLP-1010;FLORERO PLASTICO 8.5*10.5 CM;2,250;1.52;;8.5*10.5 CM;-;;ADORNO;Plastico;Florero;Florero;-
JLP-1010-1;FLORERO PLASTICO MINI 5.5*4.5 CM;8,100;0.81;;5.5*4.5 CM;-;;ADORNO;Plastico;Florero;Florero;-
JLP-MIN;FLORERO DE PLASTICO 5.5*9 CM;4,200;0.9;;5.5*9 CM;-;;ADORNO;Plastico;Florero;Florero;-
SH-04;FLOR ARTIFICIAL EN RAMO TULIPAN X 9 CABEZAS 40 CM;4,752;6.11;;40 CM;Tulipan;;ADORNO;-;Ramo;Ramo;9
RUY-03;FLOR ARTIFICIAL DE AVISPA EN RAMO X 9 CABEZAS 48 CM (SH-03);2,460;5.83;;48 CM;-;;ADORNO;-;Ramo;Ramo;9
SDARB-01;PLANTA ARTIFICIAL HOJA 160 CM;72;96.65;;160 CM;-;;ADORNO;-;Planta;Planta;-
SDARB-02;PLANTA ARTIFICIAL HOJA 160 CM;72;96.65;;160 CM;-;;ADORNO;-;Planta;Planta;-
SDARB-03;PLANTA ARTIFICIAL HOJA 170 CM;72;106.59;;170 CM;-;;ADORNO;-;Planta;Planta;-
SDARB-04;PLANTA ARTIFICIAL HOJA 160 CM;96;78.2;;160 CM;-;;ADORNO;-;Planta;Planta;-
SDARB-22-01;PLANTA ARTIFICIAL CON FLORES TIPO ANTURIO 160 CM;72;96.65;;160 CM;Anturio;;ADORNO;-;Planta;Planta;-
JLP-22-02;FLORERO DE PLASTICO TIPO CANASTA 25 CM;2,400;2.56;;25 CM;-;;ADORNO;Plastico;Florero;Florero;-
JLP-207;ADORNO CON FLORES  2.00 MTS;12;682.45;;2.00 MTS;-;;ADORNO;-;Adorno;Adorno;-
JLP-28G;PEDESTAL DE PLASTICO 105*17 CM;60;31.26;;105*17 CM;-;;ADORNO;Plastico;Pedestal;Pedestal;-
JLP-R;PEDESTAL DE PLASTICO CIRCULAR 90*30 CM ;60;25.62;;90*30 CM;-;;ADORNO;Plastico;Pedestal;Pedestal;-
WZ-AD01;ADORNO TIPO FLORERO 12*32 CM;48;35.89;;12*32 CM;-;;ADORNO;-;Adorno;Adorno;-
WZ-AD02;ADORNO TIPO FLORERO 9*25 CM;48;32.11;;9*25 CM;-;;ADORNO;-;Adorno;Adorno;-
WZ-AD03;ADORNO TIPO FLORERO CON PICO 25*26 CM;48;35.89;;25*26 CM;-;;ADORNO;-;Adorno;Adorno;-
WZ-AD04;ADORNO TIPO FLORERO CON PICO 26*24 CM;48;35.89;;26*24 CM;-;;ADORNO;-;Adorno;Adorno;-
WZ-AD05;FLORERO TIPO COPA 16*32 CM;48;35.89;;16*32 CM;-;;ADORNO;-;Florero;Florero;-
WZ-AD06;FLORERO TIPO OJO 15.5*9.5*28 CM;48;34.95;;15.5*9.5*28 CM;-;;ADORNO;-;Florero;Florero;-
WZ-AD07;FLORERO CON BASE 12*32 CM;24;34.95;;12*32 CM;-;;ADORNO;-;Florero;Florero;-
WZH-15;FLORERO DE CERAMICA 15.5*15.5*12.5 4 CM;240;13;;15.5*15.5*12.5 ;-;;ADORNO;Ceramica;Florero;Florero;-
WZH-16;FLORERO DORADO 12.5*12.5*10 5 CM;480;10.4;;12.5*12.5*10 ;-;;ADORNO;-;Florero;Florero;-
WZH-17;FLORERO DORADO 14*14*14 CM;120;15.4;;14*14*14 CM;-;;ADORNO;-;Florero;Florero;-
WZH-18;FLORERO DORADO 12*12*12 CM;360;9.64;;12*12*12 CM;-;;ADORNO;-;Florero;Florero;-
WZH-19;FLORERO DORADO 10*10*10 CM;600;6.8;;10*10*10 CM;-;;ADORNO;-;Florero;Florero;-
WZH-20;FLORERO TIPO TRONCO CON PAJARITO 18.5*11.5*30 8 CM;36;45.34;;18.5*11.5*30 ;-;;ADORNO;-;Florero;Florero;-
WZH-21;FLORERO TIPO TRONCO CON PAJARITO 16.5*10*23.5 CM;90;33.22;;16.5*10*23.5 CM;-;;ADORNO;-;Florero;Florero;-
WZH-22;FLORERO 15.5*11*35 CM;36;45.34;;15.5*11*35 CM;-;;ADORNO;-;Florero;Florero;-
WZH-23;FLORERO 24*11.5*17 CM;90;34.95;;24*11.5*17 CM;-;;ADORNO;-;Florero;Florero;-
WZH-24;FLORERO 25*10*30 CM;36;45.34;;25*10*30 CM;-;;ADORNO;-;Florero;Florero;-
WZH-25;FLORERO 19*9*20 CM;120;30.22;;19*9*20 CM;-;;ADORNO;-;Florero;Florero;-
WZH-26;FLORERO 13*6*15.5 CM;180;13.22;;13*6*15.5 CM;-;;ADORNO;-;Florero;Florero;-
WZH-27;ADORNO TIPO FLORERO COLOR BLANCO 17*17*25 CM;60;63.22;;17*17*25 CM;-;;ADORNO;-;Adorno;Adorno;-
WZH-28;ADORNO TIPO FLORERO COLOR NEGRO 17*17*25 CM;60;63.22;;17*17*25 CM;-;;ADORNO;-;Adorno;Adorno;-
WZH-29;ADORNO TIPO FLORERO 18.5*15*30     16*14*14 CM (SET/2 PCS);30;97.22;;18.5*15*30     ;-;;ADORNO;-;Adorno;Adorno;-
WZH-30;ADORNO TIPO FLORERO 21*13*28 CM;60;48;;21*13*28 CM;-;;ADORNO;-;Adorno;Adorno;-
WZH-31;ADORNO TIPO FLORERO 21*13*28 CM;60;47.23;;21*13*28 CM;-;;ADORNO;-;Adorno;Adorno;-
WZH-32;FLORERO 9.5*9.5*9.5 CM;240;12.72;;9.5*9.5*9.5 CM;-;;ADORNO;-;Florero;Florero;-
WZH-09;FLORERO DE CERAMICA 5.3*5.3*4.4 CM CON BASE 6*6*1.2 CM;48;4.41;;5.3*5.3*4.4 CM;-;;ADORNO;Ceramica;Florero;Florero;-
WZH-33;FLORERO 12.3*12.3*11.5 CM;144;16.06;;12.3*12.3*11.5 CM;-;;ADORNO;-;Florero;Florero;-
WZH-34;JUEGO DE FLOREROSS:7.8*7.8*8.6   M:10.3*10*8.3  L:12.5*12*8.5  XL:15.7*14*8   XXL:17.5*16*8，6 CM (SET/5 PCS);80;56.67;;7.8*7.8*8.6   M;-;;ADORNO;-;Florero;Florero;-
RO5T-01;FLOR ARTIFICIAL EN RAMO HORTENSIAS DE JAPON X 5 CABEZAS 49 CM;6,300;5.66;;49 CM;Hortensia;;ADORNO;-;Ramo;Ramo;5
QQ5-01;FLOR ARTIFICIAL PETUNIA EN RAMO X 5 CABEZAS 42 CM;6,300;5.19;;42 CM;-;;ADORNO;-;Ramo;Ramo;5
HQ-01;GRAS DE ROSAS GRANDES 3*1 MTS (HQ-01N);3;925.63;;3*1 M;Rosa;;ADORNO;-;-;-;-
HQ-02;GRAS DE ROSAS CHICOS 3*1 MTS;3;465.97;;3*1 M;Rosa;;ADORNO;-;-;-;-
FOT-F01;FLORERO 19*15 CM;120;23.31;;19*15 CM;-;;ADORNO;-;Florero;Florero;-
FOT-F02;FLORERO 15*12 CM;180;14.61;;15*12 CM;-;;ADORNO;-;Florero;Florero;-
FOT-F03;FLORERO 19.5*7*9.5 CM;240;14.61;;19.5*7*9.5 CM;-;;ADORNO;-;Florero;Florero;-
FOT-F04;FLORERO 23*10 CM;100;25.94;;23*10 CM;-;;ADORNO;-;Florero;Florero;-
FOT-F05;FLORERO 24*12 CM;80;29.72;;24*12 CM;-;;ADORNO;-;Florero;Florero;-
FOT-F06;FLORERO 17*11 CM;180;15.11;;17*11 CM;-;;ADORNO;-;Florero;Florero;-
FOT-F07;FLORERO 15*12 CM;180;15.11;;15*12 CM;-;;ADORNO;-;Florero;Florero;-
FOT-F08;FLORERO 28*12 CM;40;50.71;;28*12 CM;-;;ADORNO;-;Florero;Florero;-
FOT-F09;FLORERO 23*18 CM;60;31.17;;23*18 CM;-;;ADORNO;-;Florero;Florero;-
RYG10-H17;FLOR ARTIFICIAL ROSA  PEQUEÑA EN RAMO X 10 CABEZAS 38 CM;960;8.5;;38 CM;Rosa;;ADORNO;-;Ramo;Ramo;10
RYG10-H18;FLOR ARTIFICIAL ROSA MAGRO EN RAMO X 10 CABEZAS 38 CM;240;8.5;;38 CM;Rosa;;ADORNO;-;Ramo;Ramo;10
TUY5-06;FLOR ARTIFICIAL EN MINI RAMO TIPO MARGARITA X 5 CABEZAS 36 CM (TUY5-05);12,000;1.98;;36 CM;Margarita;;ADORNO;-;Ramo;Ramo;5
FD-AR01;PLANTA ARTIFICIAL 1.65 MTS;60;70.78;;1.65 MTS;-;;ADORNO;-;Planta;Planta;-
FD-AR02;PLANTA ARTIFICIAL 1.45 MTS;100;80.22;;1.45 MTS;-;;ADORNO;-;Planta;Planta;-
YQ10-01;FLOR ARTIFICIAL EN RAMO X 10 CABEZAS 40 CM;480;3.97;;40 CM;-;;ADORNO;-;Ramo;Ramo;10
407-09;FLOR ARTIFICIAL EN RAMO X 7 CABEZAS 40 CM (YQ7-04);600;2.27;;40 CM;-;;ADORNO;-;Ramo;Ramo;7
FOT-T16;ENREDADERA ARTIFICIAL CON FLORES 3 MTS;216;24.55;;3 MTS;-;;ADORNO;-;-;-;-
FOT-T12;ENREDADERA ARTIFICIAL CON FLORES 1.80 MTS;336;17.94;;1.80 MTS;-;;ADORNO;-;-;-;-
FOT-CA;CABEZA SUELTA DE FLOR ARTIFICIAL 7.5 CM;3,200;0.44;;7.5 CM;-;;ADORNO;-;-;-;-
FOT7-H01;FLOR ARTIFICIAL EN RAMO X 7 CABEZAS 46 CM;648;4.53;;46 CM;-;;ADORNO;-;Ramo;Ramo;7
YZ-06;FLOR ARTIFICIAL GUIA DE NOVIA 2 MTS (PQT X 10 UND);600;30.22;;2 MTS;-;;ADORNO;-;Guia;Guia;10
OY-01;FOLLAJE COLGANTE ARTIFICIAL DE PLASTICO HOJA CHICO EN RAMO X 5 CABEZAS 80 CM;1,500;4.62;;80 CM;-;;ADORNO;Plastico;Ramo;Ramo;5
OY-03;FOLLAJE COLGANTE ARTIFICIAL DE PLASTICO HOJA MEDIANO EN RAMO X 5 CABEZAS 80 CM;1,800;3.21;;80 CM;-;;ADORNO;Plastico;Ramo;Ramo;5
OY-05;FOLLAJE COLGANTE ARTIFICIAL DE PLASTICO COSTILLA DE ADAN EN RAMO X 5 CABEZAS 80 CM;1,500;4.05;;80 CM;-;;ADORNO;Plastico;Ramo;Ramo;5
OY-09;FOLLAJE COLGANTE ARTIFICIAL DE PLASTICO HOJA LLAMA DE PLATA EN RAMO X  5 CABEZAS 80 CM;1,500;3.4;;80 CM;-;;ADORNO;Plastico;Ramo;Ramo;5
OY-15;FOLLAJE ARTIFICIAL EN RAMO PLASTICO HOJA TIPO CON PUNTA X 7 CABEZAS 30 CM;3,600;1.98;;30 CM;-;;ADORNO;Plastico;Ramo;Ramo;7
OY-17;FOLLAJE ARTIFICIAL EN RAMO DE PLASTICO X 9 CABEZAS 45 CM;1,500;3.96;;45 CM;-;;ADORNO;Plastico;Ramo;Ramo;9
OY-19;FOLLAJE ARTIFICIAL EN RAMO DE PLASTICO TIPO HOJA PINO X 12 CABEZAS 45 CM;1,500;3.49;;45 CM;-;;ADORNO;Plastico;Ramo;Ramo;12
OY-21;FOLLAJE ARTIFICIAL EN RAMO DE PLASTICO TIPO HOJA NAVIDAD X 12 CABEZAS 45 CM;3,000;3.3;;45 CM;-;;ADORNO;Plastico;Ramo;Ramo;12
OY-23;FLOR ARTIFICIAL EN RAMO DE PLASTICO ILUSION X 7 CABEZAS 30 CM;5,400;1.51;;30 CM;-;;ADORNO;Plastico;Ramo;Ramo;7
OY-25;FLOR ARTIFICIAL EN RAMO DE PLASTICO ORQUIDEA X 5 CABEZAS 30 CM;10,800;1.23;;30 CM;Orquidea;;ADORNO;Plastico;Ramo;Ramo;5
SOY5-01;FLOR ARTIFICIAL ROSA BOTON CON MARGARITA EN RAMO X 5 CABEZAS 30 CM;4,320;1.74;;30 CM;Rosa;;ADORNO;-;Ramo;Ramo;5
SOY5-03;FLOR ARTIFICIAL MARGARITA CON CRISANTEMO EN RAMO X 5 CABEZAS 30 CM;4,320;1.76;;30 CM;Margarita;;ADORNO;-;Ramo;Ramo;5
SOY-R03;FLOR ARTIFICIAL ROSA CON MARGARITA EN RAMO X 5 30 CM;4,320;1.98;;30 CM;Rosa;;ADORNO;-;Ramo;Ramo;5
SOY5-05;FLOR ARTIFICIAL MARGARITA CON POMPOM EN RAMO X 7 CABEZAS 30 CM;3,600;2.73;;30 CM;Margarita;;ADORNO;-;Ramo;Ramo;7
SOY5-07;FLOR ARTIFICIAL ROSITA EN RAMO X 7 CABEZAS 30 CM;3,240;2.45;;30 CM;Rosita;;ADORNO;-;Ramo;Ramo;7
SOY5-09;FLOR ARTIFICIAL MARGARITA EN RAMO X 7 CABEZAS 30 CM;3,600;2.36;;30 CM;Margarita;;ADORNO;-;Ramo;Ramo;7
SOY5-11;FLOR ARTIFICIAL ROSITA TE EN RAMO X 7 CABEZAS 30 CM;3,240;3.02;;30 CM;Rosita;;ADORNO;-;Ramo;Ramo;7
SOY7-12;FLOR ARTIFICIAL ROSITA DIAMANTE EN RAMO X 7 CABEZAS 30 CM;1,728;3.49;;30 CM;Rosita;;ADORNO;-;Ramo;Ramo;7
SOY7-13;FLOR ARTIFICIAL DE LOTO EN RAMO X 7 CABEZAS 30 CM;1,800;3.11;;30 CM;-;;ADORNO;-;Ramo;Ramo;7
SM5-01;FLOR ARTIFICIAL CRISANTEMO SILVESTRE EN RAM X 5 CABEZAS 30 CM;5,760;3.02;;30 CM;Crisantemo;;ADORNO;-;-;-;5
SM5-02;FLOR ARTIFICIAL PEQUEÑO LIRIO EN RAMO X 5 CABEZAS 37 CM;5,400;3.58;;37 CM;Lirio;;ADORNO;-;Ramo;Ramo;5
SM10-03;FLOR ARTIFICIAL ROSA TE EN RAMO X 10 CABEZAS 35 CM;3,600;3.68;;35 CM;Rosa;;ADORNO;-;Ramo;Ramo;10
SM10-04;FLOR ARTIFICIAL ROSA BOTON X 10 CABEZAS 40 CM;2,880;3.96;;40 CM;Rosa;;ADORNO;-;-;-;10
SM5-05;FLOR ARTIFICIAL ILUSION EN RAMO X 5 CABEZAS 37 CM;7,200;1.98;;37 CM;-;;ADORNO;-;Ramo;Ramo;5
SM7-06;FLOR ARTIFICIAL PEONIA EN RAMO X 7 CABEZAS 34 CM;2,880;3.96;;34 CM;Peonia;;ADORNO;-;Ramo;Ramo;7
SM10-07;FLOR ARTIFICIAL ROSA DULCE EN RAMO X 10 CABEZAS 43 CM;2,160;6.04;;43 CM;Rosa;;ADORNO;-;Ramo;Ramo;10
SM4-08;FLOR ARTIFICIAL POMPOM EN VARA X 4 CABEZAS 72 CM;2,520;4.81;;72 CM;-;;ADORNO;-;Vara;Vara;4
SM5-09;FLOR ARTIFICIAL ROSA EN VARA X 4 CABEZAS 69 CM;3,600;4.24;;69 CM;Rosa;;ADORNO;-;Vara;Vara;4
SM13-10;FLOR ARTIFICIAL GIRASOL EN RAMO X 13 CABEZAS 50 CM   ;1,440;7.26;;50 CM;Girasol;;ADORNO;-;Ramo;Ramo;13
SM9-11;FLOR ARTIFICIAL GIRASOL EN RAMO X 9 CABEZAS 42 CM;3,600;5.19;;42 CM;Girasol;;ADORNO;-;Ramo;Ramo;9
FL-01;HOJA ARTIFICIAL CHICO X 7 CABEZAS 40 CM;7,200;2.55;;40 CM;-;;ADORNO;-;-;-;7
FL-02;FLOR ARTIFICIAL MINI GLADIOLO EN RAMO X 5 CABEZAS 30 CM;4,824;3.02;;30 CM;-;;ADORNO;-;Ramo;Ramo;5
FL-03;FLOR ARTIFICIAL ROSA BOTON EN RAMO X 9 CABEZAS 55 CM;4,560;9.43;;55 CM;Rosa;;ADORNO;-;Ramo;Ramo;9
JLP-21-03;FLORERO DE PLASTICO TIPO CUADRADO  10*10 CM;2,250;1.98;;10*10 CM;-;;ADORNO;Plastico;Florero;Florero;-
JLP-21P;FLORERO DE PLASTICO TIPO CUADRADO CON PIEDRAS  10*10 CM;900;2.24;;10*10 CM;-;;ADORNO;Plastico;Florero;Florero;-
JLP-1010;FLORERO PLASTICO 8.5*10.5 CM;2,100;1.46;;8.5*10.5 CM;-;;ADORNO;Plastico;Florero;Florero;-
JLP-1010-P;FLORERO PLASTICO CON PIEDRAS 8.5*10.5 CM;1,200;1.72;;8.5*10.5 CM;-;;ADORNO;Plastico;Florero;Florero;-
JLP-85105P;FLORERO PLASTICO CON PIEDRAS 8.5*10.5 CM;1,200;1.55;;8.5*10.5 CM;-;;ADORNO;Plastico;Florero;Florero;-
JLP-85106;FLORERO PLASTICO 8.5*10.5 CM;900;1.55;;8.5*10.5 CM;-;;ADORNO;Plastico;Florero;Florero;-
JLP-JT;FLORERO DE PLASTICO 21.7*8.5*8.5CM;3,000;2.76;;21.7*8.5*8.5CM;-;;ADORNO;Plastico;Florero;Florero;-
JLP-JT-P;FLORERO DE PLASTICO CON PIEDRAS 21.7*8.5*8.5CM;2,000;3.01;;21.7*8.5*8.5CM;-;;ADORNO;Plastico;Florero;Florero;-
JLP-28;PEDESTAL DE PLASTICO TIPO ROMANO 88 CM;120;23.34;;88 CM;-;;ADORNO;Plastico;Pedestal;Pedestal;-
JLP-R;PEDESTAL DE PLASTICO CIRCULAR 90*30 CM;120;23.34;;90*30 CM;-;;ADORNO;Plastico;Pedestal;Pedestal;-
JLP-77;PEDESTAL TIPO ANGEL DE PLASTICO 85 CM;320;51.84;;85 CM;-;;ADORNO;Plastico;Pedestal;Pedestal;-
HOJA-01;RAMO COLGANTE CON FLORES 110 CM;7,560;1.51;;110 CM;-;;ADORNO;-;Ramo;Ramo;1
LN-G01;FLOR ARTIFICIAL TIPO HOJA 74 CM;3,000;4.66;;74 CM;-;;ADORNO;-;-;-;-
LN-G02;FLOR ARTIFICIAL TIPO HOJA 92 CM;3,000;7.12;;92 CM;-;;ADORNO;-;-;-;-
LN-G03;FLOR ARTIFICIAL TIPO PETALOS 1 MT;5,040;5.18;;-;-;;ADORNO;-;-;-;-
ENA22-01;GUIA  130 CM;1,200;32.11;;130 CM;-;;ADORNO;-;Guia;Guia;-
ENA22-02;ESPIGA  85 CM;1,200;5.44;;85 CM;-;;ADORNO;-;-;-;-
A11009-1;FLOR ARTIFICIAL EN VARA X 3 CABEZAS 122 CM;1,080;23.95;;122 CM;-;;ADORNO;-;Vara;Vara;3
A11085;FOLLAJE ARTIFICIAL 140 CM;1,440;16.84;;140 CM;-;;ADORNO;-;-;-;-
RYB-VF180;ARBOL DE NAVIDAD TIPO PINO AUTOMATICA 1.80 MTS;20;314.76;;1.80 MTS;-;;ADORNO;-;Arbol;Arbol;-
RYB-VF210;ARBOL DE NAVIDAD TIPO PINO AUTOMATICA 2.10 MTS;20;424.81;;2.10 MTS;-;;ADORNO;-;Arbol;Arbol;-
RYB-NF180;ARBOL DE NAVIDAD CON NIEVE AUTOMATICA 1.80 MTS;20;420.11;;1.80 MTS;-;;ADORNO;-;Arbol;Arbol;-
RYB-NF210;ARBOL DE NAVIDAD CON NIEVE AUTOMATICA 2.10 MTS;20;546.05;;2.10 MTS;-;;ADORNO;-;Arbol;Arbol;-
RYB-G180;ARBOL DE NAVIDAD CON ADORNO DE FRUTAS AUTOMATICA 1.80 MTS;20;325.1;;1.80 MTS;-;;ADORNO;-;Arbol;Arbol;-
RYB-G210;ARBOL DE NAVIDAD CON ADORNO DE FRUTAS AUTOMATICA 2.10 MTS;20;430.45;;2.10 MTS;-;;ADORNO;-;Arbol;Arbol;-
RYB-V180;ARBOL DE NAVIDAD TIPO PINO SIMPLE 1.80 MTS;40;220.95;;1.80 MTS;-;;ADORNO;-;Arbol;Arbol;-
RYB-V210;ARBOL DE NAVIDAD TIPO PINO SIMPLE 2.10 MTS;25;295.54;;2.10 MTS;-;;ADORNO;-;Arbol;Arbol;-
RYB-V240;ARBOL DE NAVIDAD TIPO PINO SIMPLE 2.40 MTS;15;353.29;;2.40 MTS;-;;ADORNO;-;Arbol;Arbol;-
RYB-LP120;ARBOL DE NAVIDAD TIPO LAPICERO 1.20 MTS;100;25.03;;1.20 MTS;-;;ADORNO;-;Arbol;Arbol;-
RYB-LP180;ARBOL DE NAVIDAD TIPO LAPICERO 1.80 MTS;100;54;;1.80 MTS;-;;ADORNO;-;Arbol;Arbol;-
RYB-B180;ARBOL DE NAVIDAD CON NIEVE 1.80 MTS;40;160.63;;1.80 MTS;-;;ADORNO;-;Arbol;Arbol;-
RYB-B210;ARBOL DE NAVIDAD CON NIEVE 2.10 MTS;40;250.51;;2.10 MTS;-;;ADORNO;-;Arbol;Arbol;-
RYB-CR03;CORONA DE NAVIDAD CON ADORNO DE BOLITAS 50 CM;150;29.56;;50 CM;-;;ADORNO;-;Corona;Corona;-
RYB-CR04;CORONA DE NAVIDAD CON ADORNO DE PIÑAS 50 CM;150;33.41;;50 CM;-;;ADORNO;-;Corona;Corona;-
RYB-3V;VARA NAVIDEÑA X 3 27 CM (PQT X 12 PCS);168;3.7;;27 CM;-;;ADORNO;-;Vara;Vara;3
RYB-5N;VARA NAVIDEÑA X 5 27 CM (PQT X 12 PCS);128;5.7;;27 CM;-;;ADORNO;-;Vara;Vara;5
BAS-ARB;BASES DEL ARBOL DE NAVIDAD;22;7.27;;-;-;;ADORNO;-;Arbol;Arbol;-
YQ10-H01;FLOR ARTIFICIAL EN RAMO ROSA X 10 43 CM;2,400;4.73;;43 CM;Rosa;;ADORNO;-;Ramo;Ramo;10
YQ5-H02;FLOR ARTIFICIAL EN RAMO MARGARITA X 5 39 CM;3,000;2.36;;39 CM;Margarita;;ADORNO;-;Ramo;Ramo;5
YQ7-H03;FLOR ARTIFICIAL EN RAMO CARTUCHO X 7 39 CM;3,360;1.77;;39 CM;-;;ADORNO;-;Ramo;Ramo;7
YQ12-H05;FLOR ARTIFICIAL RAMO CLAVEL X 12 43 CM;2,400;3.25;;43 CM;Clavel;;ADORNO;-;Ramo;Ramo;12
YQ5-H06;FLOR ARTIFICIAL EN RAMO MARGARITA CON CORAZON AMARILLO X 5 39 CM;3,000;2.36;;39 CM;Margarita;;ADORNO;-;Ramo;Ramo;5
YQ10-H07;FLOR ARTIFICIAL EN RAMO CLAVEL X 10 50 CM;2,400;3.74;;50 CM;Clavel;;ADORNO;-;Ramo;Ramo;10
YQ12-H08;FLOR ARTIFICIAL EN RAMO ROSA X 12 43 CM;2,400;6.4;;43 CM;Rosa;;ADORNO;-;Ramo;Ramo;12
YQ12-H09B;FLOR ARTIFICIAL EN RAMO ROSA CON FOLLAJE BLANCO X 12 43 CM;1,800;6.7;;43 CM;Rosa;;ADORNO;-;Ramo;Ramo;12
YQ12-H10A;FLOR ARTIFICIAL EN RAMO ROSA CON FOLLAJE AMARILLO X 12 43 CM;1,800;6.7;;43 CM;Rosa;;ADORNO;-;Ramo;Ramo;12
YQ6-H11;FLOR ARTIFICIAL EN RAMO CLAVEL X 6 39 CM;3,000;2.36;;39 CM;Clavel;;ADORNO;-;Ramo;Ramo;6
YQ5-H12;FLOR ARTIFICIAL EN RAMO TIPO PIÑA X 5 39 CM;3,000;2.26;;39 CM;-;;ADORNO;-;Ramo;Ramo;5
YQ7-H13;FLOR ARTIFICIAL EN RAMO LUNA X 7 39 CM;3,000;2.85;;39 CM;-;;ADORNO;-;Ramo;Ramo;7
YQ10-H14;FLOR ARTIFICIAL EN RAMO ROSA DULCE X 10 43 CM;2,400;5.91;;43 CM;Rosa;;ADORNO;-;Ramo;Ramo;10
YQ5-H16;FLOR ARTIFICIAL EN RAMO GIRASOL X 5 39 CM;6,000;2.76;;39 CM;Girasol;;ADORNO;-;Ramo;Ramo;5
YQ-CB;FLOR ARTIFICIAL CABEZA DE GIRASOL 15 CM (PQT X 48 UND);500;20.69;;15 CM;Girasol;;ADORNO;-;-;-;48
YQ-CB-CH;FLOR ARTIFICIAL CABEZA DE MINI GIRASOL 6.5 CM (PQT X 120 UND);600;14.21;;6.5 CM;Girasol;;ADORNO;-;-;-;120
YQ-TT;GUIA DE PLASTICO 50 CM;16,000;0.26;;50 CM;-;;ADORNO;Plastico;Guia;Guia;-
YQ-HOJA;HOJA ARTIFICIAL PEQUEÑO 3.3 CM;90,000;0.04;;3.3 CM;-;;ADORNO;-;-;-;-
YQ-CARENA;CADENA ARTIFICIAL DE PLASTICO PARA COLOCAR FLORES 70 CM;11,250;0.2;;70 CM;-;;ADORNO;Plastico;-;-;-
RYG9-210;FLOR ARTIFICIAL ROSA EN RAMO X 9 CABEZAS 40 CM;1,200;13.29;"ROJO
ROSADO
MELON
BLANCO";40 CM;Rosa;SI;ADORNO;-;Ramo;Ramo con Follaje;9
RYG9-211;FLOR ARTIFICIAL ROSA EN RAMO CON FOLLAJE X 9 CABEZAS 40 CM;300;13.29;;40 CM;Rosa;;ADORNO;-;Ramo;Ramo;9
RYG12-CL;FLOR ARTIFICIAL EN RAMO CLAVEL PRIMAVERAL X 12 42 CM;960;8.86;;42 CM;Clavel;;ADORNO;-;Ramo;Ramo;12
RYG12-CV;FLOR ARTIFICIAL EN RAMO CLAVEL OTOÑAL X 12 42 CM;240;8.86;;42 CM;Clavel;;ADORNO;-;Ramo;Ramo;12
RYG12-711;FLOR ARTIFICIAL CAPULLOS DE PERLA X 12 CABEZAS 40 CM;1,200;8.86;;40 CM;-;;ADORNO;-;-;-;12
RYG12-RT;FLOR ARTIFICIAL EN RAMO CAMELLO PRIMAVERAL X 12 45 CM;1,440;12.8;;45 CM;-;;ADORNO;-;Ramo;Ramo;12
RYG12-CM;FLOR ARTIFICIAL EN RAMO CAMELLO OTOÑAL X 12 45 CM;360;12.8;;45 CM;-;;ADORNO;-;Ramo;Ramo;12
FD-01N;HOJA ARTIFICIAL EN RAMO COLGANTE X 7 100 CM;750;15.75;;100 CM;-;;ADORNO;-;Ramo;Ramo;7
FD-02;HOJA ARTIFICIAL EN RAMO X 5 39 CM;900;6.4;;39 CM;-;;ADORNO;-;Ramo;Ramo;5
FD-03;PLANTA ARTIFICIAL X 3 TALLOS CON FLORES 155 CM;60;78.77;;155 CM;-;;ADORNO;-;Planta;Planta;3
FD-04;PLANTA ARTIFICIAL X 3 TALLOS CON HOJAS 155 CM;45;88.6;;155 CM;-;;ADORNO;-;Planta;Planta;3
FD-05;HOJA ARTIFICIAL EN VARA 210 CM;150;28.55;;210 CM;-;;ADORNO;-;Vara;Vara;1
FD-06N;HOJA ARTIFICIAL EN VARA 160 CM;300;21.67;;160 CM;-;;ADORNO;-;Vara;Vara;1
FD-07;PLANTA ARTIFICIAL X 3 TALLOS CON HOJAS 120 CM;240;37.91;;120 CM;-;;ADORNO;-;Planta;Planta;3
FD-08;PLANTA ARTIFICIAL CHICA HOJAS LARGAS 60 CM;60;57.11;;60 CM;-;;ADORNO;-;Planta;Planta;-
FD-09;PLANTA ARTIFICIAL CHICA X 5 TALLOS CON HOJAS 67 CM;360;29.54;;67 CM;-;;ADORNO;-;Planta;Planta;5
JER-01;PEDESTAL D35*H92 CM PLASTICO BLANCO;80;50.22;;-;-;;ADORNO;Plastico;Pedestal;Pedestal;-
BL-F08;BOLA DE NAVIDAD ROSADO Y PLATEADO 8 CM (SET 4 UND);480;6.98;;8 CM;Rosa;;ADORNO;-;-;-;-
BL-F09;BOLA DE NAVIDAD ROSADO Y DORADO 8 CM (SET 4 UND);480;6.98;;8 CM;Rosa;;ADORNO;-;-;-;-
BL-F10;BOLA DE NAVIDAD ROSADO Y CIRCULOS DE COLORES 8 CM (SET 4 UND);480;6.24;;8 CM;Rosa;;ADORNO;-;-;-;-
BL-M12;BOLA DE NAVIDAD COLOR DORADO CHAMPAGNE TIPO ARBOL 14 CM (SET 4 UND);480;8.61;;14 CM;-;;ADORNO;-;Arbol;Arbol;-
BL-D15;BOLA DE NAVIDAD COLOR ORO ROSA 8 CM (SET 4 UND);480;6.57;;8 CM;Rosa;;ADORNO;-;-;-;-
BL-D16;BOLA DE NAVIDAD COLOR ORO ROSA TIPO ARBOL 14 CM (SET 4 UND);480;8.61;;14 CM;Rosa;;ADORNO;-;Arbol;Arbol;-
BL-D18;BOLA DE NAVIDAD DE COLOR ORO ROSA TIPO MINI BOLITAS 8 CM (SET 4 UND);480;6.57;;8 CM;Rosa;;ADORNO;-;-;-;-
BL8-09;BOLA DE NAVIDAD DE COLOR ROSADO LISO 8 CM (SET 4 UND);640;3.25;;8 CM;Rosa;;ADORNO;-;-;-;-
BL7-10;BOLA DE NAVIDAD DE COLOR ROSADO LISO 7 CM (SET 6 UND);360;4.61;;7 CM;Rosa;;ADORNO;-;-;-;-
AK-01;ESPIGA NAVIDEÑA 90 CM;1,440;4.59;;90 CM;-;;ADORNO;-;-;-;-
AK-02;ESPIGA NAVIDEÑA 80 CM;1,080;5.4;;80 CM;-;;ADORNO;-;-;-;-
AK-03;ESPIGA NAVIDEÑA 69 CM;1,080;3.77;;69 CM;-;;ADORNO;-;-;-;-
AK-04;ESPIGA NAVIDEÑA 85 CM;1,080;6.83;;85 CM;-;;ADORNO;-;-;-;-
LUZ-09;ARBOL DE NAVIDAD CON LUCES LED 1.50 MTS;150;64.18;;1.50 MTS;-;;ADORNO;-;Arbol;Arbol;-
LUZ-10;ARBOL DE NAVIDAD CON LUCES LED 1.60 MTS;250;99.9;;1.60 MTS;-;;ADORNO;-;Arbol;Arbol;-
CT-12;CINTA NAVIDEÑA COLOR PALO ROSA 6.3 CM * 9.14 MTS;1,440;9.99;;6.3 CM;Rosa;;ADORNO;-;-;-;-
BL-v24;BOLA DE NAVIDAD COLOR ROSADO 8 CM SET/4PCS;768;15.21;;8 CM;Rosa;;ADORNO;-;-;-;-
CT-01;CINTA NAVIDEÑA ROSA CLARO 6.3 CM * 9.14 MTS;1,440;9.76;;6.3 CM;Rosa;;ADORNO;-;-;-;-
YP5-01;FLOR ARTIFICIAL EN RAMO NAVIDEÑO TIPO CARDENAL X 5 40 CM;1,200;7.97;;40 CM;-;;ADORNO;-;Ramo;Ramo;5
YP5-02;FLOR ARTIFICIAL EN RAMO NAVIDEÑO TIPO CARDENAL X 5 50 CM;2,400;11.95;;50 CM;-;;ADORNO;-;Ramo;Ramo;5
YP5-03;FLOR ARTIFICIAL EN RAMO NAVIDEÑO TIPO CARDENAL COLOR ROJO  X 5 50 CM;2,400;4.18;;50 CM;-;;ADORNO;-;Ramo;Ramo;5
YP5-04;FLOR ARTIFICIAL EN RAMO NAVIDEÑO TIPO CARDENAL X 5 30 CM;2,400;3.08;;30 CM;-;;ADORNO;-;Ramo;Ramo;5
YP5-05;FLOR ARTIFICIAL EN RAMO NAVIDEÑO TIPO CARDENAL COLOR DORADO X 5 30 CM;2,400;2.79;;30 CM;-;;ADORNO;-;Ramo;Ramo;5
YPG6-06;ENREDADERA ARTIFICIAL NAVIDEÑA X 6 FLORES 180 CM;360;25.89;;180 CM;-;;ADORNO;-;-;-;6
YPG12-07;ENREDADERA ARTIFICIAL NAVIDEÑA X 12 FLORES 190 CM;720;8.76;;190 CM;-;;ADORNO;-;-;-;12
YPGG12-08;ENREDADERA ARTIFICIAL NAVIDEÑA X 12 FLORES COLOR ROJO 190 CM;720;14.93;;190 CM;-;;ADORNO;-;-;-;12
STH-01;FLOR ARTIFICIAL EN VARA NAVIDEÑO TIPO CARDENAL ESTRELLA 25*15 CM;3,600;2.49;;25*15 CM;-;;ADORNO;-;Vara;Vara;1
STH-02;FLOR ARTIFICIAL EN VARA NAVIDEÑO TIPO CARDENAL MAGNOLIA 25*15 CM;3,600;2.89;;25*15 CM;-;;ADORNO;-;Vara;Vara;1
STH-14;FLOR ARTIFICIAL EN VARA NAVIDEÑO TIPO CARDENAL MAGNOLIA 20*15 CM;3,600;1.89;;20*15 CM;-;;ADORNO;-;Vara;Vara;1
STH-15;FLOR ARTIFICIAL EN VARA NAVIDEÑO TIPO CARDENAL MAGNOLIA 23*20 CM;3,600;2.39;;23*20 CM;-;;ADORNO;-;Vara;Vara;1
STH-16;FLOR ARTIFICIAL EN VARA NAVIDEÑO TIPO CARDENAL ESTRELLA 28*18 CM;3,600;3.08;;28*18 CM;-;;ADORNO;-;Vara;Vara;1
BH09-01;FLOR ARTIFICIAL EN RAMO X 9 60 CM;2,000;9.45;;60 CM;-;;ADORNO;-;Ramo;Ramo;9
BH04-02;FLOR ARTIFICIAL EN VARA 100 CM;2,400;5.98;;100 CM;-;;ADORNO;-;Vara;Vara;1
RGA5-03;FLOR ARTIFICIAL EN RAMO X 5 76 CM;1,800;4.48;;76 CM;-;;ADORNO;-;Ramo;Ramo;5
JAN;FLOR ARTIFICIAL EN VARA 76 CM;5,400;1.49;;76 CM;-;;ADORNO;-;Vara;Vara;1
HTL-03N;GUIA ARTIFICIAL CON ROSAS 175 CM;750;9.96;;175 CM;Rosa;;ADORNO;-;Guia;Guia;-
HTL-04N;FLOR ARTIFICIAL EN RAMO COLGANTE CON ROSAS 90 CM;750;9.96;;90 CM;Rosa;;ADORNO;-;Ramo;Ramo;1
HTL-05N;ENREDADERA CON ROSAS 150 CM;200;23.88;;150 CM;Rosa;;ADORNO;-;-;-;-
SH-01N;FLOR ARTIFICIAL EN RAMO PLASTICO MINI X 5 30 CM;10,800;1.79;;30 CM;-;;ADORNO;Plastico;Ramo;Ramo;5
HJ-01;ADORNO PORTA FLORES 55*30*146 CM;120;89.24;;55*30*146 CM;-;;ADORNO;-;Adorno;Adorno;-
HJ-02;ADORNO PORTA FLORES COLOR DORADO 55*30*146 CM;60;104.91;;55*30*146 CM;-;;ADORNO;-;Adorno;Adorno;-
HJ-04;ADORNO PORTA FLORES 26*25*32 CM;240;22.91;;26*25*32 CM;-;;ADORNO;-;Adorno;Adorno;-
RYG10-224;FLOR ARTIFICIAL ROSA DE GINEBRA EN RAMO X 10 CABEZAS 40 CM;1,800;10.93;;40 CM;Rosa;;ADORNO;-;Ramo;Ramo;10
RYG9-301;FLOR ARTIFICIAL ROSA BOTON EN RAMO X 9 CABEZAS 40 CM;1,080;11.4;"Melon, 
Lila , oscuro";40 CM;Rosa;SI;ADORNO;Tela Normal;Ramo;Ramo con Follaje;9
RYG10-302;FLOR ARTIFICIAL ROSA SUEÑO EN RAMO X 10 CABEZAS 40 CM;1,800;10.45;;40 CM;Rosa;;ADORNO;-;Ramo;Ramo;10
RYG18-231;FLOR ARTIFICIAL ROSA DEL AFRICA OTOÑAL EN RAMO X 18 CABEZAS 40 CM;1,020;12.35;;40 CM;Rosa;;ADORNO;-;Ramo;Ramo;18
RYG18-232;FLOR ARTIFICIAL ROSA DEL VALLE PRIMAVERAL EN RAMO X 18 CABEZAS 40 CM;1,020;12.83;;40 CM;Rosa;;ADORNO;-;Ramo;Ramo;18
RYG12-304;FLOR ARTIFICIAL ROSA MADRE EN RAMO X 12 CABEZAS 40 CM;2,400;11.88;;40 CM;Rosa;;ADORNO;-;Ramo;Ramo;12
RYG10-305;FLOR ARTIFICIAL ROSA REYNA EN RAMO X 10 CABEZAS 40 CM;1,500;12.35;;40 CM;Rosa;;ADORNO;-;Ramo;Ramo;10
RYG11-306;FLOR ARTIFICIAL PEONIA EN RAMO X 11 CABEZAS 40 CM;1,260;12.83;;40 CM;Peonia;;ADORNO;-;Ramo;Ramo;11
RYG12-307;FLOR ARTIFICIAL CLAVEL EN RAMO X 12 CABEZAS 40 CM;2,520;10.93;;40 CM;Clavel;;ADORNO;-;Ramo;Ramo;12
RYG10-308;FLOR ARTIFICIAL ROSA DEL MAR EN RAMO X 10 CABEZAS 40 CM;1,680;11.4;;40 CM;Rosa;;ADORNO;-;Ramo;Ramo;10
RYG11-703;FLOR ARTIFICIAL TALIA EN RAMO X 11 CABEZAS 45 CM;1,500;9.5;;45 CM;-;;ADORNO;-;Ramo;Ramo;11
RYG5-201;FLOR ARTIFICIAL ROSA ABIERTA EN RAMO X 5 CABEZAS 35 CM;3,000;3.33;;35 CM;Rosa;;ADORNO;-;Ramo;Ramo;5
RYG5-11;FLOR ARTIFICIAL ROSA ABIERTA EN RAMO X 5 CABEZAS 40 CM;3,000;2.38;;40 CM;Rosa;;ADORNO;-;Ramo;Ramo;5
RYG12-314;FLOR ARTIFICIAL ROSA ILUSION EN RAMO X 12 CABEZAS 40 CM;1,680;10.93;;40 CM;Rosa;;ADORNO;-;Ramo;Ramo;12
RYG10-309;FLOR ARTIFICIAL ROSA ORQUIDEA EN RAMO X 10 CABEZAS 40 CM;1,080;10.93;;40 CM;Rosa;;ADORNO;-;Ramo;Ramo;10
RYG12-311;FLOR ARTIFICIAL ROSA DE AMOR EN RAMO X 12 CABEZAS 40 CM;540;11.88;;40 CM;Rosa;;ADORNO;-;Ramo;Ramo;12
RYG10-312;FLOR ARTIFICIAL ROSA CAMPANA EN RAMO X 10 CABEZAS 40 CM;1,200;7.13;;40 CM;Rosa;;ADORNO;-;Ramo;Ramo;10
RYG9-313;FLOR ARTIFICIAL ROSA BOTON CON ILUSION EN RAMO X 9 CABEZAS 40 CM;1,080;11.4;;40 CM;Rosa;;ADORNO;-;Ramo;Ramo;9
RYG12-214;FLOR ARTIFICIAL ROSA BOTON EN RAMO X 12 CABEZAS 40 CM;1,728;8.08;;40 CM;Rosa;;ADORNO;-;Ramo;Ramo;12
YQ5-H15;FLOR ARTIFICIAL CRISANTEMO EN RAMO X 5 CABEZAS 46 CM;3,000;4.75;;46 CM;Crisantemo;;ADORNO;-;Ramo;Ramo;5
AK-01;ESPIGA NAVIDEÑA 90 CM;4,800;3.8;;90 CM;-;;ADORNO;-;-;-;-
STH-07;FLOR ARTIFICIAL NAVIDEÑO UNITARIO 34 CM;3,000;3.33;;34 CM;-;;ADORNO;-;-;-;-
STH-11;FLOR ARTIFICIAL NAVIDEÑO UNITARIO 38 CM;1,800;6.65;;38 CM;-;;ADORNO;-;-;-;-
STH-12;FLOR ARTIFICIAL NAVIDEÑO UNITARIO 26 CM;3,000;2.85;;26 CM;-;;ADORNO;-;-;-;-
FOT-G01;RAMA CON HOJAS NAVIDEÑO VERDE 80 CM ;2,040;3.8;;80 CM;-;;ADORNO;-;-;-;-
FOT-G02;RAMA SIN HOJAS NAVIDEÑO BLANCO 80 CM;2,040;3.33;;80 CM;-;;ADORNO;-;-;-;-
FOT-G03;RAMA SIN HOJAS NAVIDEÑO DORADO 80 CM;2,040;4.75;;80 CM;-;;ADORNO;-;-;-;-
FOT-FUT;ESPIGA NAVIDEÑA 95 CM;1,500;3.33;;95 CM;-;;ADORNO;-;-;-;-
FOT-HOJA;HOJA NAVIDEÑA 68 CM;2,016;1.9;;68 CM;-;;ADORNO;-;-;-;-
FUND-01; FLOR ADORNO DE PLASTICO 2*2 MTS;10;794.38;;2*2 M;-;;ADORNO;Plastico;Adorno;Adorno;-
FUND-01-1;PARTES DE LA FLOR ADORNO DE PLASTICO (EN MATERIAL DE METAL);10;0;;-;-;;ADORNO;Plastico;Adorno;Adorno;-
JLP-W01;FLORERO DE PLASTICO DE 60*16 CM;100;14.44;;60*16 CM;-;;ADORNO;Plastico;Florero;Florero;-
JLP-W02;FLORERO DE PLASTICO DE 60*16 CM;200;17.32;;60*16 CM;-;;ADORNO;Plastico;Florero;Florero;-
JLP-W03;FLORERO DE PLASTICO DE 65*21 CM;120;23.92;;65*21 CM;-;;ADORNO;Plastico;Florero;Florero;-
JLP-W04;FLORERO DE PLASTICO DE 60*16 CM;100;15.67;;60*16 CM;-;;ADORNO;Plastico;Florero;Florero;-
JLP-W05;FLORERO DE PLASTICO TIPO COPA DE 40*16 CM;200;10.72;;40*16 CM;-;;ADORNO;Plastico;Florero;Florero;-
JLP-W06;FLORERO DE PLASTICO DE 14*14 CM;750;5.77;;14*14 CM;-;;ADORNO;Plastico;Florero;Florero;-
JLP-W07;FLORERO DE PLASTICO DE 16*14 CM;50;14.85;;16*14 CM;-;;ADORNO;Plastico;Florero;Florero;-
JLP-W08;FLORERO DE PLASTICO TIPO COPA DE 78*27 CM;60;26.4;;78*27 CM;-;;ADORNO;Plastico;Florero;Florero;-
LN-G04;ESPIGA ARTIFICIAL DE 83 CM;4,800;1.79;;83 CM;-;;ADORNO;-;-;-;-
LN-G05;ESPIGA ARTIFICIAL CON FRUTA DE 83 CM;3,600;2.37;;83 CM;-;;ADORNO;-;-;-;-
LN-G06;HOJA ARTIFICIAL NAVIDEÑO DE 65 CM;1,800;1.92;;65 CM;-;;ADORNO;-;-;-;-
LN-G07;FLOR ARTIFICIAL EN VARA 95 CM ;1,500;7.7;;95 CM;-;;ADORNO;-;Vara;Vara;1
LN-G08;FLOR ARTIFICIAL EN VARA 68 CM ;2,100;2.96;;68 CM;-;;ADORNO;-;Vara;Vara;1
RO5T-01;FLOR ARTIFICIAL EN RAMO HORTENSIAS DE JAPON X 5 CABEZAS 49 CM;3,264;5.33;;49 CM;Hortensia;;ADORNO;-;Ramo;Ramo;5
TUY20-07;FLOR ARTIFICIAL EN RAMO X 5 CABEZAS 47 CM;5,040;2.96;;47 CM;-;;ADORNO;-;Ramo;Ramo;5
TUY20-081;FLOR ARTIFICIAL EN RAMO X 10 CABEZAS 45 CM;5,040;3.57;;45 CM;-;;ADORNO;-;Ramo;Ramo;10
JLP-28;PEDESTAL DE PLASTICO TIPO ROMANO 88 CM;320;21.45;;88 CM;-;;ADORNO;Plastico;Pedestal;Pedestal;-
JLP-R;PEDESTAL DE PLASTICO CIRCULAR 90*30 CM;200;29.7;;90*30 CM;-;;ADORNO;Plastico;Pedestal;Pedestal;-
HOJA-01;RAMO COLGANTE CON FLORES 110 CM;2,520;1.37;;110 CM;-;;ADORNO;-;Ramo;Ramo;1
HJ-04;ADORNO PORTA FLORES 26*25*32 CM;160;27.22;;26*25*32 CM;-;;ADORNO;-;Adorno;Adorno;-
4060-02;PASTO ARTIFICIAL HOJA CHICO 40*60 CM;5,000;5.67;;40*60 CM;-;;ADORNO;-;-;-;-
4060-02F;PASTO ARTIFICIAL HOJA CHICO 40*60 CM;3,000;5.67;;40*60 CM;-;;ADORNO;-;-;-;-
MA-103;MALLA DE PLASTICO CON HOJAS ARTIFICIALES DE 1*3 MTS;1,050;35.11;;1*3 M;-;;ADORNO;Plastico;-;-;-
4060-01;PASTO ARTIFICIAL HOJA GRANDE 40*60 CM;4,000;7.98;;40*60 CM;-;;ADORNO;-;-;-;-
CHY-01;HOJA ARTIFICIAL EN RAMO X 5 50 CM;1,800;4.56;;50 CM;-;;ADORNO;-;Ramo;Ramo;5
FD-HY;HOJA ARTIFICIAL DE 72 CM;2,000;5.27;;72 CM;-;;ADORNO;-;-;-;-
JER-01;PEDESTAL D35*H92 CM PLASTICO BLANCO;92;58.18;;-;-;;ADORNO;Plastico;Pedestal;Pedestal;-
ESP-01;ESPIGA ARTIFICIAL DE PLASTICO CON ADORNO DE MARIPOSA Y PAJARITO 80 CM;7,200;1.82;;80 CM;-;;ADORNO;Plastico;Adorno;Adorno;-
FOT-HP;FLOR ARTIFICIAL EN PLANCHA 40*60 CM;210;46.14;;40*60 CM;-;;ADORNO;-;-;-;-
FOT-HP;FLOR ARTIFICIAL EN PLANCHA 40*60 CM;210;46.14;;40*60 CM;-;;ADORNO;-;-;-;-
FOT-HP;FLOR ARTIFICIAL EN PLANCHA 40*60 CM;126;46.14;;40*60 CM;-;;ADORNO;-;-;-;-
FOT-HP;FLOR ARTIFICIAL EN PLANCHA 40*60 CM;210;46.14;;40*60 CM;-;;ADORNO;-;-;-;-
FOT-HP;FLOR ARTIFICIAL EN PLANCHA 40*60 CM;210;46.14;;40*60 CM;-;;ADORNO;-;-;-;-
FOT-H30;ENREDADERA ARTIFICIAL DE HOJAS 3 MTS;324;33.85;;3 MTS;-;;ADORNO;-;-;-;-
FOT-LW55;ESPIGA ARTIFICIAL 55 CM;3,600;2.06;;55 CM;-;;ADORNO;-;-;-;-
FOT-LW150;ESPIGA ARTIFICIAL 150 CM;1,200;8.2;;150 CM;-;;ADORNO;-;-;-;-
FOT-PALO;ESPONJA DE ESPUMA 6 CM * 2 MTS;500;8.2;;6 CM;-;;ADORNO;-;-;-;-
FOT-PLANCHA;ESPONJA DE ESPUMA 1*1 MTS * 10 CM;32;50.27;;1*1 M;-;;ADORNO;-;-;-;-
FOT-T16;GUIA ARTIFICIAL 300 CM;320;33.87;;300 CM;-;;ADORNO;-;Guia;Guia;-
ZHU-E46;FLOR ARTIFICIAL EN VARA 96 CM;1,400;5.33;;96 CM;-;;ADORNO;-;Vara;Vara;1
ZHU-E60;GUIA ARTIFICIAL CON FLORES 170 CM;2,500;3.27;;170 CM;-;;ADORNO;-;Guia;Guia;-
TUY12-26;FLOR ARTIFICIAL EN RAMO X 12 54 CM;2,400;8;;54 CM;-;;ADORNO;-;Ramo;Ramo;12
TUY12-27;FLOR ARTIFICIAL EN RAMO X 12 45 CM;6,000;6.17;;45 CM;-;;ADORNO;-;Ramo;Ramo;12
JER-01;PEDESTAL D35*H92 CM PLASTICO BLANCO;28;52.34;;-;-;;ADORNO;Plastico;Pedestal;Pedestal;-
XM-05;MESA PARA JARDIN CON SOMBRILLA DE METAL 70*72 CM;24;731.22;;70*72 CM;-;;ADORNO;Metal;-;-;-
XLA-04;ADORNO TIPO PEDESTAL CON LUZ LED 38*38*96 CM;12;319.37;;38*38*96 CM;-;;ADORNO;-;Adorno;Adorno;-
XLA-05;ADORNO TIPO PEDESTAL CON LUZ LED 38*38*112 CM;12;356.86;;38*38*112 CM;-;;ADORNO;-;Adorno;Adorno;-
ZHU-E59;FLOR ARTIFICIAL COLGANTE 100 CM;864;7.6;;100 CM;-;;ADORNO;-;-;-;-
ZHU-E57;FLOR ARTIFICIAL EN VARA ILUSION DE PLASTICO 60 CM;3,600;1.69;;60 CM;-;;ADORNO;Plastico;Vara;Vara;1
ZHU-E70;FLOR ARTIFICIAL EN RAMO TIPO  GIRASOL  X 7 50 CM;1,440;7.6;;50 CM;Girasol;;ADORNO;-;Ramo;Ramo;7
ZHU-E16;FLOR ARTIFICIAL EN RAMO TIPO  GIRASOL X 5 45 CM;1,920;4.69;;45 CM;Girasol;;ADORNO;-;Ramo;Ramo;5
ZHU-E105;FLOR ARTIFICIAL EN RAMO PEQUEÑO TIPO  GIRASOL X 4 30 CM;3,000;2.19;;30 CM;Girasol;;ADORNO;-;Ramo;Ramo;4
HZL-02;FLOR ARTIFICIAL EN RAMO TIPO CAMPANILLA X 5 30 CM;1,800;1.87;;30 CM;-;;ADORNO;-;Ramo;Ramo;5
HZL-03;FLOR ARTIFICIAL EN RAMO TIPO CLAVEL X 6 45 CM;3,168;3.12;;45 CM;Clavel;;ADORNO;-;Ramo;Ramo;6
LJK-01;FLOR ARTIFICIAL EN RAMO TIPO  ROSA PEQUEÑA X 7 38 CM;3,000;5.62;;38 CM;Rosa;;ADORNO;-;Ramo;Ramo;7
XDA-01;FLOR ARTIFICIAL EN RAMO TIPO GLADIOLO X 5 44 CM;2,000;2.25;;44 CM;-;;ADORNO;-;Ramo;Ramo;5
XDA-02;FLOR ARTIFICIAL EN VARA 87 CM;2,160;2.34;;87 CM;-;;ADORNO;-;Vara;Vara;1
RUY-B01;FLOR ARTIFICIAL ROSA ESTRELLA UNITARIA 46 CM;9,216;1.65;;46 CM;Rosa;;ADORNO;-;-;-;-
RUY-B02;FLOR ARTIFICIAL ROSA REDONDA UNITARIA 48 CM;5,760;1.77;;48 CM;Rosa;;ADORNO;-;-;-;-
RUY-B03;FLOR ARTIFICIAL ROSA REDONDA EN RAMO X 6 47 CM;1,920;9.73;;47 CM;Rosa;;ADORNO;-;Ramo;Ramo;6
RUY-B04;FLOR ARTIFICIAL ROSA ESTRELLA EN RAMO X 6 45 CM;1,920;9.14;;45 CM;Rosa;;ADORNO;-;Ramo;Ramo;6
RUY-B05;FLOR ARTIFICIAL ROSA EN VARA X 5 106 CM;960;8.06;;106 CM;Rosa;;ADORNO;-;Vara;Vara;5
RUY-B06;FLOR ARTIFICIAL ROSA EN VARA X 3 35 CM;1,920;2.34;;35 CM;Rosa;;ADORNO;-;Vara;Vara;3
TF-04;FLOR ARTIFICIAL GLADIOLO PRIMAVERAL EN RAMO X 5 70 CM;3,600;4.41;;70 CM;-;;ADORNO;-;Ramo;Ramo;5
TF-05;FLOR ARTIFICIAL GLADIOLO OTOÑAL EN RAMO X 5 70 CM;1,280;4.84;;70 CM;-;;ADORNO;-;Ramo;Ramo;5
YLG-01;FLOR ARTIFICIAL CEREZO EN VARA 94 CM;2,500;5.16;;94 CM;-;;ADORNO;-;Vara;Vara;1
YLG-02;FLOR ARTIFICIAL DURAZNO EN VARA 105 CM;1,500;4.41;;105 CM;Durazno;;ADORNO;-;Vara;Vara;1
YLG-05;FOLLAJE ARTIFICIAL EN RAMO X 5 105 CM;3,200;3.23;;105 CM;-;;ADORNO;-;Ramo;Ramo;5
HS-01;FLOR ARTIFICIAL ORQUIDEA EN VARA 98 CM;1,200;5.16;;98 CM;Orquidea;;ADORNO;-;Vara;Vara;1
HS-02;HOJA ARTIFICIAL EN VARA 100 CM;1,500;4.41;;100 CM;-;;ADORNO;-;Vara;Vara;1
HS-03;ESPIGA ARTIFICIAL PLASTICO 108 CM;1,500;3.12;;108 CM;-;;ADORNO;Plastico;-;-;-
HS-04;FLOR ARTIFICIAL HORTENSIAS EN RAMO X 5 42 CM;1,224;5.27;;42 CM;Hortensia;;ADORNO;-;Ramo;Ramo;5
HS-06;FLOR ARTIFICIAL ROSA EN RAMO X 9 48 CM;2,250;7.79;;48 CM;Rosa;;ADORNO;-;Ramo;Ramo;9
JYAD-05N;ADORNO PORTA FLORES DE 30*30*80 CM;100;49.67;;30*30*80 CM;-;;ADORNO;-;Adorno;Adorno;-
JYAD-06N;ADORNO PORTA FLORES DE 30*30*60 CM;100;37.25;;30*30*60 CM;-;;ADORNO;-;Adorno;Adorno;-
JYAD-07N;ADORNO PORTA FLORES DE 30*30*100 CM;100;62.09;;30*30*100 CM;-;;ADORNO;-;Adorno;Adorno;-
HJ-07;"ADORNO PORTA FLORES DE 78*20*20 CM COLOR DORADO
";90;39.35;;78*20*20 CM;-;;ADORNO;-;Adorno;Adorno;-
JYAD-12N;"ADORNO PORTA FLORES DE 78*20*20 CM COLOR BLANCO
";90;36.12;;78*20*20 CM;-;;ADORNO;-;Adorno;Adorno;-
RON23-01;FOLLAJE COLGANTE ARTIFICIAL DE PLASTICO EN RAMO X 9 90 CM;1,800;4.89;;90 CM;-;;ADORNO;Plastico;Ramo;Ramo;9
RON23-02;FOLLAJE ARTIFICIAL DE PLASTICO EN RAMO X 6 130 CM;576;15.53;;130 CM;-;;ADORNO;Plastico;Ramo;Ramo;6
RON23-03;FOLLAJE ARTIFICIAL DE PLASTICO EN RAMO X 5 35 CM;4,200;1.96;;35 CM;-;;ADORNO;Plastico;Ramo;Ramo;5
RON23-04;FOLLAJE ARTIFICIAL DE PLASTICO EN RAMO X 18 90 CM;480;8.28;;90 CM;-;;ADORNO;Plastico;Ramo;Ramo;18
RON23-05;FOLLAJE ARTIFICIAL DE PLASTICO EN RAMO X 18 50 CM;720;7.31;;50 CM;-;;ADORNO;Plastico;Ramo;Ramo;18
TUY7-18;FLOR ARTIFICIAL ROSA EN RAMO X 7 53 CM;2,400;6.6;;53 CM;Rosa;;ADORNO;-;Ramo;Ramo;7
TUY7-19;FLOR ARTIFICIAL MINI ROSAS EN RAMO X 7 53 CM;3,120;5.38;;53 CM;Rosa;;ADORNO;-;Ramo;Ramo;7
TUY9-21;FLOR ARTIFICIAL CAPULLO DE ROSAS EN RAMO X 9 44 CM;3,600;3.96;;44 CM;Rosa;;ADORNO;-;Ramo;Ramo;9
TUY9-22;FLOR ARTIFICIAL ROSA DULCE EN RAMO X 9 43 CM;2,400;4.67;;43 CM;Rosa;;ADORNO;-;Ramo;Ramo;9
TUY9-23;FLOR ARTIFICIAL CAPULLO DE MINI ROSAS EN RAMO X 9 45 CM;2,400;3.76;;45 CM;Rosa;;ADORNO;-;Ramo;Ramo;9
TUY9-24;FLOR ARTIFICIAL ROSA EN RAMO X 9 44 CM;3,120;5.38;;44 CM;Rosa;;ADORNO;-;Ramo;Ramo;9
TUY12-25;FLOR ARTIFICIAL CAPULLO DE ROSAS EN RAMO X 12 45 CM;3,600;5.48;;45 CM;Rosa;;ADORNO;-;Ramo;Ramo;12
RYG12-303;FLOR ARTIFICIAL ROSA EN RAMO X 12 50 CM;1,260;12.99;;50 CM;Rosa;;ADORNO;-;Ramo;Ramo;12
RYG12-310;FLOR ARTIFICIAL ROSA BOTON EN RAMO X 12 50 CM;420;14.21;;50 CM;Rosa;;ADORNO;-;Ramo;Ramo;12
RYG9-228;FLOR ARTIFICIAL ROSA MEXICANA EN RAMO X 9 CABEZAS 40 CM;1,740;12.38;;40 CM;Rosa;;ADORNO;-;Ramo;Ramo;9
RYG5-10;FLOR ARTIFICIAL CRISANTEMO EN RAMO X 5 34 CM;3,300;2.59;;34 CM;Crisantemo;;ADORNO;-;Ramo;Ramo;5
RYG9-210;FLOR ARTIFICIAL ROSA EN RAMO X 9 CABEZAS 40 CM;3,000;12.38;"ROJO
ROSADO
MELON
BLANCO";40 CM;Rosa;SI;ADORNO;TELA TERCIOPELADA;Ramo;Ramo con Follaje;9
YQ10-H14;FLOR ARTIFICIAL EN RAMO ROSA DULCE X 10 43 CM;3,600;5.48;;43 CM;Rosa;;ADORNO;-;Ramo;Ramo;10
YQ12-H17;FLOR ARTIFICIAL ROSA ALEGRE EN RAMO X 12 43 CM;2,400;7.16;;43 CM;Rosa;;ADORNO;-;Ramo;Ramo;12
YQ-HT01;FLOR ARTIFICIAL CABEZA DE ROSAS 10 CM;12,000;0.51;;10 CM;Rosa;;ADORNO;-;-;-;-
YQ-HT02;FLOR ARTIFICIAL CABEZA DE ROSAS 11 CM;12,000;0.38;;11 CM;Rosa;;ADORNO;-;-;-;-
YQ-XHT03;FLOR ARTIFICIAL CABEZA DE MARGARITA 4 CM;216,000;0.1;;4 CM;Margarita;;ADORNO;-;-;-;-
GN-01;PLANTA ARTIFICIAL FLOR DE DURAZNO 2.40 MTS;16;730.76;;2.40 MTS;Durazno;;ADORNO;-;Planta;Planta;-
FOT-LW55;ESPIGA ARTIFICIAL 55 CM;3,600;1.85;;55 CM;-;;ADORNO;-;-;-;-
FOT-LW150;ESPIGA ARTIFICIAL 150 CM;1,200;7.31;;150 CM;-;;ADORNO;-;-;-;-
HZL-01;FLOR ARTIFICIAL EN RAMO CHICO X 6 30 CM;3,000;2.31;;30 CM;-;;ADORNO;-;Ramo;Ramo;6
HZL-04;FLOR ARTIFICIAL BOMBOM CHICO PRIMAVERA EN RAMO X 6 30 CM;3,000;2.31;;30 CM;-;;ADORNO;-;Ramo;Ramo;6
HZL-04;FLOR ARTIFICIAL BOMBOM CHICO OTOÑAL EN RAMO X 6 30 CM;3,000;2.31;;30 CM;-;;ADORNO;-;Ramo;Ramo;6
FOT-PLANCHA;ESPONJA DE ESPUMA 1*1 MTS * 10 CM;24;45.06;;1*1 M;-;;ADORNO;-;-;-;-
FD9-08;BANDEJA TIPO HOJA DE CARTON PRENSADO DE 33.5*12.5*4 CM;144;6.56;;33.5*12.5*4 CM;-;;ADORNO;-;-;-;-
FD9-09;BANDEJA TIPO HOJA DE CARTON PRENSADO DE 30.5*27.5*2 CM Y 38.5*30*2 CM (SET 2 PCS);144;16.69;;30.5*27.5*2 CM;-;;ADORNO;-;-;-;-
FD9-10;BANDEJA TIPO HOJA DE CARTON PRENSADO DE 39.5*14.5*3.5 CM Y 59*22*2.5 CM (SET 2 PCS);144;17.53;;39.5*14.5*3.5 CM;-;;ADORNO;-;-;-;-
SD-G01-1;GUIA DE NAVIDAD DE COLORES DE 2.70 MTS CON LUZ LED;30;108.74;;2.70 MTS;-;;ADORNO;-;Guia;Guia;-
SD-G01-2;GUIA DE NAVIDAD DORADO DE 2.70 MTS CON LUZ LED;30;113.1;;2.70 MTS;-;;ADORNO;-;Guia;Guia;-
SD-A150-2;ARBOL DE NAVIDAD DE 150 CM CON LUZ LED;30;113.99;;150 CM;-;;ADORNO;-;Arbol;Arbol;-
SD-A180-2;ARBOL DE NAVIDAD DE 180 CM CON LUZ LED;30;140.28;;180 CM;-;;ADORNO;-;Arbol;Arbol;-
SD-A210-2;ARBOL DE NAVIDAD DE 210 CM CON LUZ LED;18;175.34;;210 CM;-;;ADORNO;-;Arbol;Arbol;-
SD-A150-1;ARBOL DE NAVIDAD DE 150 CM CON LUZ LED DE COLORES;30;111.37;;150 CM;-;;ADORNO;-;Arbol;Arbol;-
SD-A180-1;ARBOL DE NAVIDAD DE 180 CM CON LUZ LED DE COLORES;30;137.66;;180 CM;-;;ADORNO;-;Arbol;Arbol;-
SD-A210-1;ARBOL DE NAVIDAD DE 210 CM CON LUZ LED DE COLORES;18;172.71;;210 CM;-;;ADORNO;-;Arbol;Arbol;-
HMC-05;MACETERO DE PLASTICO DE 25*30 CM;400;3.52;;25*30 CM;-;;ADORNO;Plastico;Macetero;Macetero;-
HMC-06;MACETERO DE PLASTICO DE 28*35 CM;200;3.93;;28*35 CM;-;;ADORNO;Plastico;Macetero;Macetero;-
HMC-07;MACETERO DE PLASTICO DE 35*36 CM;400;4.53;;35*36 CM;-;;ADORNO;Plastico;Macetero;Macetero;-
HOJA-01;RAMO COLGANTE CON FLORES 110 CM (PQT X 12 UND);1600;19.32;;110 CM;-;;ADORNO;-;Ramo;Ramo;12
YZ-06;FLOR ARTIFICIAL GUIA DE NOVIA 200 CM (SET 10/PCS);100;22.77;;200 CM;-;;ADORNO;-;Guia;Guia;-
YQT;CABEZA DE FLOR ARTIFICIAL DE 15 CM;72,000;0.2;;15 CM;-;;ADORNO;-;-;-;-
YQ5-H15;FLOR ARTIFICIAL CRISANTEMO EN RAMO X 5 CABEZAS 46 CM;3,000;4.82;;46 CM;Crisantemo;;ADORNO;-;Ramo;Ramo;5
YQ-TT;GUIA DE PLASTICO PARA ARMAR DE 50 CM;10,000;0.36;;50 CM;-;;ADORNO;Plastico;Guia;Guia;-
YQ-HOJA;HOJA ARTIFICIAL PEQUEÑO 3.3 CM;54,000;0.07;;3.3 CM;-;;ADORNO;-;-;-;-
HY-01;HOJA ARTIFICIAL EN VARA DE PLASTICO DE 68 CM (PQT X 12 UND);400;19.32;;68 CM;-;;ADORNO;Plastico;Vara;Vara;12
HY-02;HOJA ARTIFICIAL EN VARA DE PLASTICO DE 69 CM (PQT X 12 UND);300;13.56;;69 CM;-;;ADORNO;Plastico;Vara;Vara;12
HY-03;HOJA ARTIFICIAL EN VARA DE PLASTICO DE 67 CM (PQT X 12 UND);1,500;5.28;;67 CM;-;;ADORNO;Plastico;Vara;Vara;12
RYG10-224;FLOR ARTIFICIAL ROSA DE GINEBRA EN RAMO X 10 CABEZAS 40 CM;1,800;10.96;;40 CM;Rosa;;ADORNO;-;Ramo;Ramo;10
JR-11;FLORERO DE METAL DE 20*46 CM;48;46.52;;20*46 CM;-;;ADORNO;Metal;Florero;Florero;-
JR-12;FLORERO DE METAL DE 20*53 CM;48;48.58;;20*53 CM;-;;ADORNO;Metal;Florero;Florero;-
JR-13;FLORERO DE METAL DE 20*59 CM;48;50.58;;20*59 CM;-;;ADORNO;Metal;Florero;Florero;-
JZ-04;FLORERO DE METAL DE 28*28*58 CM;12;96.14;;28*28*58 CM;-;;ADORNO;Metal;Florero;Florero;-
JZ-05;FLORERO DE METAL DE 25*25*48.5 CM;12;78.93;;25*25*48.5 CM;-;;ADORNO;Metal;Florero;Florero;-
SD-150;ARBOL DE NAVIDAD DE 1.50 MTS;60;72.88;;1.50 MTS;-;;ADORNO;-;Arbol;Arbol;-
SD-180;ARBOL DE NAVIDAD DE 1.80 MTS;120;116.37;;1.80 MTS;-;;ADORNO;-;Arbol;Arbol;-
SD-210;ARBOL DE NAVIDAD DE 2.10 MTS;60;156.83;;2.10 MTS;-;;ADORNO;-;Arbol;Arbol;-
SD-240;ARBOL DE NAVIDAD DE 2.40 MTS;24;227.72;;2.40 MTS;-;;ADORNO;-;Arbol;Arbol;-
AK-01;ESPIGA NAVIDEÑA DE 90 CM;2,400;4.55;;90 CM;-;;ADORNO;-;-;-;-
FOT-H01;FLOR ARTIFICIAL EN RAMO X 6 DE 45 CM;192;15.18;;45 CM;-;;ADORNO;-;Ramo;Ramo;6
FOT-H02;FLOR ARTIFICIAL PEONIA EN RAMO X 7 DE 55 CM;240;15.68;;55 CM;Peonia;;ADORNO;-;Ramo;Ramo;7
FOT-H03;FLOR ARTIFICIAL ROSA EN RAMO X 7 DE 55 CM;240;16.7;;55 CM;Rosa;;ADORNO;-;Ramo;Ramo;7
FOT-H04;GUIA ARTIFICIAL DE ORTENSIA DE 240 CM;240;33.4;;240 CM;-;;ADORNO;-;Guia;Guia;-
FOT-H05;GUIA ARTIFICIAL DE ROSA DE 240 CM;240;33.4;;240 CM;Rosa;;ADORNO;-;Guia;Guia;-
FOT-H06;GUIA ARTIFICIAL DE ROSA DE 240 CM;240;18.21;;240 CM;Rosa;;ADORNO;-;Guia;Guia;-
FOT-H07;GUIA ARTIFICIAL DE HOJAS DE 240 CM;180;28.34;;240 CM;-;;ADORNO;-;Guia;Guia;-
FOT-H08;GUIA ARTIFICIAL DE HOJAS DE 240 CM;192;18.21;;240 CM;-;;ADORNO;-;Guia;Guia;-
FUD-01;RAMO COLGANTE ARTIFICIAL DE HOJAS X 12 DE 95 CM;240;13.16;;95 CM;-;;ADORNO;-;Ramo;Ramo;12
FUD-02;RAMO COLGANTE ARTIFICIAL DE HOJAS X 12 DE 105 CM;144;20.23;;105 CM;-;;ADORNO;-;Ramo;Ramo;12
FUD-03;PLANTA ARTIFIICAL CON HOJAS DE 190 CM;200;22.3;;190 CM;-;;ADORNO;-;Planta;Planta;-
FUD-04;PLANTA ARTIFIICAL CON HOJAS DE 180 CM;36;93.11;;180 CM;-;;ADORNO;-;Planta;Planta;-
FUD-05;PLANTA ARTIFICIAL DE CEREZO DE 130 CM;40;58.7;;130 CM;-;;ADORNO;-;Planta;Planta;-
FD-08;PLANTA ARTIFICIAL DE HOJAS LARGAS DE 60 CM;60;58.7;;60 CM;-;;ADORNO;-;Planta;Planta;-
LJK-01;FLOR ARTIFICIAL EN RAMO TIPO ROSA PEQUEÑA X 7 38 CM;1,200;6.07;;38 CM;Rosa;;ADORNO;-;Ramo;Ramo;7
XD-01;FLOR ARTIFICIAL COLGANTE ORQUIDEA X 5 DE 92 CM;480;8.88;;92 CM;Orquidea;;ADORNO;-;-;-;5
XD-02;FLOR ARTIFICIAL EN VARA ORQUIDEA  DE 69 CM;900;5.67;;69 CM;Orquidea;;ADORNO;-;Vara;Vara;1
YX-01N;RAMO COLGANTE ARTIFICIAL DE FLORES X 5 DE 130 CM;1,020;21.25;;130 CM;-;;ADORNO;-;Ramo;Ramo;5
OY-01;FOLLAJE COLGANTE ARTIFICIAL DE PLASTICO HOJA CHICO EN RAMO X 5 CABEZAS 80 CM;900;4.96;;80 CM;-;;ADORNO;Plastico;Ramo;Ramo;5
SOY7-13;FLOR ARTIFICIAL DE LOTO EN RAMO X 7 CABEZAS 30 CM;1,476;3.34;;30 CM;-;;ADORNO;-;Ramo;Ramo;7
SOY-R03;FLOR ARTIFICIAL ROSA CON MARGARITA EN RAMO X 5 30 CM;2,160;2.13;;30 CM;Rosa;;ADORNO;-;Ramo;Ramo;5
SOY7-H02;FLOR ARTIFICIAL ROSA PRIMAVERAL EN RAMO X 7 DE 32 CM;1,476;3.14;;32 CM;Rosa;;ADORNO;-;Ramo;Ramo;7
SOY7-H03;FLOR ARTIFICIAL ROSA OTOÑAL EN RAMO X 7 DE 32 CM;1,476;3.34;;32 CM;Rosa;;ADORNO;-;Ramo;Ramo;7
SOY18-H04;HOJA ARTIFICIAL X 18 DE 80 CM;576;9.61;;80 CM;-;;ADORNO;-;-;-;18
GDC-CT004;HOJA RAMO COLGANTE 96 CM;2,400;1.31;;96 CM;-;;ADORNO;-;Ramo;Ramo;1
LH-01-F;ARTICULO DE FIESTA TIPO FLOR DE 60 CM;800;5.64;;60 CM;-;;ADORNO;-;-;-;-
FOT-PLANCHA;ESPONJA DE ESPUMA DE 1*1 MTS*10 CM;16;50.92;;1*1 M;-;;ADORNO;-;-;-;-
AL150;ARBOL DE NAVIDAD DE 150 CM;100;50.46;;150 CM;-;;ADORNO;-;Arbol;Arbol;-
AL180;ARBOL DE NAVIDAD DE 180 CM;100;73.32;;180 CM;-;;ADORNO;-;Arbol;Arbol;-
AV180;ARBOL DE NAVIDAD AUTOMATICO DE 180 CM;20;229.93;;180 CM;-;;ADORNO;-;Arbol;Arbol;-
AV210;ARBOL DE NAVIDAD AUTOMATICO DE 210 CM;20;318.07;;210 CM;-;;ADORNO;-;Arbol;Arbol;-
AB180;ARBOL DE NAVIDAD CON NIEVE AUTOMATICO DE 180 CM;10;268.25;;180 CM;-;;ADORNO;-;Arbol;Arbol;-
BL-RD;JUEGO DE BOLAS DE NAVIDAD DE 25 UND DE 7 /5 CM ROSADO ;120;29.58;;5 CM;Rosa;;ADORNO;-;-;-;-
MP-RD;ADORNO NAVIDEÑO DE 19*20.5*7 CM ROSADO;576;7.66;;19*20.5*7 CM;Rosa;;ADORNO;-;Adorno;Adorno;-
HT-28;FLOR NAVIDEÑA DE 28 CM;1,200;2.63;;28 CM;-;;ADORNO;-;-;-;-
HT-23;FLOR NAVIDEÑA DE 23 CM;1,800;1.97;;23 CM;-;;ADORNO;-;-;-;-
HT-175;FLOR NAVIDEÑA DE 17.5 CM;3,240;1.18;;17.5 CM;-;;ADORNO;-;-;-;-
NRM-5;FLOR NAVIDEÑA DE 36 CM X 5 CABEZAS;1,080;4.71;;36 CM;-;;ADORNO;-;-;-;5
NFJ-R;ESPIGA NAVIDEÑA DE 70 CM ROJO;900;2.52;;70 CM;-;;ADORNO;-;-;-;-
NFJ-P;ESPIGA NAVIDEÑA DE 70 CM PLATEADO;900;3.07;;70 CM;-;;ADORNO;-;-;-;-
NFQ;ESPIGA NAVIDEÑA DE 70 CM;2,400;1.32;;70 CM;-;;ADORNO;-;-;-;-
EP;ESPIGA NAVIDEÑA DE 95 CM ;3,000;2.85;;95 CM;-;;ADORNO;-;-;-;-
EP-B;ESPIGA NAVIDEÑA DE 95 CM CON BOLA DE CRISTAL;1,200;6.02;;95 CM;-;;ADORNO;-;-;-;-
FAR-01;FLOR ARTIFICIAL TIPO MAGNOLIA X 20 CABEZAS DE 55 CM;630;9.41;;55 CM;-;;ADORNO;-;-;-;20
FAR-02;FLOR ARTIFICIAL TIPO SAYURI X 9 CABEZAS DE 57 CM;864;9.2;;57 CM;-;;ADORNO;-;-;-;9
FAR-03;FLOR ARTIFICIAL TIPO LIRIO X 3 CABEZAS DE 93 CM;1,440;4.6;;93 CM;Lirio;;ADORNO;-;-;-;3
FAR-04;FLOR ARTIFICIAL TIPO MAGNOLIA X 5 CABEZAS DE 58 CM;1,152;4.27;;58 CM;-;;ADORNO;-;-;-;5
FAR-05;FLOR ARTIFICIAL TIPO PHALAENOPSIS X 15 CABEZAS DE 45 CM;720;8.54;;45 CM;-;;ADORNO;-;-;-;15
FAR-06;FLOR ARTIFICIAL TIPO PHALAENOPSIS GRANDE X 8 CABEZAS DE 100 CM;720;6.68;;100 CM;-;;ADORNO;-;-;-;8
FAR-07;FLOR ARTIFICIAL TIPO PHALAENOPSIS PEQUEÑA X 9 CABEZAS DE 64 CM;1,080;5.93;;64 CM;-;;ADORNO;-;-;-;9
GN-200;FLOR ARTIFICIAL GUIA DE NOVIA DE 200 CM;2,988;2.85;;200 CM;-;;ADORNO;-;Guia;Guia;-
RYG5-1;FLOR ARTIFICIALX 5 CABEZAS DE 38 CM;3,000;3.28;;38 CM;-;;ADORNO;-;-;-;5
RYG5-2;FLOR ARTIFICIALX 5 CABEZAS DE 38 CM;300;3.72;;38 CM;-;;ADORNO;-;-;-;5
RYG5-5;FLOR ARTIFICIALX 5 CABEZAS DE 38 CM;3,000;3.28;;38 CM;-;;ADORNO;-;-;-;5
RYG5-2;FLOR ARTIFICIAL X 5 CABEZAS DE 38 CM;3,300;4.09;;38 CM;-;;ADORNO;-;-;-;5
RYG5-3;FLOR ARTIFICIAL X 5 CABEZAS DE 38 CM;3,600;4.21;;38 CM;-;;ADORNO;-;-;-;5
RYG5-4;FLOR ARTIFICIAL X 5 CABEZAS DE 38 CM;3,600;4.21;;38 CM;-;;ADORNO;-;-;-;5
RYG5-6;FLOR ARTIFICIAL X 5 CABEZAS DE 38 CM;3,600;4.21;;38 CM;-;;ADORNO;-;-;-;5
RYG5-1;FLOR ARTIFICIAL X 5 CABEZAS DE 38 CM;600;3.61;;38 CM;-;;ADORNO;-;-;-;5
RYG5-5;FLOR ARTIFICIAL X 5 CABEZAS DE 38 CM;600;3.61;;38 CM;-;;ADORNO;-;-;-;5
RYG10-RS;FLOR ARTIFICIAL X 10 CABEZAS DE 46 CM;1,500;10.22;"Amarillo
Celesta
Blanco
Perla
Melon
Hueso
Azul
Verde botella
Rosado bb
Rosado
Celeste con blanco";46 CM;Rosa;;ADORNO;Tela Normal;Ramo;Ramo con follaje;10
RYG7-XS;FLOR ARTIFICIAL X 7 CABEZAS DE 44 CM;1,080;11.78;;44 CM;-;;ADORNO;-;-;-;7
RYG12-LU;FLOR ARTIFICIAL X 12 CABEZAS DE 43 CM;1,500;12.02;;43 CM;-;;ADORNO;-;-;-;12
RYG9-BJ;FLOR ARTIFICIAL X 9 CABEZAS DE 44 CM;450;11.06;;44 CM;-;;ADORNO;-;-;-;9
RYG5-OT;FLOR ARTIFICIAL X 5 CABEZAS DE 47 CM;2,160;10.22;;47 CM;-;;ADORNO;-;-;-;5
FLR-01;FLOR ARTIFICIAL X 20 CABEZAS PEQUEÑAS DE 30 CM;900;5.41;;30 CM;-;;ADORNO;-;-;-;20
FLR-02;FLOR ARTIFICIAL X 7 CABEZAS DE 32 CM;720;6.61;;32 CM;-;;ADORNO;-;-;-;7
FLR-03;FLOR ARTIFICIAL X 12 CABEZAS OTOÑAL DE 36 CM;816;11.43;;36 CM;-;;ADORNO;-;-;-;12
FLR-04;FLOR ARTIFICIAL X 9 CABEZAS DE 35 CM;1,296;10.22;;35 CM;-;;ADORNO;-;-;-;9
FLR-05;FLOR ARTIFICIAL X 9 CABEZAS DE 48 CM;1,200;9.62;;48 CM;-;;ADORNO;-;-;-;9
FLR-06;FLOR ARTIFICIAL X 9 CABEZAS DE 39 CM;816;15.63;;39 CM;-;;ADORNO;-;-;-;9
FLR-07;FLOR ARTIFICIAL X 13 CABEZAS DE 44 CM;480;23.45;;44 CM;-;;ADORNO;-;-;-;13
FLR-08;FLOR ARTIFICIAL X 12 CABEZAS DE 55 CM;480;21.04;;55 CM;-;;ADORNO;-;-;-;12
FLR-09;FLOR ARTIFICIAL X 12 CABEZAS DE 55 CM;480;21.64;;55 CM;-;;ADORNO;-;-;-;12
FLR-10;FLOR ARTIFICIAL X 12 CABEZAS DE 48 CM;1,296;9.02;;48 CM;-;;ADORNO;-;-;-;12
EU-03;HOJA ARTIFICIAL DE 48 CM;1,800;3.85;;48 CM;-;;ADORNO;-;-;-;-
EU-04;HOJA ARTIFICIAL DE 60 CM;600;7.93;;60 CM;-;;ADORNO;-;-;-;-
LH-01-F;ARTICULO DE FIESTA TIPO FLOR DE 60 CM;1,200;7.91;;60 CM;-;;ADORNO;-;-;-;-
BAS-01;FLORERO DE 30*46 CM;72;18.6;;30*46 CM;-;;ADORNO;-;Florero;Florero;-
BAS-02;FLORERO DE 23*15.5*31.5 CM CON PATA DE MADERA DE 3.8*10 CM;36;34.84;;23*15.5*31.5 CM;-;;ADORNO;Madera;Florero;Florero;-
BAS-03;FLORERO DE 28*16*27 CM CON PATA DE MADERA DE 3.8*10 CM;36;40.9;;28*16*27 CM;-;;ADORNO;Madera;Florero;Florero;-
BAS-04;FLORERO DE 21.7*31.5 CM;30;23.06;;21.7*31.5 CM;-;;ADORNO;-;Florero;Florero;-
BAS-05;FLORERO DE 27.3*37 CM;24;35.18;;27.3*37 CM;-;;ADORNO;-;Florero;Florero;-
BAS-06;FLORERO DE 32.3*41.5 CM;18;54.88;;32.3*41.5 CM;-;;ADORNO;-;Florero;Florero;-
BAS-07;FLORERO DE 28*25*8 / 33*29*9 / 38*10 CM (SET 3/PCS);54;46.12;;28*25*8 ;-;;ADORNO;-;Florero;Florero;-
BAS-10;FLORERO DE 17*21*18 CM;120;12.62;;17*21*18 CM;-;;ADORNO;-;Florero;Florero;-
BAS-11;FLORERO DE 20*25*21 CM;60;18.01;;20*25*21 CM;-;;ADORNO;-;Florero;Florero;-
BAS-12;FLORERO DE 25*31*26 CM;48;33.67;;25*31*26 CM;-;;ADORNO;-;Florero;Florero;-
BAS-13;FLORERO DE 10.5*14.5 CM;120;8.42;;10.5*14.5 CM;-;;ADORNO;-;Florero;Florero;-
BAS-14;FLORERO DE 16.5*18.5 CM;54;15.65;;16.5*18.5 CM;-;;ADORNO;-;Florero;Florero;-
BAS-15;FLORERO DE 23*25 CM;18;36.11;;23*25 CM;-;;ADORNO;-;Florero;Florero;-
BAS-16;FLORERO DE 35*29 CM;18;58.91;;35*29 CM;-;;ADORNO;-;Florero;Florero;-
BAS-17;FLORERO DE 10.5*14.5 CM;120;4.8;;10.5*14.5 CM;-;;ADORNO;-;Florero;Florero;-
BAS-18;FLORERO DE 16.5*18.5 CM;54;10.18;;16.5*18.5 CM;-;;ADORNO;-;Florero;Florero;-
BAS-19;FLORERO DE 23*25 CM;18;28.87;;23*25 CM;-;;ADORNO;-;Florero;Florero;-
BAS-20;FLORERO DE 35*29 CM;18;40.9;;35*29 CM;-;;ADORNO;-;Florero;Florero;-
JLP-22-02;FLORERO DE PLASTICO TIPO CANASTA DE 25 CM;3,000;1.6;;25 CM;-;;ADORNO;Plastico;Florero;Florero;-
V-GRS5-01;FLOR ARTIFICIAL GIRASOL EN VARA X 5 CABEZAS 75 CM;1,440;3.85;;75 CM;Girasol;;ADORNO;-;Vara;Vara;5
TLZ-01;FLOR ARTIFICIAL EN RAMO X 5 CABEZAS DE 44 CM;960;3.09;;44 CM;-;;ADORNO;-;Ramo;Ramo;5
RUY-CH;FLOR ARTIFICIAL EN RAMO X 7 CABEZAS DE 40 CM;2,250;4.08;;40 CM;-;;ADORNO;-;Ramo;Ramo;7
RUY-05;FLOR ARTIFICIAL ROSA ESTRELLA ABIERTA EN VARA 38 CM;8,640;1.09;;38 CM;Rosa;;ADORNO;-;Vara;Vara;1
RUY-13N;FLOR ARTIFICIAL EN RAMO X 6 CABEZAS DE 45 CM;960;5.84;;45 CM;-;;ADORNO;-;Ramo;Ramo;6
RUY-15;FLOR ARTIFICIAL ROSA EN VARA X 5 CABEZAS 85 CM;480;4.75;;85 CM;Rosa;;ADORNO;-;Vara;Vara;5
RUY-DX;FLOR ARTIFICIAL EN VARA ROSA PEQUEÑA DE 50 CM;12,000;0.65;;50 CM;Rosa;;ADORNO;-;Vara;Vara;1
FAR-01;FLOR ARTIFICIAL TIPO MAGNOLIA X 20 CABEZAS DE 55 CM;1,470;5.3;;55 CM;-;;ADORNO;-;-;-;20
FAR-02;FLOR ARTIFICIAL TIPO SAYURI X 9 CABEZAS DE 57 CM;2,016;5.3;;57 CM;-;;ADORNO;-;-;-;9
GRS7-02;FLOR ARTIFICIAL EN RAMO X 7 CABEZAS DE 50 CM;1,020;5.5;;50 CM;-;;ADORNO;-;Ramo;Ramo;7
E198;FLOR ARTIFICIAL EN RAMO X 10 CABEZAS DE  41 CM;1,536;4.42;;41 CM;-;;ADORNO;-;Ramo;Ramo;10
YQ10-MN;FLOR ARTIFICIAL EN RAMO X 10 CABEZAS CHICO DE 42 CM;4,320;4.08;;42 CM;-;;ADORNO;-;Ramo;Ramo;10
YQ10-MN;FLOR ARTIFICIAL EN RAMO X 10 CABEZAS CHICO DE 42 CM;120;4.08;;42 CM;-;;ADORNO;-;Ramo;Ramo;10
YQ10-AN;FLOR ARTIFICIAL EN RAMO X 10 CABEZAS DE 42 CM;900;4.08;;42 CM;-;;ADORNO;-;Ramo;Ramo;10
YQ12-H17;FLOR ARTIFICIAL ROSA ALEGRE EN RAMO X 12 43 CM;900;5.44;;43 CM;Rosa;;ADORNO;-;Ramo;Ramo;12
SML-02;LAMPARA DE PIE LED EN FORMA DE FLOR DE PEONIA DE 260*270 CM;4;1,005.40;;260*270 CM;Peonia;;ADORNO;-;-;-;-
SML-02;LAMPARA DE PIE LED EN FORMA DE FLOR DE PEONIA DE 260*270 CM;3;1,038.47;;260*270 CM;Peonia;;ADORNO;-;-;-;-
SML-03;"LAMPARA DE PIE LED EN FORMA DE FLOR, PEQUEÑO: ALTURA DE 137-170 CM, CABEZA DE FLOR 90 CM, BASE 40*40 CM; GRANDE: ALTURA 133 CM, CABEZA DE FLOR 130 CM; MEDIANO: ALTURA 149-180 CM";5;291.19;;170 CM;-;;ADORNO;-;-;-;-
FOT-PLANCHA;ESPONJA DE ESPUMA 1*1 MTS * 10 CM;18;38.83;;1*1 M;-;;ADORNO;-;-;-;-
RYG9-210;FLOR ARTIFICIAL ROSA EN RAMO X 9 CABEZAS 40 CM;6,000;9.04;"ROJO
ROSADO
MELON
BLANCO";40 CM;Rosa;SI;ADORNO;-;Ramo;Ramo con Follaje;9
RYG10-RCH;FLOR ARTIFICIAL EN RAMO X 10 CABEZAS 32 CM;3,600;7.9;;32 CM;-;;ADORNO;-;Ramo;Ramo;10
RYG10-XM;FLOR ARTIFICIAL EN RAMO X 10 CABEZAS 32 CM;1,800;6.02;"Rosado bb
Blanco";32 CM;Rosa estrella;Si;ADORNO;Tela normal;Ramo;Ramo con Follaje;10
RYG12-JY;FLOR ARTIFICIAL EN RAMO X 12 CABEZAS 33 CM;1,800;6.16;"Amarillo
Azul
Lila
Morado
Rojo
Rojo oscuro
Rosado
Perla";33 CM;Rosa boton;Si;ADORNO;-;Ramo;Ramo con Follaje;12
RYG18-NU02;FLOR ARTIFICIAL EN RAMO X 18 CABEZAS 32 CM;3,600;9.71;" morado
Rosado
Blanco
Lila/blanco
Melon
Rosado bb
Medio lila oscuro gris.
Marron";32 CM;Rosa;Si;ADORNO;tela premiun;Ramo;Ramo con Follaje;18
RYG9-210;FLOR ARTIFICIAL ROSA EN RAMO MATERIAL TELA TERCIOPELADA X 9 CABEZAS 35 CM;;;SURTIDO, ROJO, ROSADO, MELON, BLANCO;35 CM;Rosa;Si;ADORNO;Tela terciopelada;Ramo;Ramo;9
RYG5-A / B / C;FLOR ARTIFICIAL ROSAS EN RAMO MATERIAL TELA SIMPLE X 5 CABEZAS 20 CM;;;Azul, Amarillo, Blanco, Perla, Turqueza, Rosado, Marron, Rojo, Lila, Celeste;20 CM;Rosas;Si (Poco);ADORNO;Tela simple;Ramo;Ramo;5
RYG18-NU02;FLOR ARTIFICIAL ROSA EN RAMO MATERIAL TELA PREMIUM X 18 CABEZAS 35 CM;;;Morado, Rosado, Blanco, Lila/blanco, Melon, Rosado bb, Medio lila oscuro gris, Marron;35 CM;Rosa;Si;ADORNO;Tela premium;Ramo;Ramo;18
RYG18-H05;FLOR ARTIFICIAL ROSA EN RAMO MATERIAL TELA PREMIUM X 17 CABEZAS 35 CM;;;Melon, Blanco, Lila/melon, Rosado/melon, Fucsia/melon, Rosado bb, Melon fuerte/melon bajo;35 CM;Rosa;Si;ADORNO;Tela premium;Ramo/follaje;Ramo;17
RYG12;FLOR ARTIFICIAL ROSA BOTON EN RAMO MATERIAL TELA PREMIUM X 12 CABEZAS 35 CM;;;Amarillo, Azul, Lila, Morado, Rojo, Rojo oscuro, Rosado, Perla;35 CM;Rosa boton;Si;ADORNO;Tela premium;Ramo/follaje;Ramo;12
RYG10-XM;FLOR ARTIFICIAL ROSA ESTRELLA EN RAMO MATERIAL TELA NORMAL X 10 CABEZAS 35 CM;;;Rosado bb, Blanco;35 CM;Rosa estrella;Si;ADORNO;Tela normal;Ramo/follaje;Ramo;10
RYG10-RS;FLOR ARTIFICIAL ROSA ABIERTA EN RAMO MATERIAL TELA NORMAL X 10 CABEZAS 35 CM;;;Amarillo, Celeste, Blanco, Perla, Melon, Hueso, Azul, Verde botella, Rosado bb, Rosado, Celeste con blanco;35 CM;Rosa abierta;Si;ADORNO;Tela normal;Ramo/follaje;Ramo;10
RYG10-XA;FLOR ARTIFICIAL ROSA ABIERTA EN RAMO MATERIAL TELA NORMAL X 10 CABEZAS 35 CM;;;Blanco, Perla, Turqueza;35 CM;Rosa abierta;Si;ADORNO;Tela normal;Ramo/follaje;Ramo;10
RYG9-301(otoñal);FLOR ARTIFICIAL ROSA BOTON EN RAMO MATERIAL TELA NORMAL X 9 CABEZAS 30 CM;;;Lila, Melon;30 CM;Rosa boton;Si (Oscuro);ADORNO;Tela normal;Ramo follaje oscuro;Ramo;9
RYG9-228;FLOR ARTIFICIAL ROSA EN RAMO MATERIAL TELA NORMAL X 9 CABEZAS 30 CM;;;Rosado, Lila, Rosado fucsia, Perla;30 CM;Rosa;Si (Primaveral);ADORNO;Tela normal;Ramo/follaje primaveral;Ramo;9
RYG7-X7;FLOR ARTIFICIAL ROSA ABIERTA EN RAMO MATERIAL TELA SIMPLE X 5 CABEZAS 35 CM;;;Otoñales;35 CM;Rosa abierta;Si;ADORNO;Tela simple;Ramo/follaje;Ramo;5
RYG7-XS;FLOR ARTIFICIAL ROSA EN RAMO MATERIAL TELA SIMPLE X 5 CABEZAS 35 CM;;;Otoñales, Perla, Marron, Rojo oscuro, Rosado bb;35 CM;Rosa;Si;ADORNO;Tela simple;Ramo/follaje;Ramo;5
RMH9-01;FLOR ARTIFICIAL TULIPANES EN RAMO MATERIAL TERCIOPELO X 9 CABEZAS 35 CM;;;Morado, Rojo, Amarillo, Perla, Naranja;35 CM;Tulipanes;No;ADORNO;Terciopelo;Ramo;Ramo;9
YQ12-H17;FLOR ARTIFICIAL ROSAS EN ROSAS MATERIAL TELA SIMPLE X 12 CABEZAS 25 CM;;;Azul, Azul acero, Fucsia, Perla, Blanco;25 CM;Rosas;No;ADORNO;Tela simple;Ramo;Rosas;12
YQ10-HMN;FLOR ARTIFICIAL ROSA EN RAMO MATERIAL TELA SIMPLE X 10 CABEZAS 20 CM;;;Perla, Azul, Azul acero, Rosado bb, Rosado/fucsia;20 CM;Rosa;Si (Poco);ADORNO;Tela simple;Ramo/poco follaje;Ramo;10
RUY-05;FLOR ARTIFICIAL ROSA EN UNITARIO MATERIAL TERCIOPELO X 1 CABEZAS 35 CM;;;Rosado, Fucsia, Azul, Amarillo, Blanco, Morado, Rojo, Vino, Naranja, Rosadobb;35 CM;Rosa;No;ADORNO;Terciopelo;Unitario;Unitario;1
RUY-13N;FLOR ARTIFICIAL ROSAS EN RAMO MATERIAL TERCIOPELO X 5 CABEZAS 35 CM;;;Rosado, Fucsia, Azul, Amarillo, Blanco, Morado, Rojo, Vino, Naranja, Rosadobb;35 CM;Rosas;No;ADORNO;Terciopelo;Ramo;Ramo;5
RUY-CH;FLOR ARTIFICIAL ROSA EN RAMO MATERIAL TERCIOPELO X 7 CABEZAS 35 CM;;;Rosado, Fucsia, Azul, Amarillo, Blanco, Morado, Rojo, Vino, Naranja, Rosadobb;35 CM;Rosa;No;ADORNO;Terciopelo;Ramo;Ramo;7
RUY10-RCH;FLOR ARTIFICIAL ROSAS EN RAMO MATERIAL TERCIOPELO X 7 CABEZAS 35 CM;;;Rojo, Vino;35 CM;Rosas;Si;ADORNO;Terciopelo;Ramo/follaje;Ramo;7
GRA7-02;FLOR ARTIFICIAL GIRASOL EN RAMO MATERIAL TELA PREMIUM X 7 CABEZAS 35 CM;;;Amarillo;35 CM;Girasol;No;ADORNO;Tela premium;Ramo;Ramo;7
GRS10-12;FLOR ARTIFICIAL GIRASOL EN RAMO MATERIAL TELA PREMIUM X 10 CABEZAS 35 CM;;;Amarillo;35 CM;Girasol;No;ADORNO;Tela premium;Ramo;Ramo;10
GRS5-01;FLOR ARTIFICIAL GIRASOL EN VARA MATERIAL TELA PREMIUM X 5 CABEZAS;;;Amarillo;-;Girasol;No;ADORNO;Tela premium;Vara;Vara;5
