CODIGO;DESCRIPCION;CANTIDAD (UND);COSTO UNITARIO S/.;PRECIO DE VENTA POR MAYOR S/.;PRECIO DE VENTA POR DOCENA S/.;PRECIO DE VENTA POR UNIDAD S/.;COSTO UNITARIO S/.;PRECIO DE VENTA POR MAYOR S/.;PRECIO DE VENTA POR DOCENA S/.;PRECIO DE VENTA POR UNIDAD S/.;;
JLP-28G;PEDESTAL DE PLASTICO 105*17 CM;36;13.12;19.7;23.6;28.3;16.43;24.6;29.5;35.4;;
JLP-60;PEDESTAL DE PLASTICO 90*30 CM;80;13.12;19.7;23.6;28.3;16.43;24.6;29.5;35.4;;
JLP-60F;PEDESTAL DE PLASTICO 88*30 CM;80;10.06;15.1;18.1;21.7;12.61;18.9;22.7;27.2;;
JLP-63;REJA DE PLASTICO 65*19 CM;56;18.81;28.2;33.8;40.6;23.56;35.3;42.4;50.9;;
JLP-64;REJA DE PLASTICO 57*77*15 CM;160;10.58;15.9;19.1;22.9;13.25;19.9;23.9;28.7;;
JLP-64-01;PARTE DEL JLP-64;160;4.89;7.3;8.8;10.6;6.13;9.2;11;13.2;;
JLP-77;ADORNO ANGEL DE PLASTICO 85*22*25 CM;164;23.51;35.3;42.4;50.9;29.45;44.2;53;63.6;;
JLP-26;ADORNO CISNE DE PLASTICO 65 CM;100;16.78;25.2;30.2;36.2;21.03;31.5;37.8;45.4;;
TSJ-01;FLOR ARTIFICIAL EN VARA ROSITA X 8 40 CM;1,440;2.69;4;4.8;5.8;3.37;5.1;6.1;7.3;;
TSJ-02;FLOR ARTIFICIAL EN VARA ROSITA DE CRISANTEMO X 8 40 CM;1,440;2.35;3.5;4.2;5;2.95;4.4;5.3;6.4;;
TSJ-03;FLOR ARTIFICIAL EN VARA ROSITA DE MANDARINA X 8 40 CM;1,440;2.69;4;4.8;5.8;3.37;5.1;6.1;7.3;;
TSJ-04;FLOR ARTIFICIAL EN VARA MARGARITA X 8 40 CM;1,440;2.69;4;4.8;5.8;3.37;5.1;6.1;7.3;;
TSJ-05;FLOR ARTIFICIAL EN VARA ROSITA DE TE X 8 40 CM;1,440;2.89;4.3;5.2;6.2;3.62;5.4;6.5;7.8;;
TLZ-02;FLOR ARTIFICIAL EN RAMO BOMBONES 42 CM;2,400;4.03;6;7.2;8.6;5.05;7.6;9.1;10.9;;
TLZ-05;FLOR ARTIFICIAL EN VARA BOMBONES 90 CM;2,400;4.43;6.6;7.9;9.5;5.55;8.3;10;12;;
MS-01;GUIA DE HOJA ARTIFICIAL 1.8 M;3,600;2.95;4.4;5.3;6.4;3.7;5.6;6.7;8;;
MS-03;HOJA ARTIFICIAL EN VARA X 5 70 CM;14,400;1.03;1.5;1.8;2.2;1.3;2;2.4;2.9;;
BXM-02;FLORERO 10.5*10.5*10 CM;1,750;2.35;3.5;4.2;5;2.95;4.4;5.3;6.4;;
JZD-04;ADORNO CORONA DE FLOR ARTIFICIAL 40*40 CM;300;28.21;42.3;50.8;61;35.34;53;63.6;76.3;;
JZD-09;ADORNO CORONA DE FLOR ARTIFICIAL COLOR BLANCO 20*20 CM;240;14.77;22.2;26.6;31.9;18.51;27.8;33.4;40.1;;
JZD-10;ADORNO CORONA DE FLOR ARTIFICIAL COLOR ROSADO 20*20 CM;240;14.77;22.2;26.6;31.9;18.51;27.8;33.4;40.1;;
JZD-11;ADORNO CORONA DE FLOR ARTIFICIAL COLOR MELON 20*20 CM;240;14.77;22.2;26.6;31.9;18.51;27.8;33.4;40.1;;
JZD-12;ADORNO DE MESA FLOR ARTIFICIAL COLOR BLANCO 45*15 CM;120;20.82;31.2;37.4;44.9;26.09;39.1;46.9;56.3;;
JZD-13;ADORNO DE MESA FLOR ARTIFICIAL COLOR ROSADO 45*15 CM;120;20.82;31.2;37.4;44.9;26.09;39.1;46.9;56.3;;
JZD-14;ADORNO DE MESA FLOR ARTIFICIAL COLOR MELON 45*15 CM;120;20.82;31.2;37.4;44.9;26.09;39.1;46.9;56.3;;
LN-02;FLOR ARTIFICIAL EN VARA X 3 95 CM;780;9.07;13.6;16.3;19.6;11.36;17;20.4;24.5;;
RYG-01;FLOR ARTIFICIAL RAMO X 9 45 CM;1,872;8.23;12.3;14.8;17.8;10.46;15.7;18.8;22.6;;
RYG-14;FLOR ARTIFICIAL RAMO X 12 46 CM;1,080;5.79;8.7;10.4;12.5;7.36;11;13.2;15.8;;
RYG-14-9;FLOR ARTIFICIAL RAMO X 9 45 CM;1,404;4.47;6.7;8;9.6;5.69;8.5;10.2;12.2;;
RYG-14-7;FLOR ARTIFICIAL RAMO X 7 45 CM;1,620;3.62;5.4;6.5;7.8;4.6;6.9;8.3;10;;
RYG-024;FLOR ARTIFICIAL RAMO X 10 45 CM;1,680;4.94;7.4;8.9;10.7;6.28;9.4;11.3;13.6;;
RYG-H02;FLOR ARTIFICIAL RAMO X 10 45 CM;1,080;5.4;8.1;9.7;11.6;6.86;10.3;12.4;14.9;;
RYG-06;FLOR ARTIFICIAL RAMO X 11 53 CM;600;9.21;13.8;16.6;19.9;11.71;17.6;21.1;25.3;;
H-07;FLOR ARTIFICIAL RAMO X 9 45 CM;3,120;2.96;4.4;5.3;6.4;3.76;5.6;6.7;8;;
H-08;FLOR ARTIFICIAL RAMO X 12 60 CM;1,920;5.79;8.7;10.4;12.5;7.36;11;13.2;15.8;;
SHD12-01;FLOR ARTIFICIAL RAMO X 12 45 CM;4,200;3.16;4.7;5.6;6.7;4.02;6;7.2;8.6;;
SHD18-02;FLOR ARTIFICIAL RAMO X 18 60 CM;1,296;5.59;8.4;10.1;12.1;7.11;10.7;12.8;15.4;;
SHD18-03;FLOR ARTIFICIAL RAMO X 18 60 CM;1,296;6.25;9.4;11.3;13.6;7.95;11.9;14.3;17.2;;
SHD24-04;FLOR ARTIFICIAL RAMO X 24 60 CM;1,680;5.59;8.4;10.1;12.1;7.11;10.7;12.8;15.4;;
SHD24-05;FLOR ARTIFICIAL RAMO X 24 60 CM;1,200;5.2;7.8;9.4;11.3;6.61;9.9;11.9;14.3;;
SHD7-07;FLOR ARTIFICIAL RAMO X 7 53 CM;576;4.61;6.9;8.3;10;5.86;8.8;10.6;12.7;;
SHD7-08;FLOR ARTIFICIAL RAMO X 7 60 CM;576;5.27;7.9;9.5;11.4;6.69;10;12;14.4;;
SHD18-09;HOJA ARTIFICIAL EN VARA X 5 70 CM;1,296;5.27;7.9;9.5;11.4;6.69;10;12;14.4;;
SHD16-010;FLOR ARTIFICIAL RAMO X 16 60 CM;1,344;7.57;11.4;13.7;16.4;9.62;14.4;17.3;20.8;;
SHD1-012;FLOR ARTIFICIAL VARA X 1 36 CM;9,600;0.2;0.3;0.4;0.5;0.25;0.4;0.5;0.6;;
SHD1-013;FLOR ARTIFICIAL VARA X 1 36 CM;9,600;0.21;0.3;0.4;0.5;0.27;0.4;0.5;0.6;;
SHD1-017;FLOR ARTIFICIAL VARA X 1 46 CM;10,800;0.36;0.5;0.6;0.7;0.46;0.7;0.8;1;;
SHD1-018;FLOR ARTIFICIAL VARA X 1 46 CM;10,800;0.52;0.8;1;1.2;0.67;1;1.2;1.4;;
LC27550;TITERE DE PELUCHE 28 CM;1,800;7.9;11.9;14.3;17.2;10.04;15.1;18.1;21.7;;
RYG-01;FLOR ARTIFICIAL RAMO X 9 45 CM;156;7.96;11.9;14.3;17.2;10.06;15.1;18.1;21.7;;
RYG-14;FLOR ARTIFICIAL RAMO X 12 46 CM;120;5.61;8.4;10.1;12.1;7.09;10.6;12.7;15.2;;
RYG-14-9;FLOR ARTIFICIAL RAMO X 9 45 CM;156;4.33;6.5;7.8;9.4;5.48;8.2;9.8;11.8;;
RYG-14-7;FLOR ARTIFICIAL RAMO X 7 45 CM;180;3.5;5.3;6.4;7.7;4.43;6.6;7.9;9.5;;
RYG-024;FLOR ARTIFICIAL OTOÑAL EN RAMO X 10 45 CM;120;4.78;7.2;8.6;10.3;6.04;9.1;10.9;13.1;;
RYG-H02;FLOR ARTIFICIAL RAMO X 10 45 CM;120;5.23;7.8;9.4;11.3;6.6;9.9;11.9;14.3;;
H-07;FLOR ARTIFICIAL RAMO X 9 45 CM;480;2.87;4.3;5.2;6.2;3.62;5.4;6.5;7.8;;
H-08;FLOR ARTIFICIAL RAMO X 12 60 CM;240;5.61;8.4;10.1;12.1;7.09;10.6;12.7;15.2;;
SHD12-01;FLOR ARTIFICIAL RAMO X 12 45 CM;300;3.06;4.6;5.5;6.6;3.87;5.8;7;8.4;;
SHD18-02;FLOR ARTIFICIAL RAMO X 18 60 CM;144;5.41;8.1;9.7;11.6;6.84;10.3;12.4;14.9;;
SHD18-03;FLOR ARTIFICIAL RAMO X 18 60 CM;144;6.05;9.1;10.9;13.1;7.65;11.5;13.8;16.6;;
SHD24-04;FLOR ARTIFICIAL RAMO X 24 60 CM;120;5.41;8.1;9.7;11.6;6.84;10.3;12.4;14.9;;
SHD24-05;FLOR ARTIFICIAL RAMO X 24 60 CM;120;5.03;7.5;9;10.8;6.36;9.5;11.4;13.7;;
SHD7-07;FLOR ARTIFICIAL RAMO X 7 53 CM;144;4.46;6.7;8;9.6;5.64;8.5;10.2;12.2;;
SHD7-08;FLOR ARTIFICIAL RAMO X 7 60 CM;144;5.1;7.7;9.2;11;6.44;9.7;11.6;13.9;;
SHD18-09;FLOR ARTIFICIAL RAMO X 18 60 CM;144;5.1;7.7;9.2;11;6.44;9.7;11.6;13.9;;
SHD16-010;HOJA ARTIFICIAL EN VARA X 5 70 CM;96;7.33;11;13.2;15.8;9.26;13.9;16.7;20;;
SHD1-012;FLOR ARTIFICIAL VARA X 1 36 CM;2,400;0.33;0.5;0.6;0.7;0.42;0.6;0.7;0.8;;
SHD1-013;FLOR ARTIFICIAL VARA X 1 36 CM;2,400;0.35;0.5;0.6;0.7;0.45;0.7;0.8;1;;
SHD1-017;FLOR ARTIFICIAL VARA X 1 46 CM;1,200;0.39;0.6;0.7;0.8;0.49;0.7;0.8;1;;
SHD1-018;FLOR ARTIFICIAL VARA X 1 46 CM;1,200;0.51;0.8;1;1.2;0.64;1;1.2;1.4;;
;LINEA COMPLETA DE PASTEURIZACION, ENVASADO Y ETIQUETADO;1;92,972.05;139,458.10;167,349.70;200,819.60;117,488.11;176,232.20;211,478.60;253,774.30;;
KZ-01;MASCARILLA KN-95 DESECHABLE P/USO PUBLICO EN GENERAL (CAJITA X 10 UND);17,820;43.22;64.8;77.8;93.4;55.14;82.7;99.2;119;;
KZ-02;MASCARILLA DESECHABLE P/USO PUBLICO EN GENERAL (CAJITA X 50 UND);4,500;41.2;61.8;74.2;89;52.56;78.8;94.6;113.5;;
KZ-03;MASCARILLA DESECHABLE P/USO PUBLICO EN GENERAL;52,800;5.48;8.2;9.8;11.8;6.99;10.5;12.6;15.1;;
KZ-03;MASCARILLA DESECHABLE P/USO PUBLICO EN GENERAL;540;5.48;8.2;9.8;11.8;6.99;10.5;12.6;15.1;;
MOZ-01;SOMBRERO INCLUYE PROTECTOR FACIAL ;2,000;9.32;14;16.8;20.2;11.89;17.8;21.4;25.7;;
ARHB-03;PLANTA ARTIFICIAL HOJAS 1.2 M;60;46.12;69.2;83;99.6;58.84;88.3;106;127.2;;
HTL-05;HOJA CHICO ARTIFICIAL C/REJA 1.2 M;240;12.68;19;22.8;27.4;16.18;24.3;29.2;35;;
HTL-06;HOJA MEDIANO ARTIFICIAL C/REJA 1.2 M;240;14.12;21.2;25.4;30.5;18.02;27;32.4;38.9;;
TTHB-04;HOJA ARTIFICIAL EN GUIA 2.5 M;28,800;0.7;1.1;1.3;1.6;0.89;1.3;1.6;1.9;;
XABJ-AD0943;SILLA ADORNO METAL 79*47*45 CM;4;69.16;103.7;124.4;149.3;88.24;132.4;158.9;190.7;;
XABJ-AD0052;MESA DE METAL P/JARDIN 72*70 CM (SET/6PCS);4;109.52;164.3;197.2;236.6;139.72;209.6;251.5;301.8;;
XABJ-AD20201;PORTA FLORES DE METAL 70*210 M (SET/2PCS);24;72.07;108.1;129.7;155.6;91.95;137.9;165.5;198.6;;
XABJ-AD20204;PORTA FLORES TIPO BICICLETA METAL 84*32*70 CM (SET/12PCS);10;50.72;76.1;91.3;109.6;64.71;97.1;116.5;139.8;;
XABJ-AD20206;HOJA ARTIFICIAL EN RAMO X 12 39 CM;1,152;4.32;6.5;7.8;9.4;5.52;8.3;10;12;;
XABJ-AD20207;HOJA ARTIFICIAL EN RAMO X 10 39 CM;1,152;6.46;9.7;11.6;13.9;8.24;12.4;14.9;17.9;;
XABJ-AD20208;HOJA ARTIFICIAL EN VARA 46 CM;1,992;0.58;0.9;1.1;1.3;0.73;1.1;1.3;1.6;;
XABJ-AD20209;HOJA ARTIFICIAL EN VARA X 5 70 CM;1,440;1.61;2.4;2.9;3.5;2.06;3.1;3.7;4.4;;
MHW-KN95;KN95/5 CAPAS, BLANCO, 16CM*11CM, (CAJITA X 20 UND);1,000;101.02;151.5;181.8;218.2;116.21;174.3;209.2;251;;
M-95;KN95 FACE MASKS, MASCARILLA KN95 DESECHABLE (CAJITA X 10 UND);1,998;48.4;72.6;87.1;104.5;55.91;83.9;100.7;120.8;;
NIU-KN95;KN95/5 CAPAS, BLANCO, 16CM*11CM (CAJITA X 20 UND);4,992;81.24;121.9;146.3;175.6;91.71;137.6;165.1;198.1;;
NIU-KN95;KN95/5 CAPAS, BLANCO, 16CM*10.5CM (CAJITA X 20 UND);1,680;82.2;123.3;148;177.6;93.95;140.9;169.1;202.9;;
KZ-03;MASCARILLA DESECHABLE 17.5 CM X 9.5 CM ;12,000;5.89;8.8;10.6;12.7;6.66;10;12;14.4;;
TPE-901;COBERTOR DE CALZADO DESECHABLE;100;11.87;17.8;21.4;25.7;13.41;20.1;24.1;28.9;;
616;PONCHO IMPERMEABLE PARA NIÑO;80;28.48;42.7;51.2;61.4;32.17;48.3;58;69.6;;
LAJU-02;COBERTOR DE CALZADO DESECHABLE;4;10.79;16.2;19.4;23.3;12.19;18.3;22;26.4;;
LAJU-02;PONCHO IMPERMEABLE PARA NIÑO;20;8.47;12.7;15.2;18.2;9.57;14.4;17.3;20.8;;
LAJU-01;PONCHO IMPERMEABLE PARA ADULTO;80;28.48;42.7;51.2;61.4;32.17;48.3;58;69.6;;
H705;PONCHO IMPERMEABLE PARA ADULTO;800;17.77;26.7;32;38.4;20.07;30.1;36.1;43.3;;
H715;PONCHO IMPERMEABLE PARA NIÑO;500;15.44;23.2;27.8;33.4;17.45;26.2;31.4;37.7;;
H822;PONCHO IMPERMEABLE PARA NIÑO CON DISEÑO;500;17.77;26.7;32;38.4;20.07;30.1;36.1;43.3;;
H713;DELANTAL PARA LIMPIEZA;100;5.06;7.6;9.1;10.9;5.72;8.6;10.3;12.4;;
ED-01;SUJETADOR PARA MASCARILLA ;2,400;2.08;3.1;3.7;4.4;2.35;3.5;4.2;5;;
HT-38;LAMPARA PARA CUARTO ;2;77.13;115.7;138.8;166.6;87.14;130.7;156.8;188.2;;
XAD-01;ESTERELIZADOR PARA CELULAR 13CM X 22.8 CM ;1,000;123.71;185.6;222.7;267.2;139.77;209.7;251.6;301.9;;
MZ-01;GORRO DESECHABLE (PAQUETE X 100 UND);400;41.38;62.1;74.5;89.4;43.1;64.7;77.6;93.1;;
HEZ-01;CAJITA CARTON 16X13X24;444;1.08;1.6;1.9;2.3;1.13;1.7;2;2.4;;
HEZ-01;CAJITA CARTON 16X13X25;300;1.08;1.6;1.9;2.3;1.13;1.7;2;2.4;;
PETO.3MM;PROTECTOR FACIAL 32CM X 22CM ;75,600;1.15;1.7;2;2.4;1.47;2.2;2.6;3.1;;
PETO.3MM-02;PROTECTOR FACIAL 32CM X 22CM ;30,000;1.39;2.1;2.5;3;1.77;2.7;3.2;3.8;;
KZ-02;MASCARILLA DESECHABLE, CON VENCIMIENTO 2 AÑOS 50 UNDS X BOLSA ;3,000;41.02;61.5;73.8;88.6;52.34;78.5;94.2;113;;
KZ-04;MASCARILLA: 14.5CM X 9.5CM 3 CAPAS  (CAJITA X 10 UND);18,000;9.5;14.3;17.2;20.6;12.13;18.2;21.8;26.2;;
KZ-05;MASCARILLA: 17.5CM X 9.5CM 3 CAPAS (CAJITA X 50 UND);2,000;37.29;55.9;67.1;80.5;47.59;71.4;85.7;102.8;;
KZ-01;MASCARILLA KN95 DESECHABLE, (CAJITA X 10 UND);4,860;43.04;64.6;77.5;93;54.92;82.4;98.9;118.7;;
M-95;KN95 FACE MASK, MASCARILLA DESECHABLE (CAJITA X 10 UND);2,808;39.86;59.8;71.8;86.2;49.22;73.8;88.6;106.3;;
PETO.3M M-03;ACCESORIO DEL PROTECTOR FACIAL 33 MM - 04;36,000;0.42;0.6;0.7;0.8;0.51;0.8;1;1.2;;
PETO.3M M-04;PROTECTOR FACIAL;36,000;1.11;1.7;2;2.4;1.37;2.1;2.5;3;;
FAS-01;SOMBRERO INCLUYE PROTECTOR FACIAL SINTETICO;2,250;7.97;12;14.4;17.3;9.84;14.8;17.8;21.4;;
BT60A;BOTELLA DE PLASTICO VACIA 60 ML, ROCIADOR ATOMIZADOR EN SPRAY;19,872;0.34;0.5;0.6;0.7;0.42;0.6;0.7;0.8;;
BT60A;BOTELLA DE PLASTICO VACIA 60 ML, ROCIADOR ATOMIZADOR EN SPRAY;204;0.34;0.5;0.6;0.7;0.42;0.6;0.7;0.8;;
BT60B;CABEZA PARA ROCIADOR ATOMIZADOR 3 CM;20,040;0.12;0.2;0.2;0.2;0.15;0.2;0.2;0.2;;
BT500A;BOTELLA DE PLASTICO VACIA 500 ML, ROCIADOR ATOMIZADOR EN SPRAY;19,872;1.13;1.7;2;2.4;1.4;2.1;2.5;3;;
BT500A-1;BOTELLA DE PLASTICO VACIA 500 ML, ROCIADOR ATOMIZADOR EN SPRAY;132;1.13;1.7;2;2.4;1.4;2.1;2.5;3;;
BT500B;CABEZA PARA ROCIADOR ATOMIZADOR 6.5 CM;20,160;0.4;0.6;0.7;0.8;0.49;0.7;0.8;1;;
XABJ-AD001;ADORNO BICICLETA P/JARDIN DE METAL EN CAJA 165*48*102 CM (SET/7 PCS);15;146.05;219.1;262.9;315.5;180.35;270.5;324.6;389.5;;
XABJ-AD003;ADORNO ENTRADA P/JARDIN 2.32*5.32*0.42 M (SET X 4 PCS);12;630.73;946.1;1,135.30;1,362.40;778.88;1,168.30;1,402.00;1,682.40;;
XABJ-AD202010;ADORNO COLGANTE TIPO LAMPARA DE METAL 87*87*125 CM (SET X 15 PCS);10;232.36;348.5;418.2;501.8;286.93;430.4;516.5;619.8;;
XABJ-AD0034;ADORNO CUPULA DE METAL 323*323*360 CM;2;1,832.46;2,748.70;3,298.40;3,958.10;2,262.86;3,394.30;4,073.20;4,887.80;;
RYG5-116;FLOR ARTIFICIAL EN RAMO X 5 35 CM;3,000;2.11;3.2;3.8;4.6;2.62;3.9;4.7;5.6;;
RYG5-117;FLOR ARTIFICIAL MARGARITA EN RAMO X 5 35 CM;2,100;1.93;2.9;3.5;4.2;2.4;3.6;4.3;5.2;;
RYG11-120;FLOR ARTIFICIAL TALIA EN RAMO X 11 45 CM;1,800;6.63;9.9;11.9;14.3;8.24;12.4;14.9;17.9;;
RYG9-122;FLOR ARTIFICIAL ROSA EN RAMO X 9 45 CM;1,200;5.72;8.6;10.3;12.4;7.12;10.7;12.8;15.4;;
RYG12-119;FLOR ARTIFICIAL POM POM EN RAMO X 12 45 CM;1,200;5.18;7.8;9.4;11.3;6.44;9.7;11.6;13.9;;
RYG-022;FLOR ARTIFICIAL ROSA BOTON EN RAMO X 10 45 CM;1,200;3.91;5.9;7.1;8.5;4.87;7.3;8.8;10.6;;
RYG-H02;FLOR ARTIFICIAL ROSA EN RAMO X 10 45 CM;1,200;4.94;7.4;8.9;10.7;6.14;9.2;11;13.2;;
RYG-07;FLOR ARTIFICIAL ROSA EN RAMO X 9 35 CM;1,200;6.63;9.9;11.9;14.3;8.24;12.4;14.9;17.9;;
RYG12-901;FLOR ARTIFICIAL ROSA BOTON EN RAMO X 12 40 CM;1,200;5.3;8;9.6;11.5;6.59;9.9;11.9;14.3;;
RYG11-902;FLOR ARTIFICIAL ROSA EN RAMO X 11 45 CM;900;7.83;11.7;14;16.8;9.74;14.6;17.5;21;;
RYG18-903;FLOR ARTIFICIAL ROSA BOTON EN RAMO X 18 40 CM;600;8.31;12.5;15;18;10.34;15.5;18.6;22.3;;
RYG18-904;FLOR ARTIFICIAL ROSA BOTON CON HOJA OTOÑAL EN RAMO X 18 40 CM;360;8.73;13.1;15.7;18.8;10.86;16.3;19.6;23.5;;
RYG9-905;FLOR ARTIFICIAL ROSA EN RAMO X 9 40 CM;600;3.49;5.2;6.2;7.4;4.35;6.5;7.8;9.4;;
SOY-01;FLOR ARTIFICIAL ROSA BOTON CON MARGARITA EN RAMO X 5 30 CM;4,320;1.45;2.2;2.6;3.1;1.8;2.7;3.2;3.8;;
SOY-02;FLOR ARTIFICIAL MARGARITA Y CRISANTEMO EN RAMO X 5 30 CM;4,320;1.32;2;2.4;2.9;1.65;2.5;3;3.6;;
SOY-03;FLOR ARTIFICIAL ROSA CON MARGARITA EN RAMO X 5 30 CM;4,320;1.27;1.9;2.3;2.8;1.57;2.4;2.9;3.5;;
GHOJA;HOJA ARTIFICIAL EN VARA X 5 70 CM;3,024;1.99;3;3.6;4.3;2.47;3.7;4.4;5.3;;
ZYL-01;FLOR ARTIFICIAL MINI CARTUCHO EN RAMO X 9 30 CM;432;6.14;9.2;11;13.2;7.64;11.5;13.8;16.6;;
ZYL-02;FLOR ARTIFICIAL EN VARA X 1 64 CM;864;1.69;2.5;3;3.6;2.1;3.2;3.8;4.6;;
ZYL-03;FLOR ARTIFICIAL TULIPAN EN RAMO X 9 33 CM;432;6.75;10.1;12.1;14.5;8.39;12.6;15.1;18.1;;
ZYL-04;FLOR ARTIFICIAL TULIPAN EN VARA X 1 38 CM;864;1.51;2.3;2.8;3.4;1.87;2.8;3.4;4.1;;
ZYL-05;FLOR ARTIFICIAL ROSA EN VARA X 1 64 CM;864;2.71;4.1;4.9;5.9;3.37;5.1;6.1;7.3;;
ZYL-06;FLOR ARTIFICIAL AVE DEL PARAISO EN VARA X 1 59 CM;1,200;1.51;2.3;2.8;3.4;1.87;2.8;3.4;4.1;;
YK6-01;FLOR ARTIFICIAL EN RAMO HORTENSIA X 6 45 CM;2,160;3.31;5;6;7.2;4.12;6.2;7.4;8.9;;
FG-01;FLOR ARTIFICIAL ROSA X 1 45 CM;4,800;1.08;1.6;1.9;2.3;1.35;2;2.4;2.9;;
SH-04;FLOR ARTIFICIAL EN RAMO TULIPAN X 9 40 CM;2,520;2.59;3.9;4.7;5.6;3.22;4.8;5.8;7;;
TTHB-05;REJA DE HOJAS ARTIFICIALES X 1.2 MT;960;13.54;20.3;24.4;29.3;16.85;25.3;30.4;36.5;;
CAO;FOLLAJE;1,272;0.62;0.9;1.1;1.3;0.77;1.2;1.4;1.7;;
XRK-01;FLOR ARTIFICIAL GIRASOL DESARMADO 14 CM + ACCESORIOS;86,400;3.81;5.7;6.8;8.2;4.74;7.1;8.5;10.2;;
SJYZ-01;HOJA ARTIFICIAL ENREDADERA DESARMADO 30 CM + ACCESORIOS;600;3.06;4.6;5.5;6.6;3.81;5.7;6.8;8.2;;
YQHT-01;FLOR ARTIFICIAL PETALOS 9.5 CM;25,920;3.35;5;6;7.2;4.16;6.2;7.4;8.9;;
JDZHP-01;FLORERO 31*14/26*14/18*19;20;41.57;62.4;74.9;89.9;51.7;77.6;93.1;111.7;;
JDZHP-02;FLORERO 31*14/26*14/18*19;20;41.57;62.4;74.9;89.9;51.7;77.6;93.1;111.7;;
JDZHP-03;FLORERO 31*14/26*14/18*19;20;41.57;62.4;74.9;89.9;51.7;77.6;93.1;111.7;;
JDZHP-04;FLORERO 31*14/26*14/18*19;20;41.57;62.4;74.9;89.9;51.7;77.6;93.1;111.7;;
DD-01-C;CONTROL REMOTO;500;2.7;4.1;4.9;5.9;3.36;5;6;7.2;;
DD-02-L;LUZ LED X 5 MT;180;18.09;27.1;32.5;39;22.49;33.7;40.4;48.5;;
HPW-09;FLORERO DE VIDRIO 10 X 30 CM;60;15.07;22.6;27.1;32.5;18.74;28.1;33.7;40.4;;
HPW-10;FLORERO DE VIDRIO 10 X 25 CM;120;13.23;19.8;23.8;28.6;16.46;24.7;29.6;35.5;;
HUA-01;CUADRO 60 X 80 CM;48;39.15;58.7;70.4;84.5;48.69;73;87.6;105.1;;
HUA-02;CUADRO 60 X 80 CM;48;39.15;58.7;70.4;84.5;48.69;73;87.6;105.1;;
HUA-03;CUADRO 60 X 80 CM;48;36.13;54.2;65;78;44.94;67.4;80.9;97.1;;
SDARB-01;PLANTA ARTIFICIAL HOJA 160 CM;90;51.91;77.9;93.5;112.2;61.56;92.3;110.8;133;;
SDARB-02;PLANTA ARTIFICIAL HOJA 160 CM;90;51.91;77.9;93.5;112.2;61.56;92.3;110.8;133;;
SDARB-03;PLANTA ARTIFICIAL HOJA 170 CM;90;57.26;85.9;103.1;123.7;67.89;101.8;122.2;146.6;;
SDARB-04;PLANTA ARTIFICIAL HOJA 160 CM;120;42;63;75.6;90.7;49.81;74.7;89.6;107.5;;
SDARB-05;PLANTA ARTIFICIAL HOJA 160 CM;120;45.8;68.7;82.4;98.9;54.32;81.5;97.8;117.4;;
SDARB-06;FLOR ARTIFICIAL X 4 140 CM;120;49.65;74.5;89.4;107.3;58.88;88.3;106;127.2;;
SDARB-07;FLOR ARTIFICIAL X 3 140 CM;90;55.76;83.6;100.3;120.4;66.13;99.2;119;142.8;;
SDARB-08;FLOR ARTIFICIAL GIRASOL 170 CM;54;57.26;85.9;103.1;123.7;67.89;101.8;122.2;146.6;;
SDARB-09;PLANTA ARTIFICIAL PALMERA 120 CM;80;53.45;80.2;96.2;115.4;63.39;95.1;114.1;136.9;;
SDARB-10;PLANTA ARTIFICIAL PALMERA 100 CM;200;15.25;22.9;27.5;33;18.09;27.1;32.5;39;;
SDARB-11;FLOR DE DURAZNO ARTIFICIAL 180 CM;45;64.91;97.4;116.9;140.3;76.97;115.5;138.6;166.3;;
SDARB-12;PLANTA ARTIFICIAL PALMERA 120 CM;80;38.2;57.3;68.8;82.6;45.3;68;81.6;97.9;;
SDARB-13;HOJA ARTIFICIAL 150 CM;80;20.64;31;37.2;44.6;24.48;36.7;44;52.8;;
LN-03;FLOR ARTIFICIAL EN VARA X 5 120 CM NAVIDEÑO;480;8.02;12;14.4;17.3;9.51;14.3;17.2;20.6;;
LN-02;FLOR ARTIFICIAL EN VARA X 3 120 CM NAVIDEÑO;1,248;8.32;12.5;15;18;9.87;14.8;17.8;21.4;;
LN-045;FLOR ARTIFICIAL EN VARA X 3 120 CM NAVIDEÑO;312;10.31;15.5;18.6;22.3;12.22;18.3;22;26.4;;
TMH-01;HOJA ARTIFICIAL EN VARA X 5 70 CM;3,600;2.45;3.7;4.4;5.3;2.9;4.4;5.3;6.4;;
TMH-02;FLOR ARTIFICIAL EN RAMO MARGARITA X 5 35 CM;3,600;1.98;3;3.6;4.3;2.35;3.5;4.2;5;;
TCHY-01;HOJA ARTIFICIAL EN RAMO X 4 50 CM;1,680;3.06;4.6;5.5;6.6;3.62;5.4;6.5;7.8;;
TCHY-02;HOJA ARTIFICIAL EN VARA X 5 90 CM;1,188;2.29;3.4;4.1;4.9;2.71;4.1;4.9;5.9;;
TLT-01;FLOR ARTIFICIAL EN RAMO X 5 70 CM;2,400;4.28;6.4;7.7;9.2;5.07;7.6;9.1;10.9;;
TLT-02;FLOR ARTIFICIAL EN VARA OTOÑAL POMPOM X 3 110 CM;612;4.66;7;8.4;10.1;5.52;8.3;10;12;;
TLT-03;FLOR ARTIFICIAL EN VARA PRIMAVERA POMPOM X 3 110 CM;540;4.51;6.8;8.2;9.8;5.34;8;9.6;11.5;;
YS-02;FLOR ARTIFICIAL EN VARA GIRASOL X 3 120 CM;720;5.65;8.5;10.2;12.2;6.7;10.1;12.1;14.5;;
VTX-05;FLOR ARTIFICIAL EN VARA GIRASOL X 5 120 CM;612;7.49;11.2;13.4;16.1;8.88;13.3;16;19.2;;
VTX-07;FLOR ARTIFICIAL EN VARA X 1 85 CM;1,440;1.72;2.6;3.1;3.7;2.04;3.1;3.7;4.4;;
GF-V08;PALO ARTIFICIAL 113 CM NAVIDEÑO;1,200;4.96;7.4;8.9;10.7;5.89;8.8;10.6;12.7;;
GF-V09;FLOR ARTIFICIAL EN VARA FLOR DE DURAZNO X 5 125 CM;720;8.63;12.9;15.5;18.6;10.23;15.3;18.4;22.1;;
GF-V10;FLOR ARTIFICIAL EN VARA ORQUIDEA X 1 75 CM;2,160;4.43;6.6;7.9;9.5;5.25;7.9;9.5;11.4;;
STM-01;FLOR ARTIFICIAL EN RAMO GIRASOL X 10 42 CM;2,400;4.58;6.9;8.3;10;5.43;8.1;9.7;11.6;;
STM-02;FLOR ARTIFICIAL EN RAMO ROSITA BOTON X 7 35 CM;7,500;2.21;3.3;4;4.8;2.62;3.9;4.7;5.6;;
CU80-80-1;CUADRO 80 X 80 CM;12;64.91;97.4;116.9;140.3;76.97;115.5;138.6;166.3;;
CU80-80-2;CUADRO 80 X 80 CM;12;64.91;97.4;116.9;140.3;76.97;115.5;138.6;166.3;;
CU80-80-3;CUADRO 80 X 80 CM;12;64.91;97.4;116.9;140.3;76.97;115.5;138.6;166.3;;
CU80-80-4;CUADRO 80 X 80 CM;12;64.91;97.4;116.9;140.3;76.97;115.5;138.6;166.3;;
CU50-50-1;CUADRO 50 X 50 CM;30;26.75;40.1;48.1;57.7;31.72;47.6;57.1;68.5;;
CU50-50-2;CUADRO 50 X 50 CM;30;26.75;40.1;48.1;57.7;31.72;47.6;57.1;68.5;;
CU50-50-3;CUADRO 50 X 50 CM;30;26.75;40.1;48.1;57.7;31.72;47.6;57.1;68.5;;
CU50-50-4;CUADRO 50 X 50 CM;30;26.75;40.1;48.1;57.7;31.72;47.6;57.1;68.5;;
CU60-80-1;CUADRO 60 X 80 CM;12;49.65;74.5;89.4;107.3;58.88;88.3;106;127.2;;
CU60-80-2;CUADRO 60 X 80 CM;12;49.65;74.5;89.4;107.3;58.88;88.3;106;127.2;;
CU60-80-3;CUADRO 60 X 80 CM;12;49.65;74.5;89.4;107.3;58.88;88.3;106;127.2;;
CU70-100-1;CUADRO 70 X 100 CM;8;72.56;108.8;130.6;156.7;86.04;129.1;154.9;185.9;;
CU70-100-2;CUADRO 70 X 100 CM;8;72.56;108.8;130.6;156.7;86.04;129.1;154.9;185.9;;
CUW5070;CUADRO 50 X 70 CM;72;29.21;43.8;52.6;63.1;34.63;51.9;62.3;74.8;;
CUW7070;CUADRO 70 X 70 CM;48;36.66;55;66;79.2;43.47;65.2;78.2;93.8;;
CUW4060;CUADRO 40 X 60 CM;108;20.64;31;37.2;44.6;24.48;36.7;44;52.8;;
CUW70140;CUADRO 70 X 140 CM;32;68.75;103.1;123.7;148.4;81.53;122.3;146.8;176.2;;
RYG-14;FLOR ARTIFICIAL EN RAMO ROSA X 12 46 CM;1,200;6.72;10.1;12.1;14.5;7.97;12;14.4;17.3;;
FSH-01;ADORNO COLGANTE 18 CM SET/2PCS TIPO LLAVERO;500;4.57;6.9;8.3;10;5.42;8.1;9.7;11.6;;
FSH-02;SOBRE 9 X 15 CM PARA REGALO SET/6PCS;500;1.2;1.8;2.2;2.6;1.43;2.1;2.5;3;;
RYG5-117;FLOR ARTIFICIAL EN RAMO MARGARITA X 5 35 CM;900;1.83;2.7;3.2;3.8;2.17;3.3;4;4.8;;
RYG5-101;FLOR ARTIFICIAL EN RAMO ROSA X 5 35 CM;2,400;1.6;2.4;2.9;3.5;1.9;2.9;3.5;4.2;;
;MAQUINA PARA CALAMINA;1;52,845.78;79,268.70;95,122.40;114,146.90;58,883.28;88,324.90;105,989.90;127,187.90;;
;BOBINA DE ACERO DE 0.4 MM DE COLOR AZUL MARINO, 1MT*1.30MT;4;5,803.61;8,705.40;10,446.50;12,535.80;6,466.66;9,700.00;11,640.00;13,968.00;;
;BOBINA DE ACERO DE 0.4 MM DE COLOR AZUL MARINO, 1MT*1.295MT;4;5,803.61;8,705.40;10,446.50;12,535.80;6,466.66;9,700.00;11,640.00;13,968.00;;
;BOBINA DE ACERO DE 0.3 MM DE COLOR AZUL MARINO, 1MT*1.720MT;4;5,850.78;8,776.20;10,531.40;12,637.70;6,519.22;9,778.80;11,734.60;14,081.50;;
LN5-01;FLOR ARTIFICIAL EN VARA LIRIO X 5 CABEZAS 1.24 MTS;720;10.38;15.6;18.7;22.4;11.57;17.4;20.9;25.1;;
LN5-02;FLOR ARTIFICIAL EN VARA AZUCENA X 5 CABEZAS 1.24 MTS;720;10.38;15.6;18.7;22.4;11.57;17.4;20.9;25.1;;
LN3-02;FLOR ARTIFICIAL EN VARA ROSA X 3 CABEZAS 1.24 MTS;468;12.27;18.4;22.1;26.5;13.67;20.5;24.6;29.5;;
LN3-03;FLOR ARTIFICIAL EN VARA PEONIA X 3 CABEZAS 1.24 MTS;468;12.27;18.4;22.1;26.5;13.67;20.5;24.6;29.5;;
LN5-03;FLOR ARTIFICIAL EN VARA OTOÑAL X 5 CABEZAS 1.24 MTS;540;11.8;17.7;21.2;25.4;13.14;19.7;23.6;28.3;;
LN5-04;FLOR ARTIFICIAL EN VARA PEONIA X 5 CABEZAS 1.24 MTS;540;11.8;17.7;21.2;25.4;13.14;19.7;23.6;28.3;;
4060-1;PASTO ARTIFICIAL HOJA GRANDE 40*60 CM;2,400;3.62;5.4;6.5;7.8;4.04;6.1;7.3;8.8;;
4060-2;PASTO ARTIFICIAL HOJA CHICO 40*60 CM;2,400;3.62;5.4;6.5;7.8;4.04;6.1;7.3;8.8;;
FYJ;PASTO ARTIFICIAL SUELTO SIN ARMAR;255;66.8;100.2;120.2;144.2;74.43;111.6;133.9;160.7;;
JLP-21-01;FLORERO DE PLASTICO TIPO CUADRADO CON ESPONJA 9*9.5 CM;6,300;0.91;1.4;1.7;2;1.01;1.5;1.8;2.2;;
JLP-21-02;FLORERO DE PLASTICO TIPO COPA CON ESPONJA 15*17 CM;1,000;1.69;3.5;4.2;5;1.88;2.8;3.4;4.1;;
JLP-21-03;FLORERO DE PLASTICO TIPO CUADRADO CON ESPONJA 10*10 CM;1,300;1.39;2.1;2.5;3;1.55;2.3;2.8;3.4;;
RYG9-J-02;FLOR CABEZA PLASTICO CON LUCES 10 CM;3,000;2.74;3.7;4.4;5.3;3.05;4.1;4.9;5.9;;
HE-10;FLOR CABEZA PLASTICO 10 CM;3,000;1.56;2.3;2.8;3.4;1.73;2.6;3.1;3.7;;
HE-15;FLOR CABEZA PLASTICO 15 CM;1,440;2.17;3.3;4;4.8;2.42;3.6;4.3;5.2;;
HE-18;FLOR CABEZA PLASTICO 18 CM;1,440;2.74;4.1;4.9;5.9;3.05;4.6;5.5;6.6;;
MLB-4512;ADORNO PLASTICO TIPO MARIPOSA CON IMAN 12 CM;2,700;3.21;4.8;5.8;7;3.58;5.4;6.5;7.8;;
MLB-0710;ADORNO PLASTICO TIPO MARIPOSA CON IMAN 10 CM;100;26.45;39.7;47.6;57.1;29.48;44.2;53;63.6;;
MLB-1520;ADORNO PLASTICO TIPO MARIPOSA CON IMAN 18 CM;3,600;0.95;1.4;1.7;2;1.05;1.6;1.9;2.3;;
MLB-1521;ADORNO PARA JARDIN TIPO ANIMALES SURTIDOS CON PALO 60 CM;120;0.6;0.9;1.1;1.3;0.67;1;1.2;1.4;;
YS-02;FLOR ARTIFICIAL EN VARA X 3 1.15 CM;960;9.87;14.8;17.8;21.4;10.57;15.9;19.1;22.9;;
VTX-05;FLOR ARTIFICIAL EN VARA X 5 1.15 CM;816;13.07;19.6;23.5;28.2;14;21;25.2;30.2;;
GO-01;FLOR ARTIFICIAL EN RAMO COLGANTE X 7 57 CM;720;14.68;22;26.4;31.7;15.72;23.6;28.3;34;;
RYG9-208;FLOR ARTIFICIAL ROSA ALEGRE EN RAMO X 9 40 CM;600;7.87;11.8;14.2;17;8.43;12.6;15.1;18.1;;
RYG9-209;FLOR ARTIFICIAL ROSA ABIERTA EN RAMO X 9 40 CM;600;7.87;11.8;14.2;17;8.43;12.6;15.1;18.1;;
RYG10-212;FLOR ARTIFICIAL ROSA DIAMANTE EN RAMO X 9 40 CM;600;8.67;12.8;15.4;18.5;9.28;13.9;16.7;20;;
RYG10-213;FLOR ARTIFICIAL ROSA PIRAMIDE EN RAMO X 9 40 CM;600;8.67;12.8;15.4;18.5;9.28;13.9;16.7;20;;
RYG12-214;FLOR ARTIFICIAL ROSA BOTON EN RAMO X 12 40 CM;600;11.74;17.6;21.1;25.3;12.57;18.9;22.7;27.2;;
RYG12-215;FLOR ARTIFICIAL ROSA BOTON OTOÑAL EN RAMO X 12 40 CM;600;11.74;17.6;21.1;25.3;12.57;18.9;22.7;27.2;;
RYG5-101;FLOR ARTIFICIAL EN RAMO X 5 35 CM;600;4.27;6.4;7.7;9.2;4.57;6.9;8.3;10;;
MP-01;FLORERO PLASTICO 20*30 CM;400;5.76;8.6;10.3;12.4;6.17;9.3;11.2;13.4;;
MP-02;FLORERO PLASTICO 28*35 CM;400;6.02;9;10.8;13;6.45;9.7;11.6;13.9;;
RUY-01;FLOR ARTIFICIAL DE AVISPA EN RAMO X 9 CABEZAS 36 CM;1,800;3.43;4.8;5.8;7;3.7;5.2;6.2;7.4;;
RUY-02;FLOR ARTIFICIAL TULIPAN EN RAMO X 9 CABEZAS 36 CM;1,200;3.43;4.8;5.8;7;3.7;5.2;6.2;7.4;;
RUY-03;FLOR ARTIFICIAL DE AVISPA EN RAMO X 9 CABEZAS 48 CM;1,476;4.4;6.6;7.9;9.5;4.74;7.1;8.5;10.2;;
RUY-04;FLOR ARTIFICIAL TULIPAN EN RAMO X 9 CABEZAS 48 CM;984;4.4;6.6;7.9;9.5;4.74;7.1;8.5;10.2;;
RUY-05;FLOR ARTIFICIAL ROSA ESTRELLA ABIERTA EN VARA 50 CM;1,152;1.82;2.7;3.2;3.8;1.96;2.9;3.5;4.2;;
RUY-06;FLOR ARTIFICIAL ROSA MISTER ABIERTA EN VARA 50 CM;1,152;1.82;2.7;3.2;3.8;1.96;2.9;3.5;4.2;;
RUY-07;FLOR ARTIFICIAL ROSA ABIERTA CON BOTON EN VARA X 3 CABEZAS 48 CM;768;2.68;4.2;5;6;2.89;4.5;5.4;6.5;;
RUY-08;FLOR ARTIFICIAL ROSA ABIERTA EN VARA X 3 CABEZAS 48 CM;768;2.68;4.2;5;6;2.89;4.5;5.4;6.5;;
RUY-09;FLOR ARTIFICIAL ROSA ABIERTA CON HOJAS LARGAS EN RAMO X 6 CABEZAS 45 CM;192;10.63;15.9;19.1;22.9;11.45;17.2;20.6;24.7;;
RUY-10;FLOR ARTIFICIAL ROSA ABIERTA EN RAMO X 6 CABEZAS 45 CM;192;10.63;15.9;19.1;22.9;11.45;17.2;20.6;24.7;;
RUY-11;FLOR ARTIFICIAL ROSA ABIERTA CON FOLLAJE EN RAMO X 6 CABEZAS 48 CM;192;10.63;15.9;19.1;22.9;11.45;17.2;20.6;24.7;;
RUY-12;FLOR ARTIFICIAL ROSA ABIERTA ESTRELLA EN RAMO X 6 CABEZAS 48 CM;192;10.63;15.9;19.1;22.9;11.45;17.2;20.6;24.7;;
RUY-13;FLOR ARTIFICIAL ROSA GUADALUPE EN VARA 45 CM;1,152;1.93;2.9;3.5;4.2;2.08;3.1;3.7;4.4;;
RUY-14;FLOR ARTIFICIAL ROSA UNITARIO EN VARA 45 CM;1,152;1.93;2.9;3.5;4.2;2.08;3.1;3.7;4.4;;
GGO-01;FLOR ARTIFICIAL ESPADA EN RAMO X 5 CABEZAS 73 CM;720;4.83;10.4;12.5;15;5.2;11.2;13.4;16.1;;
GGO-02;FLOR ARTIFICIAL GLADIOLO EN RAMO X 5 CABEZAS 73 CM;720;4.83;10.4;12.5;15;5.2;11.2;13.4;16.1;;
RYG9-J-02;FLOR ARTIFICIAL LIRIO DE AGUA EN VARA X 5 CABEZAS 110 CM;900;6.44;9;10.8;13;6.94;9.7;11.6;13.9;;
CR-02;FLOR ARTIFICIAL CARTUCHO EN VARA X 5 CABEZAS 110 CM;900;6.44;9;10.8;13;6.94;9.7;11.6;13.9;;
GRS7-03;FLOR ARTIFICIAL FLOR DE ESCUDO EN RAMO X 7 CABEZAS 43 CM;480;9.12;13.9;16.7;20;9.83;14.9;17.9;21.5;;
GRS7-04;FLOR ARTIFICIAL GIRASOL EN RAMO X 7 CABEZAS 43 CM;240;9.12;13.9;16.7;20;9.83;14.9;17.9;21.5;;
GRS20-05;FLOR ARTIFICIAL MAIZ DE TEJA EN RAMO X 40 MINI CABEZAS 38 CM ;768;4.19;5.6;6.7;8;4.51;6;7.2;8.6;;
GRS20-06;FLOR ARTIFICIAL MINI GIRASOL  EN RAMO X 40 CABEZAS 38 CM;384;4.19;5.6;6.7;8;4.51;6;7.2;8.6;;
GRS20-07;FLOR ARTIFICIAL MARAVILLA EN RAMO X 5 CABEZAS 39 CM (GRS5-07);1,248;6.65;11.1;13.3;16;7.17;12;14.4;17.3;;
GRS20-08;FLOR ARTIFICIAL GIRASOL EN RAMO X 5 CABEZAS 39 CM (GRS5-08);624;6.65;11.1;13.3;16;7.17;12;14.4;17.3;;
GRS20-09;FLOR ARTIFICIAL MIRASOL CON FOLLAJE EN RAMO X 10 CABEZAS 38 CM (GRS10-09);552;6.01;6.9;8.3;10;6.48;7.5;9;10.8;;
GRS20-10;FLOR ARTIFICIAL GIRASOL EN RAMO X 10 CABEZAS 38 CM (GRS10-10);276;6.01;6.9;8.3;10;6.48;7.5;9;10.8;;
GRS20-11;FLOR ARTIFICIAL DEL SOL EN RAMO COLGANTE 60 CM (GRS-CO11);480;11.81;12.8;15.4;18.5;12.72;13.7;16.4;19.7;;
GRS20-12;FLOR ARTIFICIAL GIRASOL EN RAMO COLGANTE 60 CM (GRS-CO12);240;11.81;12.8;15.4;18.5;12.72;13.7;16.4;19.7;;
LJ-120H;REJA DE HOJAS ARTIFICIALES X 1.20 MTS;1,920;24.17;31.9;38.3;46;26.03;34.4;41.3;49.6;;
EL-130;HOJA ARTIFICIAL DE FRONDAS GRANDE 1.30 MTS;216;30.06;45.1;54.1;64.9;32.38;48.6;58.3;70;;
EL-131;HOJA ARTIFICIAL DE HELECHO GRANDE 1.30 MTS;144;30.06;45.1;54.1;64.9;32.38;48.6;58.3;70;;
MH5-01;FLOR ARTIFICIAL DE AVISPA EN VARA X 5 CABEZAS 100 CM;1,440;4.08;6.1;7.3;8.8;4.39;6.6;7.9;9.5;;
MH5-02;FLOR ARTIFICIAL TULIPAN EN VARA X 5 CABEZAS 100 CM;960;4.08;6.1;7.3;8.8;4.39;6.6;7.9;9.5;;
MH8-01;FLOR ARTIFICIAL ZAPATILLA DE DAMA EN VARA 95 CM;1,920;2.15;4.2;5;6;2.31;4.5;5.4;6.5;;
MH8-02;FLOR ARTIFICIAL ORQUIDEA MARIPOSA EN VARA 95 CM;960;2.15;4.2;5;6;2.31;4.5;5.4;6.5;;
MH9-01;FLOR ARTIFICIAL DE AVISPA EN RAMO X 9 CABEZAS 70 CM;720;11.38;16.5;19.8;23.8;12.26;17.8;21.4;25.7;;
MH9-02;FLOR ARTIFICIAL TULIPAN EN RAMO X 9 CABEZAS 70 CM;720;11.38;16.5;19.8;23.8;12.26;17.8;21.4;25.7;;
RON-01;HOJA ARTIFICIAL FRONDAS CHICO EN RAMO X 18 HOJAS 36 CM;1,500;8.05;12.9;15.5;18.6;8.67;13.9;16.7;20;;
RON-02;HOJA ARTIFICIAL DE HELECHO CHICO EN RAMO X 18 HOJAS 36 CM;900;8.05;12.9;15.5;18.6;8.67;13.9;16.7;20;;
RON-03;HOJA ARTIFICIAL FRONDAS MEDIANO EN RAMO X 18 HOJAS 55 CM;600;9.12;16;19.2;23;9.83;17.2;20.6;24.7;;
RON-04;HOJA ARTIFICIAL DE HELECHO MEDIANO EN RAMO X 18 HOJAS 55 CM;300;9.12;16;19.2;23;9.83;17.2;20.6;24.7;;
RON-05;HOJA ARTIFICIAL FOLLAJE EN RAMO X 5 32 CM;2,400;2.15;4.8;5.8;7;2.31;5.2;6.2;7.4;;
PUM-01;MACETERO PLASTICO 25*30 CM;260;4.64;7;8.4;10.1;5;7.5;9;10.8;;
PUM-02;MACETERO PLASTICO 28*35 CM;140;4.85;7.3;8.8;10.6;5.22;7.8;9.4;11.3;;
PUM-03;MACETERO PLASTICO 35*36 CM;20;5.61;8.4;10.1;12.1;6.04;9.1;10.9;13.1;;
PUM-04;CANASTA  PLASTICO 25*22 CM;400;4.85;7.5;9;10.8;5.22;8.1;9.7;11.6;;
PUM-05;CANASTA  PLASTICO 25*22 CM;400;4.85;7.5;9;10.8;5.22;8.1;9.7;11.6;;
PUM-06;FLORERO PLASTICO 12*10 CM;585;2.01;3;3.6;4.3;2.16;3.2;3.8;4.6;;
PUM-07;FLORERO PLASTICO 15*8 CM;720;1.11;1.7;2;2.4;1.19;1.8;2.2;2.6;;
PUM-08;FLORERO PLASTICO 10*10 CM;360;2.28;3.4;4.1;4.9;2.46;3.7;4.4;5.3;;
QQ5-01;FLOR ARTIFICIAL PETUNIA EN RAMO X 5 CABEZAS 42 CM;1,224;4.83;7.2;8.6;10.3;5.2;7.8;9.4;11.3;;
QQ5-02;FLOR ARTIFICIAL HORTENSIA EN RAMO X 5 CABEZAS 42 CM;816;4.83;7.2;8.6;10.3;5.2;7.8;9.4;11.3;;
SOY5-01;FLOR ARTIFICIAL ROSA BOTON CON MARGARITA EN RAMO X 5 30 CM;2,880;2.3;3.5;4.2;5;2.52;3.8;4.6;5.5;;
SOY5-02;FLOR ARTIFICIAL ROSA BOTON CON MARGARITA Y FOLLAJE EN RAMO X 5 30 CM;2,880;2.3;3.5;4.2;5;2.52;3.8;4.6;5.5;;
SOY5-03;FLOR ARTIFICIAL MARGARITA CON CRISANTEMO EN RAMO X 5 30 CM;2,880;2.11;3.2;3.8;4.6;2.31;3.5;4.2;5;;
SOY5-04;FLOR ARTIFICIAL MARGARITA CON CRISANTEMO Y FOLLAJE EN RAMO X 5 30 CM;2,880;2.11;3.2;3.8;4.6;2.31;3.5;4.2;5;;
SOY5-05;FLOR ARTIFICIAL MARGARITA CON POMPOM EN RAMO X 7 30 CM;1,800;2.78;4.2;5;6;3.04;4.6;5.5;6.6;;
SOY5-06;FLOR ARTIFICIAL MARGARITA CON POMPOM Y FOLLAJE EN RAMO X 7 30 CM;1,800;2.78;4.2;5;6;3.04;4.6;5.5;6.6;;
SOY5-07;FLOR ARTIFICIAL ROSITA EN RAMO X 7 30 CM;1,800;2.53;3.8;4.6;5.5;2.76;4.1;4.9;5.9;;
SOY5-08;FLOR ARTIFICIAL ROSITA FINA EN RAMO X 7 30 CM;1,800;2.53;3.8;4.6;5.5;2.76;4.1;4.9;5.9;;
SOY5-09;FLOR ARTIFICIAL MARGARITA  EN RAMO X 7 30 CM;2,400;2.42;3.6;4.3;5.2;2.65;4;4.8;5.8;;
SOY5-10;FLOR ARTIFICIAL MARGARITA CON FOLLAJE EN RAMO X 7 30 CM;2,400;2.42;3.6;4.3;5.2;2.65;4;4.8;5.8;;
SOY5-11;FLOR ARTIFICIAL ROSITA TE  EN RAMO X 7 30 CM;1,800;3.09;4.6;5.5;6.6;3.38;5.1;6.1;7.3;;
SOY5-12;FLOR ARTIFICIAL ROSITA TE  FINA EN RAMO X7 30CM;1,800;3.09;4.6;5.5;6.6;3.38;5.1;6.1;7.3;;
LTX-01;FLOR ARTIFICIAL CARTUCHO EN VARA 30 CM;864;2.69;4.2;5;6;2.93;4.5;5.4;6.5;;
LTX-02;FLOR ARTIFICIAL CARTUCHO FINO EN VARA 30 CM;576;2.69;4.2;5;6;2.93;4.5;5.4;6.5;;
LTX-03;FLOR ARTIFICIAL TULIPAN EN RAMO X 9 33 CM;432;10.77;17.3;20.8;25;11.76;18.9;22.7;27.2;;
LTX-04;FLOR ARTIFICIAL TULIPAN FINO EN BOUQUET X 9 33 CM;432;10.77;17.3;20.8;25;11.76;18.9;22.7;27.2;;
RYG9-J-02;FLOR ARTIFICIAL TULIPAN EN VARA X 1 38 CM;1,080;2.42;3.5;4.2;5;2.65;3.8;4.6;5.5;;
LTX-06;FLOR ARTIFICIAL TULIPAN FINO EN VARA X 1 38 CM;1,080;2.42;3.5;4.2;5;2.65;3.8;4.6;5.5;;
LTX-07;FLOR ARTIFICIAL AVE DEL PARAISO EN VARA X 1 59 CM;2,400;2.42;3.5;4.2;5;2.65;3.8;4.6;5.5;;
LTX-08;FLOR ARTIFICIAL AVE DEL PARAISO FINA EN VARA X 1 59 CM;1,200;2.42;3.5;4.2;5;2.65;3.8;4.6;5.5;;
LTX-09;FLOR ARTIFICIAL EN VARA TULIPAN MEDIANO 60 CM;864;3.66;5;6;7.2;4;5.4;6.5;7.8;;
LTX-10;FLOR ARTIFICIAL EN VARA TULIPAN COLORES MEDIANO 60 CM;864;3.66;5;6;7.2;4;5.4;6.5;7.8;;
RYG5-201;FLOR ARTIFICIAL ROSA ABIERTA EN RAMO X 5 35 CM;3,000;3.4;5.6;6.7;8;3.71;6.1;7.3;8.8;;
RYG5-202;FLOR ARTIFICIAL ROSA ABIERTA CON FOLLAJE EN RAMO X 5 35 CM;3,000;3.4;5.1;6.1;7.3;3.71;6.1;7.3;8.8;;
RYG5-203;FLOR ARTIFICIAL ROSA BOTON EN RAMO X 5 35 CM;3,000;3.87;5.8;7;8.4;4.22;6.5;7.8;9.4;;
RYG5-204;FLOR ARTIFICIAL ROSA BOTON CON FOLLAJE EN RAMO X 5 35 CM;3,000;3.87;5.8;7;8.4;4.22;6.5;7.8;9.4;;
RYG9-210;FLOR ARTIFICIAL ROSA EN RAMO X 9 40 CM;1,050;12.32;18.5;22.2;26.6;13.45;20.2;24.2;29;;
RYG9-211;FLOR ARTIFICIAL ROSA EN RAMO CON FOLLAJE X 9 40 CM;450;12.32;18.5;22.2;26.6;13.45;20.2;24.2;29;;
RYG10-212;FLOR ARTIFICIAL ROSA BICOLOR EN RAMO X 9 40 CM;1,200;6.24;9.4;11.3;13.6;6.81;11.3;13.6;16.3;;
RYG10-213;FLOR ARTIFICIAL ROSA BICOLOR CON FOLLAJE EN RAMO X 9 40 CM;1,200;6.24;10.4;12.5;15;6.81;11.3;13.6;16.3;;
RYG9-234;FLOR ARTIFICIAL ROSA EN RAMO X 11 40 CM;1,260;4.33;6.5;7.8;9.4;4.73;7.1;8.5;10.2;;
RYG9-235;FLOR ARTIFICIAL ROSA EN RAMO CON FOLLAJE FLOREADO X 11 40 CM;540;4.33;6.5;7.8;9.4;4.73;7.1;8.5;10.2;;
RYG11-703;FLOR ARTIFICIAL TALIA EN RAMO X 11 45 CM;1,080;10.57;15.9;19.1;22.9;11.54;17.3;20.8;25;;
SDSH-01;PLANTA ARTIFICIAL CON FLORES 1,70 MTS;54;72.37;108.6;130.3;156.4;79.01;118.5;142.2;170.6;;
SDSH-02;PLANTA ARTIFICIAL CON GIRASOLES 1,70 MTS;36;72.37;108.6;130.3;156.4;79.01;118.5;142.2;170.6;;
SDSH-03;PLANTA ARTIFICIAL CON FLORES ROJAS 1,70 MTS;36;88.45;132.7;159.2;191;96.57;144.9;173.9;208.7;;
SDSH-04;PLANTA ARTIFICIAL CON FLORES EXOTICAS 1,70 MTS;24;88.45;132.7;159.2;191;96.57;144.9;173.9;208.7;;
SDSH-05;PLANTA ARTIFICIAL CON 15 HOJAS 1,20 MTS;24;67.42;101.1;121.3;145.6;73.61;110.4;132.5;159;;
JEM-01;ADORNO GEMAS DE COLORES PARA FLORERO;2,500;1.24;1.9;2.3;2.8;1.35;2;2.4;2.9;;
JEM-02;ADORNO GEMAS DE COLORES PARA DECORACION;2,500;1.24;1.9;2.3;2.8;1.35;2;2.4;2.9;;
JEM-03;ADORNO GEMAS TRANSPARENTES PARA FLORERO;1,250;1.92;2.9;3.5;4.2;2.09;3.1;3.7;4.4;;
JEM-04;ADORNO GEMAS TRANSPARENTES PARA DECORACION;1,250;1.92;2.9;3.5;4.2;2.09;3.1;3.7;4.4;;
JEM-05;ADORNO GEMAS COLOR NATURAL PARA FLORERO;2,500;0.68;1;1.2;1.4;0.74;1.1;1.3;1.6;;
JEM-06;ADORNO GEMAS COLOR NATURAL PARA DECORACION;2,500;0.68;1;1.2;1.4;0.74;1.1;1.3;1.6;;
;;;;;;;;;;;;
YD-01;HOJA  ARTIFICIAL DE RAMO X 9 TIPO SAGITADA 40 CM ;800;5.05;7.6;9.1;10.9;5.81;8.7;10.4;12.5;;
YD-02;HOJA ARTIFICIAL DE RAMO  X 9 TIPO LANCEOLADAS 40 CM ;400;5.05;7.6;9.1;10.9;5.81;8.7;10.4;12.5;;
YD-03;HOJA ARTIFICIAL DE RAMO  X 9 TIPO OREJA ELEFANTE 40 CM ;800;5.05;7.6;9.1;10.9;5.81;8.7;10.4;12.5;;
YD-04;HOJA ARTIFICIAL DE RAMO  X 9 TIPO CEBRA 40 CM ;400;5.05;7.6;9.1;10.9;5.81;8.7;10.4;12.5;;
YD-05;PLANTA ARTIFICIAL DE HOJA  X 9   ESTRELLA 1.60 MTS ;24;72.47;108.7;130.4;156.5;83.34;125;150;180;;
YD-06;PLANTA ARTIFICIAL DE HOJA  X 9 TIPO  CHIFLERA 1.60 MTS ;12;72.65;109;130.8;157;83.55;125.3;150.4;180.5;;
YD-07;PLANTA ARTIFICIAL DE HOJA  X 9 TIPO  ESTRELLA 1.80 MTS ;24;98.51;133;159.6;191.5;113.29;152.9;183.5;220.2;;
YD-08;PLANTA ARTIFICIAL DE HOJA  X 9 TIPO  MANO  1.80 MTS ;12;98.51;133;159.6;191.5;113.29;152.9;183.5;220.2;;
YD-09;PLANTA ARTIFICIAL DE HOJA  X 3 TALLO TIPO 1.50 MTS ;20;65.68;98.5;118.2;141.8;75.53;113.3;136;163.2;;
YD-10;PLANTA ARTIFICIAL DE HOJA  DE ELEFANTE  1.50 MTS ;10;65.68;98.5;118.2;141.8;75.53;113.3;136;163.2;;
YD-11;PLANTA ARTIFICIAL DE HOJA FAIRYZA 1.40 MTS ;48;56.02;84;100.8;121;64.42;96.6;115.9;139.1;;
YD-12;PLANTA ARTIFICIAL DE HOJA X13 1.40 MTS ;24;56.02;84;100.8;121;64.42;96.6;115.9;139.1;;
YD-13;PLANTA ARTIFICIAL DE HOJA PALMERA CHICO 1.10 MTS CON BASE;24;35.77;53.7;64.4;77.3;41.14;61.7;74;88.8;;
YD-14;PLANTA ARTIFICIAL DE HOJA PALMERA X 7 HOJA 1.10 MTS CON BASE;16;35.77;53.7;64.4;77.3;41.14;61.7;74;88.8;;
YD-15;PLANTA ARTIFICIAL DE HOJA PALMERA MEDIANO  1.40 MTS CON BASE;18;77.27;115.9;139.1;166.9;88.86;133.3;160;192;;
YD-16;PLANTA ARTIFICIAL DE HOJA PALMERA X 7 HOJA 1.40 MTS CON BASE;12;77.27;115.9;139.1;166.9;88.86;133.3;160;192;;
RYG9-J-02;PLANTA ARTIFICIAL DE HOJA PALMERA  DE COCO 1.60 MTS CON BASE;18;77.27;115.9;139.1;166.9;88.86;133.3;160;192;;
YD-18;PLANTA ARTIFICIAL DE HOJA PALMERA  X 10 HOJA 1.60 MTS CON BASE;12;77.27;115.9;139.1;166.9;88.86;133.3;160;192;;
YD-19;PLANTA ARTIFICIAL DE HOJA PALMERA  DE 4 TALLO 1.70 MTS CON BASE;12;111.1;166.7;200;240;127.77;191.6;229.9;275.9;;
YD-20;PLANTA ARTIFICIAL DE HOJA PALMERA  X 12 HOJA 1.70 MTS CON BASE;8;111.1;166.7;200;240;127.77;191.6;229.9;275.9;;
YD-21;PLANTA ARTIFICIAL DE HOJA   BRASIL 90 CM ;100;27.04;40.6;48.7;58.4;31.1;46.6;55.9;67.1;;
YD-22;PLANTA ARTIFICIAL DE HOJA  LANGUA 90 CM ;50;27.04;40.6;48.7;58.4;31.1;46.6;55.9;67.1;;
YD-23;PLANTA ARTIFICIAL DE BRASIL 1.70 MTS CON BASE;32;82.13;123.2;147.8;177.4;94.45;141.7;170;204;;
YD-24;PLANTA ARTIFICIAL DE DE 3TALLO 1.70 MTS CON BASE;16;82.13;123.2;147.8;177.4;94.45;141.7;170;204;;
YD-25;"PLANTA ARTIFICIAL DE HOJA TIPO ARCO IRIS MEDIANA DE 11 HOJAS 1.20 MTS CON BASE
";18;111.1;166.7;200;240;127.77;191.6;229.9;275.9;;
YD-26;"PLANTA ARTIFICIAL DE HOJA TIPO ARCO IRIS MEDIANA DE 11 HOJAS 1.20 MTS CON BASE
";12;111.1;166.7;200;240;127.77;191.6;229.9;275.9;;
YD-27;"PLANTA ARTIFICIAL DE HOJA TIPO ARCO IRIS MEDIANA DE 9 HOJAS 0,9 MTS CON BASE
";18;56.02;84;100.8;121;64.42;96.6;115.9;139.1;;
YD-28;"PLANTA ARTIFICIAL DE HOJA TIPO ARCO IRIS MEDIANA DE 9 HOJAS 0,9 MTS CON BASE
";12;56.02;84;100.8;121;64.42;96.6;115.9;139.1;;
YD-29;"PLANTA ARTIFICIAL DE HOJA TIPO ARCO IRIS MEDIANA DE 6 HOJAS 0,73 MTS CON BASE
";24;36.7;55.1;66.1;79.3;42.21;63.3;76;91.2;;
YD-30;"PLANTA ARTIFICIAL DE HOJA TIPO ARCO IRIS MEDIANA DE 6 HOJAS 0,73 MTS CON BASE
";16;36.7;55.1;66.1;79.3;42.21;63.3;76;91.2;;
YD-31;"PLANTA ARTIFICIAL DE HOJA TIPO COSTILLA DE ADAN  0,73 MTS CON BASE
";18;56.02;72.8;87.4;104.9;64.42;83.7;100.4;120.5;;
YD-32;"PLANTA ARTIFICIAL DE HOJA  X9 HOJAS 0,73 MTS CON BASE
";12;56.02;72.8;87.4;104.9;64.42;83.7;100.4;120.5;;
YD-33;"PLANTA ARTIFICIAL DE HOJA  X9 HOJAS 0,9 MTS CON BASE
";24;65.68;93.4;112.1;134.5;75.53;107.4;128.9;154.7;;
YD-34;"PLANTA ARTIFICIAL DE HOJA  TIPO PARMA  0,9MTS CON BASE
";16;65.68;93.4;112.1;134.5;75.53;107.4;128.9;154.7;;
GS-01;PLANTA ARTIFICIA LDE HOJA  ABANICO 1.40 MTS ;12;115.9;133.3;160;192;133.29;153.3;184;220.8;;
GS-02;PLANTA ARTIFICIA LDE HOJA X 2 TALLO  1.40 MTS ;12;115.9;133.3;160;192;133.29;153.3;184;220.8;;
GS-03;PLANTA ARTIFICIAL DE HOJA  AMAPOLA 1.70 MTS 1.7m;30;117.83;153.2;183.8;220.6;135.5;176.2;211.4;253.7;;
GS-04;PLANTA ARTIFICIAL DE HOJA X 5 TALLO 1.70 MTS 1.7m;30;117.83;153.2;183.8;220.6;135.5;176.2;211.4;253.7;;
GS-05;PLANTA ARTIFICIAL CON FLOR   LIRIO DE 5 PUNTAS 1.60 MTS ;36;91.78;128.5;154.2;185;105.55;147.8;177.4;212.9;;
GS-06;PLANTA ARTIFICIAL CON FLOR TIPO  CARTUCHO DE 5 PUNTAS 1.60 MTS ;36;91.78;119.3;143.2;171.8;105.55;137.2;164.6;197.5;;
GS-07;PLANTA ARTIFICIAL CON FLORES TIPO MANZANA 1.70 MTS BLANCO ;12;137.21;178.4;214.1;256.9;157.79;205.1;246.1;295.3;;
GS-08;PLANTA ARTIFICIAL CON FLORES  MANZANA 1.70 MTS ROSADO;12;137.21;178.4;214.1;256.9;157.79;205.1;246.1;295.3;;
GS-09;PLANTA ARTIFICIAL CON FLORES  MANZANA 1.70 MTS FUCSIA;12;137.21;164.7;197.6;237.1;157.79;189.3;227.2;272.6;;
GS-10;PLANTA ARTIFICIAL DE HOJA  TIPO CEPOLLA 190 MTS HOJA PRIMAVERA;60;72.47;94.2;113;135.6;83.34;108.3;130;156;;
GS-11;PLANTA ARTIFICIAL DE HOJA   CEPOLLA 190 MTS HOJA HOTONAL;40;72.47;87;104.4;125.3;83.34;100;120;144;;
TUY12-01;FLOR ARTIFICIAL EN RAMO X12 41CM;4,200;4.15;5.4;6.5;7.8;4.77;6.2;7.4;8.9;;
TUY12-02;FLOR ARTIFICIAL EN RAMO X12 41CM;1,800;4.15;5.4;6.5;7.8;4.77;6.2;7.4;8.9;;
TUY5-03;FLOR ARTIFICIAL EN VARA X5 36CM;8,400;2.37;3.1;3.7;4.4;2.73;3.5;4.2;5;;
TUY5-04;FLOR ARTIFICIAL EN VARA X5 36CM;3,600;2.37;3.1;3.7;4.4;2.73;3.5;4.2;5;;
TUY20-07;FLOR ARTIFICIAL EN RAMO X5 47CM;4,200;3.29;4.4;5.3;6.4;3.78;5.1;6.1;7.3;;
TUY20-08;FLOR ARTIFICIAL EN RAMO X5 47CM;1,800;3.29;4.4;5.3;6.4;3.78;5.1;6.1;7.3;;
TUY7-09;FLOR ARTIFICIAL EN RAMO X7 34CM;4,200;2.71;3.5;4.2;5;3.12;4.1;4.9;5.9;;
TUY7-10;FLOR ARTIFICIAL EN RAMO X 7 34 CM;1,800;2.71;3.5;4.2;5;3.12;4.1;4.9;5.9;;
TUY7-11;FLOR ARTIFICIAL EN RAMO X 7 39 CM;4,200;1.79;2.4;2.9;3.5;2.06;2.8;3.4;4.1;;
TUY7-12;FLOR ARTIFICIAL EN RAMO X 7 39 CM;1,800;1.79;2.4;2.9;3.5;2.06;2.8;3.4;4.1;;
TUY7-13;FLOR ARTICICIAL EN RAMO X 7 36 CM;4,200;2.23;3;3.6;4.3;2.56;3.5;4.2;5;;
TUY7-14;FLOR ARTIFICIAL EN RAMO X 7 36 CM;1,800;2.23;3;3.6;4.3;2.56;3.5;4.2;5;;
TUY7-15;FLOR ARTIFICIAL EN RAMO X 7 37 CM;4,200;2.84;4;4.8;5.8;3.27;4.6;5.5;6.6;;
TUY7-16;FLOR ARTIFICIAL EN RAMO X 7 37 CM;1,800;2.84;4;4.8;5.8;3.27;4.6;5.5;6.6;;
TUY7-17;TALLO ARTIFICIAL EN RAMO X 7  46 CM;2,988;1.06;1.5;1.8;2.2;1.22;1.7;2;2.4;;
TUY-CA;ENREDADERA PLASTICO 180 CM ;2,340;1.61;2.4;2.9;3.5;1.85;2.8;3.4;4.1;;
YQP-01;PASE PLASTICO PARA CORONA 40CM;1,200;1.93;2.9;3.5;4.2;2.22;3.3;4;4.8;;
YQR-35;PASE PLASTICO PARA CORONA 35CM;1,200;1.55;2.3;2.8;3.4;1.78;2.7;3.2;3.8;;
YQR-50;PASE PLASTICO PARA CORONA 50CM;960;2.41;3.6;4.3;5.2;2.77;4.2;5;6;;
YQS-30;PASE PLASTICO PARA CORONA 30CM;960;1.26;1.9;2.3;2.8;1.45;2.2;2.6;3.1;;
YQS-60;PASE PLASTICO PARA CORONA 60CM;960;2.12;3.2;3.8;4.6;2.44;3.7;4.4;5.3;;
YQC-01;HOJA PLASTICO SOLO;1,560;1.77;2.7;3.2;3.8;2.04;3.1;3.7;4.4;;
YQS-02;HOJA PLASTICO SOLO;300;3.86;5.8;7;8.4;4.44;6.7;8;9.6;;
YQS-03;HOJAS ARTIFICIALES DE PRIMAVERA OSCURA ;12,000;0.31;0.5;0.6;0.7;0.36;0.5;0.6;0.7;;
YQS-04;HOJAS ARTIFICIALES DE PRIMAVERA ;12,000;0.31;0.5;0.6;0.7;0.36;0.5;0.6;0.7;;
YQ10-01;FLOR ARTIFICIAL EN RAMO X 10  4CM;3,120;4.06;5.6;6.7;8;4.67;6.4;7.7;9.2;;
YQ10-02;FLOR ARTIFICIAL EN RAMO X 10  4CM;3,600;4.74;6.3;7.6;9.1;5.45;7.2;8.6;10.3;;
YQ10-03;FLOR ARTIFICIAL EN RAMO X 10  4CM;3,600;4.44;6;7.2;8.6;5.11;6.9;8.3;10;;
YQ7-04;FLOR ARTIFICIAL EN RAMO X7  4CM;5,400;2.32;3.5;4.2;5;2.67;4;4.8;5.8;;
FUB-01;BASE DE FONDO DE PANEL DECORATIVO 30*30 CM ;6,032;5.3;6.6;7.9;9.5;6.1;7.6;9.1;10.9;;
FUB-02;PIEZAS PARA PANEL DECORATIVO, DE COLORES. PARA FIESTAS;100;333.3;4.2;5;6;383.3;4.83;5.8;7;;
RYG5-206;FLOR ARTIFICIAL ROSA PRIMAVERAL EN RAMO X 5 35 CM;3,000;3.54;4.6;5.5;6.6;4.07;5.3;6.4;7.7;;
RYG5-207;FLOR ARTIFICIAL ROSA FELICIDAD EN RAMO X 5 35CM;3,000;3.54;4.6;5.5;6.6;4.07;5.3;6.4;7.7;;
RYG9-208;FLOR ARTIFICIAL ROSA ALEGRE EN RAMO X 9 40 CM;2,400;5.97;7.8;9.4;11.3;6.87;9.5;11.4;13.7;;
RYG9-209;FLOR ARTIFICIAL ROSA ABIERTA EN RAMO X 9 40 CM;1,200;5.97;9;10.8;13;6.87;10.9;13.1;15.7;;
RYG12-214;FLOR ARTIFICIAL ROSA BOTON EN RAMO X 12 40 CM;1,800;8.91;12.5;15;18;10.25;14.3;17.2;20.6;;
RYG12-215;FLOR ARTIFICIAL ROSA BOTON OTOÑAL EN RAMO X 12 40 CM;1,800;8.91;12.5;15;18;10.25;14.3;17.2;20.6;;
RYG12-216;FLOR ARTIFICIAL ROSA VICTORIA EN RAMO X 12 40 CM;300;14.16;18.3;22;26.4;16.28;21;25.2;30.2;;
RYG12-217;FLOR ARTIFICIAL ROSA ILUSION EN RAMO X 12 40 CM;300;14.16;18.3;22;26.4;16.28;21;25.2;30.2;;
RYG11-218;FLOR ARTIFICIAL ROSA CAPULLO EN RAMO X 11 40 CM;450;13.66;20.5;24.6;29.5;15.71;23.6;28.3;34;;
RYG11-219;FLOR ARTIFICIAL ROSA CATEDRAL EN RAMO X 11 40 CM;300;13.66;20.5;24.6;29.5;15.71;23.6;28.3;34;;
RYG11-220;FLOR ARTIFICIAL ROSA DE VENECIA EN RAMO X 11 40 CM;450;13.66;17.8;21.4;25.7;15.71;21.8;26.2;31.4;;
RYG11-221;FLOR ARTIFICIAL ROSA DE PARIS EN RAMO X 11 40 CM;300;13.66;17.8;21.4;25.7;15.71;21.8;26.2;31.4;;
RYG11-222;FLOR ARTIFICIAL ROSA FRANCESA EN RAMO X 11 40 CM;540;14.06;18.3;22;26.4;16.17;22.3;26.8;32.2;;
RYG11-223;FLOR ARTIFICIAL ROSA COREANA EN RAMO X 11 40 CM;360;14.06;18.3;22;26.4;16.17;22.3;26.8;32.2;;
RYG10-224;FLOR ARTIFICIAL ROSA DE GINEBRA EN RAMO X 10 40 CM;450;12.14;18.2;21.8;26.2;13.96;20.9;25.1;30.1;;
RYG10-225;FLOR ARTIFICIAL ROSA DE LA INDIA EN RAMO X 10 40 CM;300;12.14;18.2;21.8;26.2;13.96;20.9;25.1;30.1;;
RYG11-226;FLOR ARTIFICIAL ROSA OTOÑAL EN RAMO X 11 40 CM;540;13.15;19.4;23.3;28;15.12;22.3;26.8;32.2;;
RYG11-227;FLOR ARTIFICIAL ROSA JAPONESA EN RAMO X 11 40 CM;360;13.15;19.4;23.3;28;15.12;22.3;26.8;32.2;;
RYG9-228;FLOR ARTIFICIAL ROSA MEXICANA EN RAMO X 9 40 CM;540;13.35;20;24;28.8;15.35;23;27.6;33.1;;
RYG9-229;FLOR ARTIFICIAL ROSA TAILANDESA EN RAMO X 9 40 CM;360;13.35;20;24;28.8;15.35;23;27.6;33.1;;
RYG18-230;FLOR ARTIFICIAL ROSA DEL AFRICA PRIMAVERAL EN RAMO X 18 40CM;600;13.96;20.9;25.1;30.1;16.05;24.1;28.9;34.7;;
RYG18-231;FLOR ARTIFICIAL ROSA DEL AFRICA OTOÑAL EN RAMO X 18 40CM;600;13.96;20.9;25.1;30.1;16.05;24.1;28.9;34.7;;
RYG18-232;FLOR ARTIFICIAL ROSA DEL VALLE PRIMAVERAL EN RAMO X 18 40 CM;600;14.67;22;26.4;31.7;16.87;25.3;30.4;36.5;;
RYG18-233;FLOR ARTIFICIAL ROSA DEL VALLE OTOÑAL EN RAMO X 18 40 CM;600;14.67;22;26.4;31.7;16.87;25.3;30.4;36.5;;
RYG11-701;FLOR ARTIFICIAL PEONIA CHINA EN RAMO X 11 40 CM;750;14.16;18.4;22.1;26.5;16.28;22.8;27.4;32.9;;
RYG11-702;FLOR ARTIFICIAL PEONIA DEL PACIFICO EN RAMO X 11 40 CM;750;14.16;19.8;23.8;28.6;16.28;22.8;27.4;32.9;;
RYG11-703;FLOR ARTIFICIAL TALIA EN RAMO X 11 45 CM;540;11.13;18.1;21.7;26;12.8;20.9;25.1;30.1;;
RYG11-704;FLOR ARTIFICIAL CRISANTEMO EN RAMO X 11 45 CM;900;11.13;18.1;21.7;26;12.8;20.9;25.1;30.1;;
RYG10-705;FLOR ARTIFICIAL TIPO BOMBITAS EN RAMO X 12 45 CM (RYG12-705);1,800;7.59;11;13.2;15.8;8.73;12.7;15.2;18.2;;
RYG10-706;FLOR ARTIFICIAL TIPO  DIENTE DE LEON EN RAMO X 12 45 CM (RYG12-706);900;7.59;11;13.2;15.8;8.73;12.7;15.2;18.2;;
RYG10-707;FLOR ARTIFICIAL ROSA ARCO IRIS EN RAMO X 10 45 CM;1,200;8.3;12.5;15;18;9.55;14.3;17.2;20.6;;
RYG10-708;FLOR ARTIFICIAL ROSA DEL PANTANO EN RAMO X 10 45 CM;600;8.3;11.6;13.9;16.7;9.55;13.4;16.1;19.3;;
RYG5-709;FLOR ARTIFICIAL ZINIA EN RAMO X 5 35 CM;1,500;3.24;5.4;6.5;7.8;3.73;6.3;7.6;9.1;;
RYG5-710;FLOR ARTIFICIAL FELICIA EN RAMO X 5 35 CM;1,500;3.24;5.4;6.5;7.8;3.73;6.3;7.6;9.1;;
RYG12-711;FLOR ARTIFICIAL CAPULLOS DE PERLA X 12 40 CM;1,800;8.91;12.5;15;18;10.25;14.3;17.2;20.6;;
RYG12-712;FLOR ARTIFICIAL CAPULLOS DE DIAMANTE X 12 40 CM;600;8.91;12.5;15;18;10.25;14.3;17.2;20.6;;
RYG6-J-01;FLOR ARTIFICIAL QUEEN ROSE X 6 40 CM ;120;10.12;11.8;14.2;17;11.64;13.6;16.3;19.6;;
RYG6-J-01-01;FLOR ARTIFICIAL DEL LAGO AZUL X 6 40 CM;150;10.12;11.8;14.2;17;11.64;13.6;16.3;19.6;;
RYG9-J-02;FLOR ARTIFICIAL ROSA RELAMPAGO X 9 40 CM;150;12.65;19;22.8;27.4;14.55;21.8;26.2;31.4;;
RYG9-J-03-R;FLOR ARTIFICIAL ROSA AMADA X 9 40 CM;240;11.63;12.2;14.6;17.5;13.37;14;16.8;20.2;;
RYG11-J-04;FLOR ARTIFICIAL ROSA HOLANDESA X 11 40 CM;600;12.65;15.2;18.2;21.8;14.55;17.5;21;25.2;;
JLP-21-01;FLORERO PLASTICO 9*6 CM;2,730;0.92;1.4;1.7;2;1.06;1.6;1.9;2.3;;
JLP-21-022;FLORERO PLASTICO 9*6 CM;420;0.92;1.4;1.7;2;1.06;1.6;1.9;2.3;;
JLP-1614;FLORERO PLASTICO 14*14*12 CM;2,600;2.15;3;3.6;4.3;2.47;3.5;4.2;5;;
JLP-1615F;FLORERO PLASTICO 14*14*12 CM;400;2.15;3;3.6;4.3;2.47;3.5;4.2;5;;
JLP-10514;FLORERO PLASTICO 9.5*13 CM;2,000;2.3;3.5;4.2;5;2.65;4;4.8;5.8;;
JLP-10515F;FLORERO PLASTICO 9.5*13 CM;400;2.3;3.5;4.2;5;2.65;4;4.8;5.8;;
JLP-13518;FLORERO PLASTICO 10.5*14 CM;3,000;1.92;2.9;3.5;4.2;2.21;3.3;4;4.8;;
JLP-13519F;FLORERO PLASTICO 11*14 CM;600;1.92;2.9;3.5;4.2;2.21;3.3;4;4.8;;
JLP-21-03;FLORERO PLASTICO 10*10 CM;3,380;1.77;2.7;3.2;3.8;2.04;3.1;3.7;4.4;;
JLP-21-04F;FLORERO PLASTICO 10*10 CM;520;1.77;2.7;3.2;3.8;2.04;3.1;3.7;4.4;;
JLP-1258;FLORERO PLASTICO 11.5*8*5 CM;1,200;1.07;1.5;1.8;2.2;1.23;1.7;2;2.4;;
JLP-1259F;FLORERO PLASTICO 11.5*8*5 CM;300;1.07;1.5;1.8;2.2;1.23;1.7;2;2.4;;
JLP-125;FLORERO PLASTICO 12.5*10.5 CM;1,560;2.15;3;3.6;4.3;2.47;3.5;4.2;5;;
JLP-126F;FLORERO PLASTICO 12.5*10.5 CM;240;2.15;3;3.6;4.3;2.47;3.5;4.2;5;;
JLP-105;FLORERO PLASTICO 10.5*6.8*4.5 CM;912;1.23;1.8;2.2;2.6;1.41;2.1;2.5;3;;
JLP-106F;FLORERO PLASTICO 10.5*6.8*4.5 CM;228;1.23;1.8;2.2;2.6;1.41;2.1;2.5;3;;
RYG9-J-02;FLORERO PLASTICO 8.5*10.5 CM;1,680;1.3;2;2.4;2.9;1.5;2.2;2.6;3.1;;
JLP-85106F;FLORERO PLASTICO 8.5*10.5 CM;420;1.3;2;2.4;2.9;1.5;2.2;2.6;3.1;;
JLP-1010;FLORERO PLASTICO 8.5*10.5 CM;1,200;1.3;2;2.4;2.9;1.5;2.2;2.6;3.1;;
JLP-1011F;FLORERO PLASTICO 8.5*10.5 CM;300;1.3;2;2.4;2.9;1.5;2.2;2.6;3.1;;
JLP-255;FLORERO PLASTICO 22.5*13 CM;4,680;1.77;2.4;2.9;3.5;2.04;2.7;3.2;3.8;;
JLP-256F;FLORERO PLASTICO 22.5*13 CM;720;1.77;2.4;2.9;3.5;2.04;2.7;3.2;3.8;;
JLP-2735;BONSAI DE PLASTICO 26*20 CM;384;7.83;10.4;12.5;15;9;12;14.4;17.3;;
JLP-2736P;BONSAI DE PLASTICO 26*20 CM;96;7.83;10.4;12.5;15;9;12;14.4;17.3;;
JLP-SON;BONSAI DE PLASTICO 24*19 CM;384;6.6;8.6;10.3;12.4;7.59;9.9;11.9;14.3;;
JLP-SONP;BONSAI DE PLASTICO 24*19 CM;96;6.6;8.6;10.3;12.4;7.59;9.9;11.9;14.3;;
JLP-2620;BONSAI DE PLASTICO 26*20 CM;120;7.83;11.7;14;16.8;9;13.5;16.2;19.4;;
JLP-2621P;BONSAI DE PLASTICO 26*20 CM;120;7.83;11.7;14;16.8;9;13.5;16.2;19.4;;
JLP-2729;BONSAI DE PLASTICO 26*20 CM;384;7.83;11.7;14;16.8;9;13.5;16.2;19.4;;
JLP-2730P;BONSAI DE PLASTICO 26*20 CM;96;7.83;11.7;14;16.8;9;13.5;16.2;19.4;;
JLP-BONP;BONSAI DE PLASTICO 26*20 CM;120;7.83;11.7;14;16.8;9;13.5;16.2;19.4;;
LN3-03;FLOR ARTIFICIAL  NAVIDEÑO EN VARA X 3 CABEZAS 1.24 MTS;780;16.21;20.4;24.5;29.4;18.64;23.5;28.2;33.8;;
LN3-04;FLOR ARTIFICIAL  MAGNOLIA CON ESCARCHADO EN VARA X 3 CABEZAS 1.24 MTS;3,900;16.21;20.4;24.5;29.4;18.64;23.5;28.2;33.8;;
LN5-07;FLOR ARTIFICIAL ROSA CON AZUCENA EN VARA X 5 CABEZAS 1.24 MTS;468;16.81;20.4;24.5;29.4;19.33;23.5;28.2;33.8;;
LN5-088;FLOR ARTIFICIAL ROSA CON LIRIO EN VARA X 5 CABEZAS 1.24 MTS;1,092;16.81;20.4;24.5;29.4;19.33;23.5;28.2;33.8;;
LNFJ-09;FLOR ARTIFICIAL ESPIGA DE TRIGO EN VARA X 3 CABEZAS 90 CM;600;3.24;5.6;6.7;8;3.73;6.4;7.7;9.2;;
LNFJ-100;FLOR ARTIFICIAL  ESPIGUILLA EN VARA X 3 CABEZAS 90 CM;1,200;3.24;4.9;5.9;7.1;3.73;5.6;6.7;8;;
LNFJ-13;FLOR ARTIFICIAL  CEREAL EN VARA 90 CM;600;5.17;5.7;6.8;8.2;5.95;6.5;7.8;9.4;;
LNFJ-14;FLOR ARTIFICIAL  SEMILLAS EN VARA 90 CM;1,200;5.17;5.7;6.8;8.2;5.95;6.5;7.8;9.4;;
LNFJ-19;HOJAS NAVIDEÑO 70 CM;1,200;4.44;6.7;8;9.6;5.11;7.7;9.2;11;;
LNFJ-200;HOJAS DE NAVIDAD PARA DECORACION 70 CM;1,200;4.44;6.7;8;9.6;5.11;7.7;9.2;11;;
LNFJ-21;HOJAS  PIÑA 70 CM;1,200;4.32;6.5;7.8;9.4;4.97;7.5;9;10.8;;
LNFJ-220;HOJAS  ABANICO 70 CM;1,200;4.32;6.5;7.8;9.4;4.97;7.5;9;10.8;;
LNFJ-22;ESPIGA NAVIDEÑA CON BOLITAS 70 CM;360;6.01;9;10.8;13;6.91;10.4;12.5;15;;
LNFJ-233;ESPIGA NAVIDEÑA CON ESFERAS 70 CM;360;6.01;9;10.8;13;6.91;10.4;12.5;15;;
LNFJ-23;ESPIGA NAVIDEÑA COMBINADA 70 CM;360;6.25;9.3;11.2;13.4;7.19;10.7;12.8;15.4;;
LNFJ-244;ESPIGA NAVIDEÑA CON ADORNO 70 CM;360;6.25;9.3;11.2;13.4;7.19;10.7;12.8;15.4;;
LNFJ-25;ESPIGAS NAVIDEÑAS TIPO COLAS DE FENIX 70 CM;360;6.25;9;10.8;13;7.19;10.4;12.5;15;;
LNFJ-266;ESPIGAS NAVIDEÑAS TIPO PALMERA 70 CM;360;6.25;9;10.8;13;7.19;10.4;12.5;15;;
LNFJ-27;HOJA PERSA GRANDE 70 CM;360;6.61;9.5;11.4;13.7;7.6;10.9;13.1;15.7;;
LNFJ-288;HOJA VIOLETA DE PERSIA 70 CM;360;6.61;9.5;11.4;13.7;7.6;10.9;13.1;15.7;;
HOJA-01;RAMO COLGANTE CON FLORES 110 CM;4,800;1.6;2.4;2.9;3.5;1.84;2.8;3.4;4.1;;
HOJA-022;RAMO COLGANTE CON HOJAS 110 CM;2,400;1.6;2.4;2.9;3.5;1.84;2.8;3.4;4.1;;
GUNOV-01;GUIA DE HORTENSIAS 2 MTS (PQT X 10 UND);209;31.24;46.9;56.3;67.6;35.93;53.9;64.7;77.6;;
GUNOV-022;GUIA DE NOVIA 2 MTS (PQT X 10 UND);209;31.24;46.9;56.3;67.6;35.93;53.9;64.7;77.6;;
GUNOV-03;GUIA DE HORTENSIAS CON HOJAS 220 CM;600;7.57;9.1;10.9;13.1;8.71;10.4;12.5;15;;
GUNOV-044;GUIA DE NOVIA CON HOJAS 220 CM;1,200;7.57;9.1;10.9;13.1;8.71;10.4;12.5;15;;
RYG9-228;FLOR ARTIFICIAL ROSA MEXICANA EN RAMO X 9 40 CM;1,080;14.52;20.8;25;30;12.57;18;21.6;25.9;;
RYG9-229;FLOR ARTIFICIAL ROSA TAILANDESA EN RAMO X 9 40 CM;360;14.52;20.8;25;30;12.57;18;21.6;25.9;;
RYG9-J-02;FLOR ARTIFICIAL ROSA RELAMPAGO X 9 40 CM;1,500;13.56;16.7;20;24;11.74;14.4;17.3;20.8;;
RYG9-J-03;FLOR ARTIFICIAL ROSA AMADA X 9 40 CM;300;13.56;16.7;20;24;11.74;14.4;17.3;20.8;;
RYG11-218;FLOR ARTIFICIAL ROSA CAPULLO EN RAMO X 11 40 CM;1,200;14.83;20;24;28.8;12.84;17.3;20.8;25;;
RYG11-219;FLOR ARTIFICIAL ROSA CATEDRAL EN RAMO X 11 40 CM;300;14.83;20;24;28.8;12.84;17.3;20.8;25;;
RYG-F01;FLOR ARTIFICIAL FOLLAJE EN VARA 30 CM EN COLORES COMBINADOS;12,000;0.85;1.2;1.4;1.7;0.73;1;1.2;1.4;;
RYG-F01-01;FLOR ARTIFIACIAL FOLLAJE EN VARA 30 CM EN COLOR BLANCO;3,600;0.85;1.2;1.4;1.7;0.73;1;1.2;1.4;;
RYG-F02;FLOR ARTIFICIAL FOLLAJE EN VARA 30 CM EN COLOR ROSADO;2,400;0.85;1.2;1.4;1.7;0.73;1;1.2;1.4;;
RYG12-H01;FLOR ARTIFICIAL ROSA SUEÑO EN RAMO X 12 38 CM ;960;10.6;14.8;17.8;21.4;9.17;12.8;15.4;18.5;;
RYG12-H02;FLOR ARTIFICIAL ROSA DIAMANTE EN RAMO X 12 38 CM ;240;10.6;14.8;17.8;21.4;9.17;12.8;15.4;18.5;;
RYG10-H03;FLOR ARTIFICIAL ROSA FELICIDAD EN RAMO X 10 38 CM ;960;10.6;16;19.2;23;9.17;13.2;15.8;19;;
RYG10-H04;FLOR ARTIFICIAL ROSA ALEGRE EN RAMO X 10 38 CM ;240;10.6;16;19.2;23;9.17;13.2;15.8;19;;
RYG18-H05;FLOR ARTIFICIAL ROSA RISUEÑA EN RAMO X 18 35 CM ;1,440;15.89;24.3;29.2;35;13.76;19.7;23.6;28.3;;
RYG18-H06;FLOR ARTIFICIAL ROSA MAJESTAD EN RAMO X 18 35 CM ;360;15.89;24.3;29.2;35;13.76;19.7;23.6;28.3;;
RYG11-H07;FLOR ARTIFICIAL PEONIA EN RAMO X 11 48 CM ;960;17.48;23.6;28.3;34;15.13;20.4;24.5;29.4;;
RYG11-H08;FLOR ARTIFICIAL DE LA FORTUNA EN RAMO X 11 48 CM ;240;17.48;23.6;28.3;34;15.13;20.4;24.5;29.4;;
RYG11-H09;FLOR ARTIFICIAL ROSA DE LA SUERTE EN RAMO X 11 45 CM ;1,440;14.62;20.8;25;30;12.66;18.2;21.8;26.2;;
RYG11-H10;FLOR ARTIFICIAL ROSA DE LA FORTUNA EN RAMO X 11 45 CM ;360;14.62;20.8;25;30;12.66;18.2;21.8;26.2;;
RYG10-H11;FLOR ARTIFICIAL ROSA CON HOJA DE HELECHO EN RAMO X 10 38 CM ;1,440;10.6;16;19.2;23;9.17;13.2;15.8;19;;
RYG10-H12;FLOR ARTIFICIAL ROSA CON HOJAS DE FRONDAS EN RAMO X 10 38 CM ;360;10.6;16;19.2;23;9.17;13.2;15.8;19;;
RYG11-H13;FLOR ARTIFICIAL ROSA REYNA EN RAMO X 9 35 CM ;1,920;12.5;16.7;20;24;10.82;14.4;17.3;20.8;;
RYG11-H14;FLOR ARTIFICIAL ROSA DAMA EN RAMO X 9 35 CM ;480;12.5;16.7;20;24;10.82;14.4;17.3;20.8;;
RYG10-H17;FLOR ARTIFIACIAL ROSA PEQUEÑA EN RAMO X 10 38 CM ;2,160;9.53;14.3;17.2;20.6;8.25;11.8;14.2;17;;
RYG10-H18;FLOR ARTIFIACIAL ROSA MAGRO EN RAMO X 10 38 CM ;240;9.53;14.3;17.2;20.6;8.25;11.8;14.2;17;;
RYG5-101;FLOR ARTIFIACIAL EN RAMO X 5 35 CM;6,000;3.39;5.1;6.1;7.3;2.94;4.4;5.3;6.4;;
FOT-CH01;ENREDADERA ARTIFICIAL CON FLOR 115 CM;900;25.42;35.6;42.7;51.2;22.01;31.6;37.9;45.5;;
FOT-CH02;ENREDADERA ARTIFICIAL CON HOJAS 135 CM;960;23.31;33.3;40;48;20.17;28.9;34.7;41.6;;
MJ-01;"ADORNO PARA JARDIN TIPO MARIPOSA DE 6"" CON VARA 40 CM";1,728;2.65;4.2;5;6;2.29;3.3;4;4.8;;
MJ-02;"ADORNO PARA JARDIN TIPO PAJARITO DE 4"" CON VARA 40 CM";3,456;2.22;3.3;4;4.8;1.93;2.8;3.4;4.1;;
MJ-03;"ADORNO PARA JARDIN TIPO PICAFLOR DE 6"" CON VARA 40 CM";1,728;2.75;4.2;5;6;2.38;3.4;4.1;4.9;;
MJ-04;"ADORNO PARA JARDIN TIPO LORO  DE  6"" CON VARA 40 CM";1,728;2.75;4.2;5;6;2.38;3.4;4.1;4.9;;
AV-01;ABANICO CHINO 23 CM;2,880;6.89;9.2;11;13.2;5.96;8.6;10.3;12.4;;
SA-H01;PARAGUA CHINO 53 CM CON DISEÑO;500;9.01;12.6;15.1;18.1;7.8;11.2;13.4;16.1;;
SA-N02;PARAGUA CHINO 53 CM EN COLORES ENTEROS;500;8.28;12;14.4;17.3;7.16;10.3;12.4;14.9;;
LY1157-03;PLANTA ARTIFICIAL CON FRUTAS 1.10 MTS;60;51.53;70;84;100.8;;;;;;
LY11H07-01;PLANTA ARTIFICIAL CON GIRASOLES 1.10 MTS;120;51.53;70;84;100.8;;;;;;
LY11H07-022;PLANTA ARTIFICIAL  SOL 1.10 MTS;30;51.53;70;84;100.8;;;;;;
LY17H16-01;PLANTA ARTIFICIAL CON GIRASOLES 1.70 MTS;32;110.49;140.5;168.6;202.3;;;;;;
LY1115-01;PLANTA ARTIFICIAL CON HERALDOS VERDE OSCURO 1.10 MTS;240;32.24;40;48;57.6;;;;;;
LY1115-022;PLANTA ARTIFICIAL CON HERALDOS VERDE CLARO 1.10 MTS;60;32.24;40;48;57.6;;;;;;
LY0618-01;PLANTA ARTIFICIAL CON HERALDOS VERDE OSCURO 60 CM;720;14.84;19.3;23.2;27.8;;;;;;
LY0618-022;PLANTA ARTIFICIAL CON HERALDOS VERDE CLARO 60 CM;240;14.84;19.3;23.2;27.8;;;;;;
LY18-01;PLANTA ARTIFICIAL DE HOJAS DE HIGUERA 1.80 MTS;36;122.03;152.5;183;219.6;;;;;;
LY18-022;PLANTA ARTIFICIAL DE HOJAS DE FICU 1.80 MTS;24;122.03;152.5;183;219.6;;;;;;
LY18-023;PLANTA ARTIFICIAL DE HOJAS DE HIGUERA DORADO 1.80 MTS;24;127.8;160;192;230.4;;;;;;
LY18-044;PLANTA ARTIFICIAL DE HOJAS DE FICU DORADO 1.80 MTS;12;127.8;160;192;230.4;;;;;;
LY18-025;PLANTA ARTIFICIAL DE HOJAS DE HIGUERA BLANCO 1.80 MTS;24;127.8;160;192;230.4;;;;;;
LY18-066;PLANTA ARTIFICIAL DE HOJAS DE FICU BLANCO 1.80 MTS;12;127.8;160;192;230.4;;;;;;
LY17HM-01;PLANTA ARTIFICIAL FLOR DE MANZANA ROSADO 1.70 MTS;48;93.17;121.1;145.3;174.4;;;;;;
LY17HM-022;PLANTA ARTIFICIAL FLOR DE MANZANA FUCSIA 1.70 MTS;16;93.17;121.1;145.3;174.4;;;;;;
LY20HD-01;PLANTA ARTIFICIAL FLOR DE DURAZNO ROSADO 2.00 MTS;48;126.15;157.7;189.2;227;;;;;;
LY20HD-022;PLANTA ARTIFICIAL FLOR DE DURAZNO BLANCO 2.00 MTS;12;126.15;157.7;189.2;227;;;;;;
LY18HD-01;PLANTA ARTIFICIAL FLOR DE DURAZNO ROSADO 1.80 MTS;60;96.47;125.4;150.5;180.6;;;;;;
LY18HD-022;PLANTA ARTIFICIAL FLOR DE DURAZNO BLANCO 1.80 MTS;15;96.47;125.4;150.5;180.6;;;;;;
LY18HJ-01;PLANTA ARTIFICIAL FLOR DE CIRUELA ROSADO 1.80 MTS (LY20HJ-01);60;109.66;137.1;164.5;197.4;;;;;;
LY18HJ-02;PLANTA ARTIFICIAL FLOR DE CIRUELA BLANCO 1.80 MTS (LY20HJ-02);15;109.66;137.1;164.5;197.4;;;;;;
LY165HD-01;PLANTA ARTIFICIAL FLOR DE DURAZNO ROSADO 1.65 MTS;72;72.15;93.8;112.6;135.1;;;;;;
LY165HD-02;PLANTA ARTIFICIAL FLOR DE DURAZNO BLANCO 1.65 MTS;18;72.15;93.8;112.6;135.1;;;;;;
LY1118-01;PLANTA ARTIFICIAL  BOA 18 HOJAS 1.10 MTS;80;46.42;60.3;72.4;86.9;;;;;;
LY1118-022;PLANTA ARTIFICIAL  HIEDRA 18 HOJAS 1.10 MTS;40;46.42;60.3;72.4;86.9;;;;;;
LY1118-03;PLANTA ARTIFICIAL  TORSO DE TORTUGA VERDE OSCURO 1.10 MTS;80;46.42;60.3;72.4;86.9;;;;;;
LY1118-044;PLANTA ARTIFICIAL  TORSO DE TORTUGA VERDE CLARO 1.10 MTS;40;46.42;60.3;72.4;86.9;;;;;;
LY1845-01;PLANTA ARTIFICIAL  PALMERA VERDE OSCURO 1.80 MTS;64;101.42;133.4;160.1;192.1;;;;;;
LY1845-022;PLANTA ARTIFICIAL  PALMERA VERDE CLARO 1.80 MTS;16;102.65;133.4;160.1;192.1;;;;;;
LY1124-01;PLANTA ARTIFICIAL  BOA 24 HOJAS 1.10 MTS;160;55.41;72;86.4;103.7;;;;;;
LY1124-022;PLANTA ARTIFICIAL  HIEDRA 24 HOJAS 1.10 MTS;40;55.41;72;86.4;103.7;;;;;;
LY1124-03;PLANTA ARTIFICIAL  CEBRA 24 HOJAS 1.10 MTS;160;55.41;72;86.4;103.7;;;;;;
LY1124-044;PLANTA ARTIFICIAL  CEREZO 24 HOJAS 1.10 MTS;40;55.41;72;86.4;103.7;;;;;;
LY;PLANTA ARTIFICIAL  PALMERA 27 HOJAS 1.10 MTS;150;54.09;70;84;100.8;;;;;;
LY14H04-01;PLANTA ARTIFICIAL  CARTUCHO VERDE OSCURO 1.40 MTS;160;84.1;105;126;151.2;;;;;;
LY14H04-022;PLANTA ARTIFICIAL  CARTUCHO VERDE CLARO 1.40 MTS;40;84.1;105;126;151.2;;;;;;
LY14H03-03;PLANTA ARTIFICIAL  HOJA VERDE OSCURO 1.40 MTS;90;84.1;105;126;151.2;;;;;;
LY14H03-044;PLANTA ARTIFICIAL  HOJA VERDE CLARO 1.40 MTS;30;84.1;105;126;151.2;;;;;;
LY12;PLANTA ARTIFICIAL  PALMERA VERDE OSCURO 1.20 MTS;48;72.15;93.8;112.6;135.1;;;;;;
LY13;PLANTA ARTIFICIAL  PALMERA VERDE CLARO 1.20 MTS;12;72.15;93.8;112.6;135.1;;;;;;
LY14;PLANTA ARTIFICIAL  PALMAS VERDE OSCURO 1.20 MTS;48;72.15;93.8;112.6;135.1;;;;;;
LY15;PLANTA ARTIFICIAL  PALMAS VERDE CLARO 1.20 MTS;12;72.15;93.8;112.6;135.1;;;;;;
RO5T-01;FLOR ARTIFICIAL EN RAMO  HORTENSIAS DE JAPON X 5 CABEZAS 49 CM;1,632;5.8;8.7;10.4;12.5;;;;;;
RO5T-022;FLOR ARTIFICIAL EN RAMO  HORTENSIAS DEL HIMALAYA X 5 CABEZAS 49 CM;1,428;5.8;8.7;10.4;12.5;;;;;;
DUR95-30;FLOR ARTIFICIAL  DURAZNO 90 CM;288;29.63;41.5;49.8;59.8;;;;;;
DUR95-33;FLOR ARTIFICIAL  DURAZNO DEL JAPON 90 CM;72;29.63;41.5;49.8;59.8;;;;;;
DUR57-34;FLOR ARTIFICIAL  DURAZNO 57 CM;1,584;4.25;6;7.2;8.6;;;;;;
DUR57-55;FLOR ARTIFICIAL  DURAZNO DEL JAPON 57 CM;396;4.25;6;7.2;8.6;;;;;;
VDU96-01;FLOR ARTIFICIAL  DURAZNO 96 CM;1,800;4.38;5.5;6.6;7.9;;;;;;
VDU96-022;FLOR ARTIFICIAL  DURAZNO DEL JAPON 96 CM;1,200;4.38;5.5;6.6;7.9;;;;;;
VDU70-03;FLOR ARTIFICIAL  DURAZNO 70 CM;2,880;2.84;3.7;4.4;5.3;;;;;;
VDU70-044;FLOR ARTIFICIAL  DURAZNO DEL JAPON 70 CM;1,920;2.84;3.7;4.4;5.3;;;;;;
VDU48-05;FLOR ARTIFICIAL  DURAZNO 48 CM;4,320;1.68;2.1;2.5;3;;;;;;
VDU48-066;FLOR ARTIFICIAL  DURAZNO DEL JAPON 48 CM;2,880;1.68;2.1;2.5;3;;;;;;
VDU38-07;FLOR ARTIFICIAL  DURAZNO 38 CM;2,880;2.06;2.5;3;3.6;;;;;;
VDU38-088;FLOR ARTIFICIAL  DURAZNO DEL JAPON 38 CM;1,920;2.06;2.5;3;3.6;;;;;;
OR9-01;FLOR ARTIFICIAL ORQUIDEA FRANCESA 65 CM;4,896;6.83;8.3;10;12;;;;;;
OR9-02;FLOR ARTIFICIAL ORQUIDEA KORENA 65 CM;864;6.83;8.3;10;12;;;;;;
ORH14-01;HOJA ARTIFICIAL VERDE OSCURO 14 CM;2,880;2.84;4;4.8;5.8;;;;;;
ORH14-02;HOJA ARTIFICIAL VERDE CLARO 14 CM;1,440;2.84;4;4.8;5.8;;;;;;
ORH16-01;HOJA ARTIFICIAL VERDE OSCURO 16 CM;2,016;3.22;4.5;5.4;6.5;;;;;;
ORH16-02;HOJA ARTIFICIAL VERDE CLARO 16 CM;1,008;3.22;4.5;5.4;6.5;;;;;;
EU-01;HOJAS DE MENTA BLANCO ARTIFICIAL EN RAMO 50 CM;2,880;4.26;6.4;7.7;9.2;;;;;;
EU-02;HOJAS DE EUCALIPTO VERDE ARTIFICIAL EN RAMO 50 CM;2,880;4.26;6.4;7.7;9.2;;;;;;
RE100-01;HOJA DE HELECHO ARTIFICIAL EN RAMO 98 CM;180;18.26;20.8;25;30;;;;;;
RE100-022;HOJA YERBA DE PLASTERO ARTIFICIAL EN RAMO 98 CM;720;18.26;20.8;25;30;;;;;;
GU-01;GUIA DE HOJA TIPO PARRA ARTIFICIAL EN CADENA 2.30 MTS;720;5.36;7.1;8.5;10.2;;;;;;
GU-022;GUIA DE HOJA TIPO CEBRA ARTIFICIAL EN CADENA 2.30 MTS;2,880;5.36;7.1;8.5;10.2;;;;;;
RCO-01;GUIA RAMO COLGANTE TIPO BOA ARTIFICIAL 95 CM;1,440;4.26;6.2;7.4;8.9;;;;;;
RCO-022;GUIA RAMO COLGANTE TIPO GERANIO ARTIFICIAL 95 CM;5,760;4.26;6.2;7.4;8.9;;;;;;
GU18-03;GUIA DE HOJA COLGANTE TIPO EUCALIPTO ARTIFICIAL 180 CM;900;10.35;13.5;16.2;19.4;;;;;;
GU18-044;GUIA DE HOJA COLGANTE TIPO MENTA ARTIFICIAL 180 CM;600;10.35;13.5;16.2;19.4;;;;;;
GUR-01;GUIA DE ROSAS COLGANTES ARTIFICIAL 140 CM;576;24.34;31.6;37.9;45.5;;;;;;
PPH-01;FLOR ARTIFICIAL EN VARA TIPO MANZANA 95 CM;12,000;4.26;5.4;6.5;7.8;;;;;;
GU18-05;GUIAS DE HOJAS DE OLIVO DE JARDIN ARTIFICIAL 180 CM;1,080;10.71;16.1;19.3;23.2;;;;;;
GU18-066;GUIAS DE HOJAS DE ACEITUNA ARTIFICIAL 180 CM;720;10.71;16.1;19.3;23.2;;;;;;
GU18-07;GUIAS DE HOJAS DE ROSA DE JARDIN ARTIFICIAL 180 CM;1,080;10.71;16.1;19.3;23.2;;;;;;
GU18-088;GUIAS DE HOJAS DE ROSA DE GUADALUPE ARTIFICIAL 180 CM;720;10.71;16.1;19.3;23.2;;;;;;
GU18-09;GUIAS DE HOJAS DE BAMBU ARTIFICIAL 130 CM;360;10.71;16.1;19.3;23.2;;;;;;
GU18-100;GUIAS DE HOJAS DE CAÑA ARTIFICIAL 130 CM;360;10.71;16.1;19.3;23.2;;;;;;
HOJ18-11;GUIAS DE HOJAS DE OLIVO DE JARDIN ARTIFICIAL 170 CM;240;18.26;23.3;28;33.6;;;;;;
HOJ18-22;GUIAS DE HOJAS DE ACEITUNA ARTIFICIAL 170 CM;240;18.26;23.3;28;33.6;;;;;;
DWG-05;GUIA DE FRUTA ARTIFICIAL 190 CM (PQT X 5 UND) - MALOGRADO;60;12.15;18.5;22.2;26.6;;;;;;
DWG-066;GUIA DE VID FRUTAL ARTIFICIAL 190 CM (PQT X 5 UND) - MALOGRADO;240;12.15;18.5;22.2;26.6;;;;;;
4060-01;PASTO ARTIFICIAL HOJA GRANDE 40*60 CM;600;4.63;7.3;8.8;10.6;;;;;;
4060-02;PASTO ARTIFICIAL HOJA CHICO 40*60 CM;6,000;4.63;7.3;8.8;10.6;;;;;;
4060-05;PASTO ARTIFICIAL TIPO TREBOL VERDE OSCURO 40*60 CM;240;13.39;19.5;23.4;28.1;;;;;;
4060-066;PASTO ARTIFICIAL TIPO TREBOL VERDE CLARO 40*60 CM;720;13.39;19.5;23.4;28.1;;;;;;
4060-07;PASTO ARTIFICIAL TIPO GRASS VERDE OSCURO 40*60 CM;240;14.61;25;30;36;;;;;;
4060-088;PASTO ARTIFICIAL TIPO GRASS VERDE CLARO 40*60 CM;720;14.61;25;30;36;;;;;;
DWF-01;GUIA DE MINI ROSITA CHINENSIS EN CADENA 190 CM (PQT X 2 UND);360;5.14;5.6;6.7;8;;;;;;
DWF-022;GUIA DE MINI ROSITA MISTER EN CADENA 190 CM (PQT X 2 UND);720;5.14;5.6;6.7;8;;;;;;
DWF-03;GUIA DE MINI GIRASOLES EN CADENA ARTIFICIAL 250 CM (PQT X 2 UND);1,440;6.08;6.9;8.3;10;;;;;;
DWF-044;GUIA DE MINI SOL EN CADENA ARTIFICIAL 250 CM (PQT X 2 UND);360;6.08;6.9;8.3;10;;;;;;
TTHB-04;HOJA ARTIFICIAL EN GUIA 210 CM (PQT X 12 UND);2,400;14.64;20.5;24.6;29.5;;;;;;
PUM-01;MACETERO PLASTICO 25*30 CM;40;5.22;10;12;14.4;;;;;;
PUM-02;MACETERO PLASTICO 28*35 CM;160;5.53;11;13.2;15.8;;;;;;
PUM-03;MACETERO PLASTICO 35*36 CM;280;6.31;12;14.4;17.3;;;;;;
RYG10-H03;FLOR ARTIFICIAL ROSA FELICIDAD EN RAMO X 10 38 CM ;960;10.37;14.5;17.4;20.9;8.82;11.91;14.3;;;
RYG10-H04;FLOR ARTIFICIAL ROSA ALEGRE EN RAMO X 10 38 CM ;240;10.37;14.5;17.4;20.9;8.82;12.35;14.8;;;
RYG18-H05;FLOR ARTIFICIAL ROSA RISUEÑA EN RAMO X 18 35 CM ;1,560;15.54;21.8;26.2;31.4;13.23;18.52;22.2;;;
RYG18-H06;FLOR ARTIFICIAL ROSA MAJESTAD EN RAMO X 18 35 CM ;240;15.54;21.8;26.2;31.4;13.23;18.52;22.2;;;
RYG11-H09;FLOR ARTIFICIAL ROSA DE LA SUERTE EN RAMO X 11 45 CM ;1,440;14.3;20.7;24.8;29.8;12.18;17.66;21.2;;;
RYG11-H10;FLOR ARTIFICIAL ROSA DE LA FORTUNA EN RAMO X 11 45 CM ;360;14.3;20.7;24.8;29.8;12.18;17.66;21.2;;;
RYG10-H17;FLOR ARTIFICIAL ROSA PEQUEÑA EN RAMO X 10 38 CM ;1,200;9.33;16;19.2;23;7.94;11.91;14.3;;;
RYG9-HM;FLOR ARTIFICIAL ROSA  EN BUQUET X 9 40 CM ;1,248;13.47;19.5;23.4;28.1;11.47;16.63;20;;;
RYG9-HO;FLOR ARTIFICIAL ROSA  BOTON X 9 38 CM ;312;13.47;19.5;23.4;28.1;11.47;16.63;20;;;
RYG9-211;FLOR ARTIFICIAL ROSA  EN RAMO TERCIOPELO X 9 40 CM ;750;13.99;21;25.2;30.2;11.91;17.87;21.4;;;
RYG18-230;FLOR ARTIFICIAL ROSA DEL AFRICA PRIMAVERAL EN RAMO X 18 40 CM;1,560;14.82;24.3;29.2;35;12.62;18.93;22.7;;;
RYG18-231;FLOR ARTIFICIAL ROSA DEL AFRICA BOTON EN RAMO X 18 40 CM;240;14.82;24.3;29.2;35;12.62;18.93;22.7;;;
RYG18-232;FLOR ARTIFICIAL ROSA DEL VALLE EN RAMO X 18 40 CM;1,560;15.54;24.3;29.2;35;13.23;19.85;23.8;;;
RYG18-233;FLOR ARTIFICIAL ROSA DEL VALLE OTOÑAL EN RAMO X 18 40 CM;240;15.54;24.3;29.2;35;13.23;19.85;23.8;;;
RYG10-H11;FLOR ARTIFICIAL ROSA CON HOJA DE HELECHO EN RAMO X 10 38 CM ;1,440;10.37;15.6;18.7;22.4;8.82;13.23;15.9;;;
RYG10-H12;FLOR ARTIFICIAL ROSA CON HOJAS DE FRONDAS EN RAMO X 10 38 CM ;360;10.37;15.6;18.7;22.4;8.82;13.23;15.9;;;
RYG11-H15;FLOR ARTIFICIAL ROSA FRANCESA EN RAMO X 11 40 CM;1,440;14.82;20.7;24.8;29.8;12.62;17.67;21.2;;;
RYG11-H16;FLOR ARTIFICIAL ROSA COREANA EN RAMO X 11 40 CM;360;14.82;20.7;24.8;29.8;12.62;17.67;21.2;;;
RYG9-228;FLOR ARTIFICIAL ROSA MEXICANA EN RAMO X 9 40 CM;720;14.2;21.5;25.8;31;12.09;18.14;21.8;;;
WZH-01;FLORERO DE CERAMICA 10.5*10.5*20 CM;108;16.06;19.4;23.3;28;13.67;17.77;21.3;;;
WZH-02;FLORERO DE CERAMICA 9*9*15 CM;59;8.29;10.4;12.5;15;7.06;9.18;11;;;
WZH-03;FLORERO DE CERAMICA 12*12*16 CM;536;15.54;19.4;23.3;28;13.23;17.2;20.6;;;
WZH-04;FLORERO DE CERAMICA CON PORTA FLORERO DE METAL 16*16*19CM;120;17.11;18.8;22.6;27.1;14.56;18.93;22.7;;;
WZH-05;FLORERO DE CERAMICA 9*9*9 CM CON ADORNO DE METAL 27 CM Y BASE 19*3.9 CM;180;19.2;23;27.6;33.1;16.34;21.24;25.5;;;
WZH-06;FLORERO DE CERAMICA 9*9*9 CM CON ADORNO DE METAL 24 CM Y BASE 25*9.8  CM;100;23.31;27.7;33.2;39.8;19.84;25.79;31;;;
WZH-07;FLORERO DE CERAMICA10*10*5.4 CM CON ADORNO DE METAL;83;17.43;20.7;24.8;29.8;14.84;19.29;23.2;;;
WZH-08;FLORERO DE CERAMICA 6.5*7*5 CM CON ADORNO DE METAL;66;22.79;27.3;32.8;39.4;19.4;25.22;30.3;;;
WZH-09;FLORERO DE CERAMICA 5.3*5.3*4.4 CM CON BASE 6*6*1.2 CM;400;6.01;7.8;9.4;11.3;5.11;6.64;8;;;
WZH-10;FLORERO DE CERAMICA 14.5*14.5*13.5 CM;180;16.58;19.9;23.9;28.7;14.12;18.36;22;;;
WZH-11;FLORERO DE CERAMICA 10*10*18 CM;72;9.86;11.8;14.2;17;8.39;10.91;13.1;;;
WZH-12;FLORERO DE CERAMICA 11*12*23 CM;346;16.58;19.9;23.9;28.7;14.12;18.36;22;;;
WZH-13;FLORERO DE CERAMICA 12*12*18 CM;357;14.49;17.4;20.9;25.1;12.34;16.04;19.3;;;
TQ-01;ADORNO DE METAL PARA PARED 104*6.5*39 CM ;32;220.75;242.8;291.4;349.7;187.91;230;276;;;
TQ-02;ADORNO DE METAL PARA PARED 60*40*6 CM ;120;80.83;93;111.6;133.9;68.8;90;108;;;
TQ-03;CANDELABRO 22*10 CM;12;41.46;47.7;57.2;68.6;35.29;45.88;55.1;;;
TQ-04;CANDELABRO 25*11 CM;16;51.84;59.6;71.5;85.8;44.13;57.37;68.8;;;
TQ-05;ADORNO DE METAL PARA PARED 95*49 CM ;12;124.38;143;171.6;205.9;105.87;143;171.6;;;
TQ-06;CANDELABRO 40 CM;100;44.86;51.6;61.9;74.3;32.62;42.41;50.9;;;
TQ-06-1;PARTE DE TQ-06;100;0;0;0;0;5.56;7.23;8.7;;;
TQ-07;FLORERO DE METAL 64*15.5 CM;36;54.91;68.6;82.3;98.8;46.74;60.76;72.9;;;
XD219003;BANCA TIPO ELEFENTE 56*24*29 CM;40;37.28;52.2;62.6;75.1;31.73;42.84;51.4;;;
XD219003-G;BANCA TIPO PERRITO 50*24*29 CM;40;37.28;52.2;62.6;75.1;31.73;42.84;51.4;;;
DT-01;FLOR ARTIFICIAL ROSA UNITARIO 34 CM;24,000;0.47;0.7;0.8;1;0.4;0.6;0.7;;;
DT-02;FLOR ARTIFICIAL ROSA UNITARIO 55 CM (PQT X 10 UND);600;15.67;16.7;20;24;13.34;20.01;24;;;
H-12;FLOR ARTIFICIAL ROSA EN RAMO X 12 42 CM;300;6.32;9.5;11.4;13.7;5.38;8.07;9.7;;;
H-10;FLOR ARTIFICIAL ROSA EN RAMO X 10 42 CM;900;4.46;6.7;8;9.6;3.79;5.69;6.8;;;
H-18;FLOR ARTIFICIAL ROSA EN RAMO X 18 50 CM;400;7.25;10.9;13.1;15.7;6.17;9.26;11.1;;;
H-03;FLOR ARTIFICIAL ROSA UNITARIO 35 CM;3,000;0.47;0.5;0.6;0.7;0.4;0.6;0.7;;;
SQ-13;PASTO ARTIFICIAL EN FORMA DE BOLA 13 CM;16000;1.84;2.5;3;3.6;;;;;;
4060-02 ;PASTO ARTIFICIAL HOJA CHICO 40*60 CM;670;8.02;12.5;15;18;;;;;;
SQ12-01;FLOR ARTIFICIAL ANTHURIUM X 5 FLORES Y 7 HOJAS 35 CM;250;8.02;9;10.8;13;;;;;;
TTHB-PQ;ENREDADERA ARTIFICIAL 2.10 MTS (PQT X 12 UND);700;1.43;20.4;24.5;29.4;;;;;;
TTHB-CAD;ENREDADERA ARTIFICIAL DE CADENA 2.40 MTS;350;6.12;8;9.6;11.5;;;;;;
LJ-120H;REJA DE HOJAS ARTIFICIALES X 1.20 MTS;480;32.79;38;46.9;57.9;;;;;;
LJ-120HH;REJA DE HOJAS ARTIFICIALES X 1.20 MTS;600;32.79;38;46.9;57.9;;;;;;
RON-06;HOJA ARTIFICIAL FOLLAJE EN RAMO TIPO PERLA X 5 35 CM;400;2.92;4.5;5.4;6.5;;;;;;
RON-07;HOJA ARTIFICIAL FOLLAJE EN RAMO TIPO LENTEJA X 5 35 CM;400;2.92;4.5;5.4;6.5;;;;;;
RON-08;HOJA ARTIFICIAL FOLLAJE EN RAMO TIPO LUNA X 5 35 CM;100;2.92;4.5;5.4;6.5;;;;;;
RON-08;HOJA ARTIFICIAL FOLLAJE EN RAMO TIPO ROSA X 5 35 CM;300;2.92;4.5;5.4;6.5;;;;;;
V-GRS5-01;FLOR ARTIFICIAL GIRASOL EN VARA X 5 CABEZAS 75 CM ;720;9.22;12;14.4;17.3;;;;;;
V-GRS5-022;FLOR ARTIFICIAL SOL EN VARA X 5 CABEZAS 100 CM ;240;9.22;12;14.4;17.3;;;;;;
V-GRS3-03;FLOR ARTIFICIAL GIRASOL EN VARA X 3 CABEZAS 68 CM ;1,152;7.45;9.7;11.6;13.9;;;;;;
V-GRS3-044;FLOR ARTIFICIAL SOL EN VARA X 3 CABEZAS 90 CM ;576;7.45;9.7;11.6;13.9;;;;;;
V-GRS5-05;FLOR ARTIFICIAL GIRASOL EN VARA X 5 CABEZAS 88 CM ;816;11.59;15.1;18.1;21.7;;;;;;
V-GRS5-066;FLOR ARTIFICIAL SOL EN VARA X 5 CABEZAS 120 CM ;408;11.59;15.1;18.1;21.7;;;;;;
R-GRS10-11;FLOR ARTIFICIAL GIRASOL EN RAMO X 10 CABEZAS 41 CM ;864;8.15;10.2;12.2;14.6;;;;;;
R-GRS10-12;FLOR ARTIFICIAL SOL EN RAMO X 10 CABEZAS 35 CM ;1,440;8.15;10.2;12.2;14.6;;;;;;
G-GA-02;GUIA ARTIFICIAL GIRASOL 23 CM;480;8.15;12.2;14.6;17.5;;;;;;
G-GA-033;GUIA ARTIFICIAL SOL 30 CM;240;8.15;12.2;14.6;17.5;;;;;;
V-FU-01;FLOR ARTIFICIAL PRIMAVERA EN VARA X 1 63 CM;3,600;2.66;4;4.8;5.8;;;;;;
V-FU-022;FLOR ARTIFICIAL OTOÑAL EN VARA X 1 85 CM;720;2.66;4;4.8;5.8;;;;;;
TLZ-02;FLOR ARTIFICIAL EN RAMO DALIA POMPOM X 5 CABEZAS 42 CM;2,400;7.09;9.2;11;13.2;;;;;;
R-GRS5-06;FLOR ARTIFICIAL GIRASOL REDONDO EN RAMO X 5 CABEZAS 37 CM ;672;7.33;9.5;11.4;13.7;;;;;;
R-GRS5-077;FLOR ARTIFICIAL SOL REDONDO EN RAMO X 5 CABEZAS 45 CM ;336;7.33;9.5;11.4;13.7;;;;;;
R-GRS5-08;FLOR ARTIFICIAL GIRASOL EN PUNTA EN RAMO X 5 CABEZAS 37 CM ;720;7.33;9.5;11.4;13.7;;;;;;
R-GRS5-099;FLOR ARTIFICIAL SOL EN PUNTA EN RAMO X 5 CABEZAS 45 CM ;360;7.33;9.5;11.4;13.7;;;;;;
RUY-05;FLOR ARTIFICIAL ROSA ESTRELLA ABIERTA EN VARA 38 CM;4,608;2.01;4.8;5.8;7;;;;;;
RUY-06;FLOR ARTIFICIAL ROSA MISTER ABIERTA EN VARA 50 CM;1,152;2.01;4.8;5.8;7;;;;;;
RUY-13;FLOR ARTIFICIAL ROSA GUADALUPE EN VARA 37 CM;10,368;2.13;4.8;5.8;7;;;;;;
RUY-14;FLOR ARTIFICIAL ROSA UNITARIO EN VARA 45 CM;1,152;2.13;4.8;5.8;7;;;;;;
RUY-15;FLOR ARTIFICIAL ROSA EN VARA X 5 CABEZAS 85 CM;1,248;8.99;13.9;16.7;20;;;;;;
RUY-16;FLOR ARTIFICIAL ROSA ABIERTA EN VARA X 5 CABEZAS 120 CM;192;8.99;13.9;16.7;20;;;;;;
RUY-09;FLOR ARTIFICIAL ROSA ABIERTA CON HOJAS LARGAS EN RAMO X 6 CABEZAS 36 CM;480;11.82;17.3;20.8;25;;;;;;
RUY-10;FLOR ARTIFICIAL ROSA ABIERTA EN RAMO X 6 CABEZAS 45 CM;288;11.82;17.3;20.8;25;;;;;;
RUY-11;FLOR ARTIFICIAL ROSA ABIERTA CON FOLLAJE EN RAMO X 6 CABEZAS 35 CM;480;11.11;17.3;20.8;25;;;;;;
RUY-12;FLOR ARTIFICIAL ROSA ABIERTA ESTRELLA EN RAMO X 6 CABEZAS 48 CM;288;11.11;17.3;20.8;25;;;;;;
HO-01;HOJAS DE MENTA VERDE ARTIFICIAL EN RAMO 50 CM;1,344;4.73;7;8.4;10.1;;;;;;
HO-022;HOJAS DE EUCALIPTO BLANCO ARTIFICIAL EN RAMO 40 CM;2,016;4.73;7;8.4;10.1;;;;;;
VP3-01;FLOR ARTIFICIAL PRIMAVERA TIPO POMPOM EN VARA X 3 90 CM ;1,632;6.98;9.5;11.4;13.7;;;;;;
VP3-022;FLOR ARTIFICIAL OTOÑAL TIPO POMPOM EN VARA X 3 110 CM;816;6.98;9.5;11.4;13.7;;;;;;
RMH11-01;FLOR ARTIFICIAL EN RAMO GUADALUPE X 9 CABEZAS 37 CM;1,920;13;15;18;21.6;;;;;;
RMH11-022;FLOR ARTIFICIAL EN RAMO ROSA AMOR X 9 CABEZAS 48 CM;480;13;15;18;21.6;;;;;;
VMHP-01;FLOR ARTIFICIAL DALIA PRIMAVERA EN VARA X 1 53 CM;1,632;2.84;4;4.8;5.8;;;;;;
VMHP-022;FLOR ARTIFICIAL MAGNOLIA PRIMAVERA EN VARA X 1 62.5 CM;816;2.84;4;4.8;5.8;;;;;;
VMHO-03;FLOR ARTIFICIAL DALIA OTOÑAL EN VARA X 1 53 CM;1,632;2.84;4;4.8;5.8;;;;;;
VMHO-044;FLOR ARTIFICIAL MAGNOLIA OTOÑAL EN VARA X 1 62.5 CM;816;2.84;4;4.8;5.8;;;;;;
RMH9-01;FLOR ARTIFICIAL DE AVISPA EN RAMO X 9 CABEZAS 43 CM;960;12.53;15;18;21.6;;;;;;
RMH9-022;FLOR ARTIFICIAL TULIPAN EN RAMO X 9 CABEZAS 51 CM;480;12.53;15;18;21.6;;;;;;
JJHO-1;FLOR ARTIFICIAL ESPADA OTOÑAL EN RAMO X 5 CABEZAS 58 CM;1,280;5.88;8;9.6;11.5;;;;;;
JJHO-2;FLOR ARTIFICIAL GLADIOLO OTOÑAL EN RAMO X 5 CABEZAS 70 CM;320;5.88;8;9.6;11.5;;;;;;
RGA5-03;FLOR ARTIFICIAL ESPADA PRIMAVERA EN RAMO X 5 CABEZAS 58 CM;1,800;5.32;7;8.4;10.1;;;;;;
RGA5-044;FLOR ARTIFICIAL GLADIOLO PRIMAVERA EN RAMO X 5 CABEZAS 70 CM;300;5.32;7;8.4;10.1;;;;;;
RRM7-05;FLOR ARTIFICIAL DALIA EN RAMO X 7 CABEZAS 33 CM;900;5.43;7.1;8.5;10.2;;;;;;
RRM7-066;FLOR ARTIFICIAL MAGNOLIA EN RAMO X 7 CABEZAS 40 CM;600;5.43;7.1;8.5;10.2;;;;;;
VF8-07;FLOR ARTIFICIAL TIPO MANZANA EN VARA 78 CM;720;4.14;5.8;7;8.4;;;;;;
VF8-088;FLOR ARTIFICIAL TIPO CEREZO EN VARA 90 CM;360;4.14;5.8;7;8.4;;;;;;
JLP-21-01;FLORERO DE PLASTICO TIPO TAZA CON ESPONJA 9*9.5 CM;7,350;1.07;2.1;2.5;3;;;;;;
JLP-10514;FLORERO PLASTICO 9.5*13 CM;2,000;2.69;3.1;3.7;4.4;;;;;;
JLP-21-03;FLORERO DE PLASTICO TIPO CUADRADO  10*10 CM;3,900;2.15;3;3.6;4.3;;;;;;
JLP-85105;FLORERO PLASTICO 8.5*10.5 CM;3,150;1.43;2.1;2.5;3;;;;;;
JLP-1010;FLORERO PLASTICO 8.5*10.5 CM;2,250;1.52;2.2;2.6;3.1;;;;;;
JLP-1010-1;FLORERO PLASTICO MINI 5.5*4.5 CM;8,100;0.81;1.2;1.4;1.7;;;;;;
JLP-2620;BONSAI DE PLASTICO 26*20 CM;1,200;7.79;10.1;12.1;14.5;;;;;;
JLP-2729;BONSAI DE PLASTICO 26*20 CM;960;9.23;11.4;13.7;16.4;;;;;;
JLP-GCH01;BONSAI DE PLASTICO 22*19 CM;1,440;7.79;9.7;11.6;13.9;;;;;;
JLP-MIN;FLORERO DE PLASTICO 5.5*9 CM;4,200;0.9;1.4;1.7;2;;;;;;
SH-04;FLOR ARTIFICIAL EN RAMO TULIPAN X 9 CABEZAS 40 CM;4,752;6.11;7.3;8.8;10.6;;;;;;
RUY-03;FLOR ARTIFICIAL DE AVISPA EN RAMO X 9 CABEZAS 48 CM (SH-03);2,460;5.83;7.6;9.1;10.9;;;;;;
SDARB-01;PLANTA ARTIFICIAL HOJA 160 CM;72;96.65;116;139.2;167;;;;;;
SDARB-02;PLANTA ARTIFICIAL HOJA 160 CM;72;96.65;116;139.2;167;;;;;;
SDARB-03;PLANTA ARTIFICIAL HOJA 170 CM;72;106.59;127.9;153.5;184.2;;;;;;
SDARB-04;PLANTA ARTIFICIAL HOJA 160 CM;96;78.2;93.8;112.6;135.1;;;;;;
SDARB-22-01;PLANTA ARTIFICIAL CON FLORES TIPO ANTURIO 160 CM;72;96.65;116;139.2;167;;;;;;
JLP-22-01;ADORNO DE PLASTICO TIPO BOLA 20 CM;1,200;8.53;12.8;15.4;18.5;;;;;;
JLP-22-02;FLORERO DE PLASTICO TIPO CANASTA 25 CM;2,400;2.56;3.3;4;4.8;;;;;;
JLP-207;ADORNO CON FLORES  2.00 MTS;12;682.45;1,023.70;1,228.40;1,474.10;;;;;;
JLP-28G;PEDESTAL DE PLASTICO 105*17 CM;60;31.26;43.8;52.6;63.1;;;;;;
JLP-R;PEDESTAL DE PLASTICO CIRCULAR 90*30 CM ;60;25.62;35.9;43.1;51.7;;;;;;
JLP-A;ADORNO COLGANTE DE PLASTICO  TIPO LAGRIMA  X 10 150 CM;100;82.5;123.8;148.6;178.3;;;;;;
JLP-N;ADORNO COLGANTE DE PLASTICO  TIPO ESTRELLA  X 10 150 CM;50;79.63;119.4;143.3;172;;;;;;
JLP-M;ADORNO COLGANTE DE PLASTICO  TIPO MARIPOSA  X 10 150 CM;100;82.5;123.8;148.6;178.3;;;;;;
JLP-P;ADORNO COLGANTE DE PLASTICO  TIPO PALOMA  X 10 150 CM;100;82.5;123.8;148.6;178.3;;;;;;
JLP-G;ADORNO COLGANTE DE PLASTICO  TIPO PAJARITO  X 10 150 CM;100;82.5;123.8;148.6;178.3;;;;;;
JLP-3CAN;CANDELABRO DE PLASTICO 100 CM, 90 CM Y 80 CM;30;71.12;106.7;128;153.6;;;;;;
WZ-AD01;ADORNO TIPO FLORERO 12*32 CM;48;35.89;44.9;53.9;64.7;39.48;49.3;59.2;71;30.51;39.66
WZ-AD02;ADORNO TIPO FLORERO 9*25 CM;48;32.11;40.1;48.1;57.7;35.32;44.2;53;63.6;27.3;35.49
WZ-AD03;ADORNO TIPO FLORERO CON PICO 25*26 CM;48;35.89;44.9;53.9;64.7;39.48;49.3;59.2;71;30.51;39.66
WZ-AD04;ADORNO TIPO FLORERO CON PICO 26*24 CM;48;35.89;44.9;53.9;64.7;39.48;49.3;59.2;71;30.51;39.66
WZ-AD05;FLORERO TIPO COPA 16*32 CM;48;35.89;44.9;53.9;64.7;39.48;49.3;59.2;71;30.51;39.66
WZ-AD06;FLORERO TIPO OJO 15.5*9.5*28 CM;48;34.95;43.7;52.4;62.9;38.45;48.1;57.7;69.2;29.71;38.62
WZ-AD07;FLORERO CON BASE 12*32 CM;24;34.95;43.7;52.4;62.9;38.45;48.1;57.7;69.2;29.71;38.62
WZ-AD08;ADORNO TIPO CISNE 16*11.5*24  13*11*23.5 CM (SET/2 PCS);24;69.83;87.3;104.8;125.8;76.81;96;115.2;138.2;59.36;77.17
WZ-AD09;ADORNO TIPO CISNE 18*11*27  14*9.5*22 CM (SET/2 PCS);12;80.22;100.3;120.4;144.5;88.24;110.3;132.4;158.9;68.19;88.65
WZ-AD10;ADORNO TIPO CISNE 13*10.5*24  11*10.5*17 CM (SET/2 PCS);24;45.34;56.7;68;81.6;49.87;62.3;74.8;89.8;38.54;50.1
WZ-AD11;ADORNO TIPO FLAMINGO 17*8*26 CM;12;55.73;69.7;83.6;100.3;61.3;76.6;91.9;110.3;47.37;61.58
WZ-AD12;ADORNO TIPO FLAMINGO 13.5*8*30 CM;12;52.89;66.1;79.3;95.2;58.18;72.7;87.2;104.6;44.96;58.45
WZ-AD13;ADORNO TIPO BAILARINES 26*26.5 CM;24;42.5;53.1;63.7;76.4;46.75;58.4;70.1;84.1;36.13;46.97
WZ-AD14;ADORNO TIPO BAILARINAS 16.5*30 CM;24;36.84;46.1;55.3;66.4;40.52;50.7;60.8;73;31.31;40.7
WZH-15;FLORERO DE CERAMICA 15.5*15.5*12.5 4 CM;240;13;16.3;19.6;23.5;14.3;17.9;21.5;25.8;9.47;12.31
WZH-16;FLORERO DORADO 12.5*12.5*10 5 CM;480;10.4;13;15.6;18.7;11.44;14.3;17.2;20.6;8.4;10.92
WZH-17;FLORERO DORADO 14*14*14 CM;120;15.4;19.3;23.2;27.8;16.94;21.2;25.4;30.5;11.24;14.61
WZH-18;FLORERO DORADO 12*12*12 CM;360;9.64;12.1;14.5;17.4;10.6;13.3;16;19.2;8.03;10.44
WZH-19;FLORERO DORADO 10*10*10 CM;600;6.8;8.5;10.2;12.2;7.48;9.4;11.3;13.6;5.78;7.51
WZH-20;FLORERO TIPO TRONCO CON PAJARITO 18.5*11.5*30 8 CM;36;45.34;56.7;68;81.6;49.87;62.3;74.8;89.8;38.54;50.1
WZH-21;FLORERO TIPO TRONCO CON PAJARITO 16.5*10*23.5 CM;90;33.22;41.5;49.8;59.8;36.54;45.7;54.8;65.8;27.3;35.49
WZH-22;FLORERO 15.5*11*35 CM;36;45.34;56.7;68;81.6;49.87;62.3;74.8;89.8;38.54;50.1
WZH-23;FLORERO 24*11.5*17 CM;90;34.95;43.7;52.4;62.9;38.45;48.1;57.7;69.2;29.71;38.62
WZH-24;FLORERO 25*10*30 CM;36;45.34;56.7;68;81.6;49.87;62.3;74.8;89.8;38.54;50.1
WZH-25;FLORERO 19*9*20 CM;120;30.22;37.8;45.4;54.5;33.24;41.6;49.9;59.9;25.69;33.4
WZH-26;FLORERO 13*6*15.5 CM;180;13.22;16.5;19.8;23.8;14.54;18.2;21.8;26.2;11.24;14.61
WZH-27;ADORNO TIPO FLORERO COLOR BLANCO 17*17*25 CM;60;63.22;79;94.8;113.8;69.54;86.9;104.3;125.2;53.74;69.86
WZH-28;ADORNO TIPO FLORERO COLOR NEGRO 17*17*25 CM;60;63.22;79;94.8;113.8;69.54;86.9;104.3;125.2;53.74;69.86
WZH-29;ADORNO TIPO FLORERO 18.5*15*30     16*14*14 CM (SET/2 PCS);30;97.22;121.5;145.8;175;106.94;133.7;160.4;192.5;82.65;107.45
WZH-30;ADORNO TIPO FLORERO 21*13*28 CM;60;48;60;72;86.4;52.8;66;79.2;95;35.33;45.93
WZH-31;ADORNO TIPO FLORERO 21*13*28 CM;60;47.23;59;70.8;85;51.95;64.9;77.9;93.5;40.15;52.2
WZH-32;FLORERO 9.5*9.5*9.5 CM;240;12.72;15.9;19.1;22.9;13.99;17.5;21;25.2;10.81;14.05
WZH-09;FLORERO DE CERAMICA 5.3*5.3*4.4 CM CON BASE 6*6*1.2 CM;48;4.41;5.5;6.6;7.9;4.85;6.1;7.3;8.8;3.75;4.88
WZH-33;FLORERO 12.3*12.3*11.5 CM;144;16.06;20.1;24.1;28.9;17.67;22.1;26.5;31.8;13.65;17.75
WZH-34;JUEGO DE FLOREROSS:7.8*7.8*8.6   M:10.3*10*8.3  L:12.5*12*8.5  XL:15.7*14*8   XXL:17.5*16*8，6 CM (SET/5 PCS);80;56.67;70.8;85;102;62.34;77.9;93.5;112.2;48.18;62.63
RO5T-01;FLOR ARTIFICIAL EN RAMO HORTENSIAS DE JAPON X 5 CABEZAS 49 CM;6,300;5.66;8.5;10.2;12.2;6.23;9.3;11.2;13.4;4.81;7.22
QQ5-01;FLOR ARTIFICIAL PETUNIA EN RAMO X 5 CABEZAS 42 CM;6,300;5.19;7.8;9.4;11.3;5.71;8.6;10.3;12.4;4.42;6.63
HQ-01;GRAS DE ROSAS GRANDES 3*1 MTS (HQ-01N);3;925.63;1,157.00;1,388.40;1,666.10;1,018.19;1,272.70;1,527.20;1,832.60;786.86;1,180.29
HQ-02;GRAS DE ROSAS CHICOS 3*1 MTS;3;465.97;699;838.8;1,006.60;512.57;768.9;922.7;1,107.20;396.11;594.17
FOT-F01;FLORERO 19*15 CM;120;23.31;29.1;34.9;41.9;25.64;32.1;38.5;46.2;19.64;29.46
FOT-F02;FLORERO 15*12 CM;180;14.61;18.3;22;26.4;16.07;20.1;24.1;28.9;12.42;18.63
FOT-F03;FLORERO 19.5*7*9.5 CM;240;14.61;18.3;22;26.4;16.07;20.1;24.1;28.9;12.42;18.63
FOT-F04;FLORERO 23*10 CM;100;25.94;32.4;38.9;46.7;28.53;35.7;42.8;51.4;22.05;33.08
FOT-F05;FLORERO 24*12 CM;80;29.72;37.2;44.6;53.5;32.69;40.9;49.1;58.9;25.27;37.91
FOT-F06;FLORERO 17*11 CM;180;15.11;18.9;22.7;27.2;16.62;20.8;25;30;12.85;19.28
FOT-F07;FLORERO 15*12 CM;180;15.11;18.9;22.7;27.2;16.62;20.8;25;30;12.85;19.28
FOT-F08;FLORERO 28*12 CM;40;50.71;63.4;76.1;91.3;55.78;69.7;83.6;100.3;40.95;61.43
FOT-F09;FLORERO 23*18 CM;60;31.17;39;46.8;56.2;34.29;42.9;51.5;61.8;26.5;39.75
SC22-01;ADORNO TIPO COPA14*14*62 CM;120;73.61;92;110.4;132.5;80.97;101.2;121.4;145.7;62.57;93.86
SC22-02;ADORNO TIPO COPA 14*14*51 CM;120;64.16;80.2;96.2;115.4;70.58;88.2;105.8;127;54.55;81.83
BRS-01;PAPEL CELOFAN 14*4*50 CM (PQT X 20 UND);750;5.86;8.8;10.6;12.7;6.45;11.3;13.6;16.3;4.98;7.47
BRS-02;BOLSA DE CELOFAN 28*8*50 CM  (PQT X 20 UND);300;8.69;13;15.6;18.7;9.56;14.3;17.2;20.6;7.39;11.09
BRS-03;BOLSA DE CELOFAN 14*3*50 CM (PQT X 20 UND);300;8.94;13.4;16.1;19.3;9.83;14.8;17.8;21.4;7.6;11.4
BRS-05;BOLSA CELOFAN 12.5*4*45 CM (PQT X 50 UND);300;4.53;6.8;8.2;9.8;4.98;7.5;9;10.8;3.85;5.78
BRS-06;BOLSA CELOFAN 28*9*44 CM (PQT X 50 UND);300;7.56;11.3;13.6;16.3;8.32;12.5;15;18;6.42;9.63
PA-01;PAPEL CELOFAN 57*57 CM (PQT X 20 UND);300;6.23;9.3;11.2;13.4;6.85;10.3;12.4;14.9;5.3;7.95
PA-02;PAPEL CELOFAN 57*57 CM (PQT X 20 UND);300;6.42;9.6;11.5;13.8;7.06;10.6;12.7;15.2;5.46;8.19
CNT-01;MOÑO PARA REGALO 3 CM (PQT X 10 UND);2,000;2.14;3.2;3.8;4.6;2.35;3.5;4.2;5;1.82;2.73
CNT-03;MOÑO PARA REGALO 6.4 CM (PQT X 10 UND);200;13.22;19.8;23.8;28.6;14.54;21.8;26.2;31.4;11.24;16.86
CNT-04;MOÑO PARA REGALO 6.4 CM (PQT X 10 UND);200;13.22;19.8;23.8;28.6;14.54;21.8;26.2;31.4;11.24;16.86
CNT-05;MOÑO PARA REGALO 3 CM (PQT X 20 UND);350;16.37;24.6;29.5;35.4;18.01;27;32.4;38.9;13.92;20.88
CNT-06;MOÑO PARA REGALO 1,8 CM (PQT X 10 UND);4,800;1.39;2.1;2.5;3;1.53;2.3;2.8;3.4;1.18;1.77
PAG-01;PARAGUAS TRANSPARENTE 60 CM;180;11.33;17;20.4;24.5;12.46;18.7;22.4;26.9;9.64;14.46
PAG-02;PARAGUAS TRANSPARENTE 60 CM;180;11.33;17;20.4;24.5;12.46;18.7;22.4;26.9;9.64;14.46
PAG-03;PARAGUAS TRANSPARENTE 60 CM;180;11.33;17;20.4;24.5;12.46;18.7;22.4;26.9;9.64;14.46
PAG-04;PARAGUAS TRANSPARENTE ARQUEADO 60 CM;300;9.89;14.8;17.8;21.4;10.88;16.3;19.6;23.5;8.4;12.6
PAG-05;PARAGUAS TRANSPARENTE ARQUEADO 60 CM;300;11.33;17;20.4;24.5;12.46;18.7;22.4;26.9;9.64;14.46
PAG-06;PARAGUAS TRANSPARENTE ARQUEADO 60 CM;180;10.83;16.2;19.4;23.3;11.91;17.9;21.5;25.8;9.21;13.82
RYG10-H17;FLOR ARTIFICIAL ROSA  PEQUEÑA EN RAMO X 10 CABEZAS 38 CM;960;8.5;14.9;17.9;21.5;9.35;16.4;19.7;23.6;7.22;10.83
RYG10-H18;FLOR ARTIFICIAL ROSA MAGRO EN RAMO X 10 CABEZAS 38 CM;240;8.5;14.9;17.9;21.5;9.35;16.4;19.7;23.6;7.22;10.83
TUY5-06;FLOR ARTIFICIAL EN MINI RAMO TIPO MARGARITA X 5 CABEZAS 36 CM (TUY5-05);12,000;1.98;2.4;2.9;3.5;2.18;2.6;3.1;3.7;1.69;2.54
FD-AR01;PLANTA ARTIFICIAL 1.65 MTS;60;70.78;88.5;106.2;127.4;77.86;97.3;116.8;140.2;60.17;90.26
FD-AR02;PLANTA ARTIFICIAL 1.45 MTS;100;80.22;100.3;120.4;144.5;88.24;110.3;132.4;158.9;68.2;102.3
YQ10-01;FLOR ARTIFICIAL EN RAMO X 10 CABEZAS 40 CM;480;3.97;6;7.2;8.6;4.37;6.6;7.9;9.5;3.37;5.06
407-09;FLOR ARTIFICIAL EN RAMO X 7 CABEZAS 40 CM (YQ7-04);600;2.27;3;3.6;4.3;2.5;3.2;3.8;4.6;1.93;2.9
FOT-T16;ENREDADERA ARTIFICIAL CON FLORES 3 MTS;216;24.55;43;51.6;61.9;27.01;47.3;56.8;68.2;20.87;31.31
FOT-T12;ENREDADERA ARTIFICIAL CON FLORES 1.80 MTS;336;17.94;31.4;37.7;45.2;19.73;34.5;41.4;49.7;15.25;22.88
FOT-CA;CABEZA SUELTA DE FLOR ARTIFICIAL 7.5 CM;3,200;0.44;0.7;0.8;1;0.48;0.7;0.8;1;0.37;0.56
FOT7-H01;FLOR ARTIFICIAL EN RAMO X 7 CABEZAS 46 CM;648;4.53;5.7;6.8;8.2;4.98;6.2;7.4;8.9;3.85;5.78
YZ-06;FLOR ARTIFICIAL GUIA DE NOVIA 2 MTS (PQT X 10 UND);600;30.22;45.3;54.4;65.3;33.24;49.9;59.9;71.9;25.69;38.54
OY-01;FOLLAJE COLGANTE ARTIFICIAL DE PLASTICO HOJA CHICO EN RAMO X 5 CABEZAS 80 CM;1,500;4.62;8.1;9.7;11.6;;;;;;
OY-03;FOLLAJE COLGANTE ARTIFICIAL DE PLASTICO HOJA MEDIANO EN RAMO X 5 CABEZAS 80 CM;1,800;3.21;5.6;6.7;8;;;;;;
OY-05;FOLLAJE COLGANTE ARTIFICIAL DE PLASTICO COSTILLA DE ADAN EN RAMO X 5 CABEZAS 80 CM;1,500;4.05;7.1;8.5;10.2;;;;;;
OY-09;FOLLAJE COLGANTE ARTIFICIAL DE PLASTICO HOJA LLAMA DE PLATA EN RAMO X  5 CABEZAS 80 CM;1,500;3.4;6;7.2;8.6;;;;;;
OY-15;FOLLAJE ARTIFICIAL EN RAMO PLASTICO HOJA TIPO CON PUNTA X 7 CABEZAS 30 CM;3,600;1.98;3.5;4.2;5;;;;;;
OY-17;FOLLAJE ARTIFICIAL EN RAMO DE PLASTICO X 9 CABEZAS 45 CM;1,500;3.96;6.9;8.3;10;;;;;;
OY-19;FOLLAJE ARTIFICIAL EN RAMO DE PLASTICO TIPO HOJA PINO X 12 CABEZAS 45 CM;1,500;3.49;6.1;7.3;8.8;;;;;;
OY-21;FOLLAJE ARTIFICIAL EN RAMO DE PLASTICO TIPO HOJA NAVIDAD X 12 CABEZAS 45 CM;3,000;3.3;5.8;7;8.4;;;;;;
OY-23;FLOR ARTIFICIAL EN RAMO DE PLASTICO ILUSION X 7 CABEZAS 30 CM;5,400;1.51;2.6;3.1;3.7;;;;;;
OY-25;FLOR ARTIFICIAL EN RAMO DE PLASTICO ORQUIDEA X 5 CABEZAS 30 CM;10,800;1.23;2.2;2.6;3.1;;;;;;
SOY5-01;FLOR ARTIFICIAL ROSA BOTON CON MARGARITA EN RAMO X 5 CABEZAS 30 CM;4,320;1.74;3.5;4.2;5;;;;;;
SOY5-03;FLOR ARTIFICIAL MARGARITA CON CRISANTEMO EN RAMO X 5 CABEZAS 30 CM;4,320;1.76;3.5;4.2;5;;;;;;
SOY-R03;FLOR ARTIFICIAL ROSA CON MARGARITA EN RAMO X 5 30 CM;4,320;1.98;4;4.8;5.8;;;;;;
SOY5-05;FLOR ARTIFICIAL MARGARITA CON POMPOM EN RAMO X 7 CABEZAS 30 CM;3,600;2.73;5.5;6.6;7.9;;;;;;
SOY5-07;FLOR ARTIFICIAL ROSITA EN RAMO X 7 CABEZAS 30 CM;3,240;2.45;4.9;5.9;7.1;;;;;;
SOY5-09;FLOR ARTIFICIAL MARGARITA EN RAMO X 7 CABEZAS 30 CM;3,600;2.36;4.7;5.6;6.7;;;;;;
SOY5-11;FLOR ARTIFICIAL ROSITA TE EN RAMO X 7 CABEZAS 30 CM;3,240;3.02;6;7.2;8.6;;;;;;
SOY7-12;FLOR ARTIFICIAL ROSITA DIAMANTE EN RAMO X 7 CABEZAS 30 CM;1,728;3.49;7;8.4;10.1;;;;;;
SOY7-13;FLOR ARTIFICIAL DE LOTO EN RAMO X 7 CABEZAS 30 CM;1,800;3.11;6.2;7.4;8.9;;;;;;
SM5-01;FLOR ARTIFICIAL CRISANTEMO SILVESTRE EN RAM X 5 CABEZAS 30 CM;5,760;3.02;4.5;5.4;6.5;;;;;;
SM5-02;FLOR ARTIFICIAL PEQUEÑO LIRIO EN RAMO X 5 CABEZAS 37 CM;5,400;3.58;5.4;6.5;7.8;;;;;;
SM10-03;FLOR ARTIFICIAL ROSA TE EN RAMO X 10 CABEZAS 35 CM;3,600;3.68;5.5;6.6;7.9;;;;;;
SM10-04;FLOR ARTIFICIAL ROSA BOTON X 10 CABEZAS 40 CM;2,880;3.96;5.9;7.1;8.5;;;;;;
SM5-05;FLOR ARTIFICIAL ILUSION EN RAMO X 5 CABEZAS 37 CM;7,200;1.98;3;3.6;4.3;;;;;;
SM7-06;FLOR ARTIFICIAL PEONIA EN RAMO X 7 CABEZAS 34 CM;2,880;3.96;5.9;7.1;8.5;;;;;;
SM10-07;FLOR ARTIFICIAL ROSA DULCE EN RAMO X 10 CABEZAS 43 CM;2,160;6.04;9.1;10.9;13.1;;;;;;
SM4-08;FLOR ARTIFICIAL POMPOM EN VARA X 4 CABEZAS 72 CM;2,520;4.81;7.2;8.6;10.3;;;;;;
SM5-09;FLOR ARTIFICIAL ROSA EN VARA X 4 CABEZAS 69 CM;3,600;4.24;6.4;7.7;9.2;;;;;;
SM13-10;FLOR ARTIFICIAL GIRASOL EN RAMO X 13 CABEZAS 50 CM   ;1,440;7.26;10.9;13.1;15.7;;;;;;
SM9-11;FLOR ARTIFICIAL GIRASOL EN RAMO X 9 CABEZAS 42 CM;3,600;5.19;7.8;9.4;11.3;;;;;;
FL-01;HOJA ARTIFICIAL CHICO X 7 CABEZAS 40 CM;7,200;2.55;3.1;3.7;4.4;;;;;;
FL-02;FLOR ARTIFICIAL MINI GLADIOLO EN RAMO X 5 CABEZAS 30 CM;4,824;3.02;4;4.8;5.8;;;;;;
FL-03;FLOR ARTIFICIAL ROSA BOTON EN RAMO X 9 CABEZAS 55 CM;4,560;9.43;10;12;14.4;;;;;;
JLP-21-03;FLORERO DE PLASTICO TIPO CUADRADO  10*10 CM;2,250;1.98;3;3.6;4.3;;;;;;
JLP-21P;FLORERO DE PLASTICO TIPO CUADRADO CON PIEDRAS  10*10 CM;900;2.24;3.4;4.1;4.9;;;;;;
JLP-1010;FLORERO PLASTICO 8.5*10.5 CM;2,100;1.46;2.2;2.6;3.1;;;;;;
JLP-1010-P;FLORERO PLASTICO CON PIEDRAS 8.5*10.5 CM;1,200;1.72;2.6;3.1;3.7;;;;;;
JLP-85105P;FLORERO PLASTICO CON PIEDRAS 8.5*10.5 CM;1,200;1.55;2.3;2.8;3.4;;;;;;
JLP-85106;FLORERO PLASTICO 8.5*10.5 CM;900;1.55;2.3;2.8;3.4;;;;;;
JLP-JT;FLORERO DE PLASTICO 21.7*8.5*8.5CM;3,000;2.76;3.9;4.7;5.6;;;;;;
JLP-JT-P;FLORERO DE PLASTICO CON PIEDRAS 21.7*8.5*8.5CM;2,000;3.01;4.2;5;6;;;;;;
JLP-28;PEDESTAL DE PLASTICO TIPO ROMANO 88 CM;120;23.34;37.5;45;54;;;;;;
JLP-R;PEDESTAL DE PLASTICO CIRCULAR 90*30 CM;120;23.34;37.5;45;54;;;;;;
JLP-77;PEDESTAL TIPO ANGEL DE PLASTICO 85 CM;320;51.84;75;90;108;;;;;;
JLP-BOLA;ADORNO TIPO BOLA 20 CM;200;7.75;11.6;13.9;16.7;;;;;;
HOJA-01;RAMO COLGANTE CON FLORES 110 CM;7,560;1.51;3.5;4.2;5;;;;;;
LN-G01;FLOR ARTIFICIAL TIPO HOJA 74 CM;3,000;4.66;7;8.4;10.1;;;;;;
LN-G02;FLOR ARTIFICIAL TIPO HOJA 92 CM;3,000;7.12;9;10.8;13;;;;;;
LN-G03;FLOR ARTIFICIAL TIPO PETALOS 1 MT;5,040;5.18;8;9.6;11.5;;;;;;
ENA22-01;GUIA  130 CM;1,200;32.11;40;48;57.6;;;;;;
ENA22-02;ESPIGA  85 CM;1,200;5.44;8;9.6;11.5;;;;;;
A11009-1;FLOR ARTIFICIAL EN VARA X 3 CABEZAS 122 CM;1,080;23.95;31.6;37.9;45.5;;;;;;
A11085;FOLLAJE ARTIFICIAL 140 CM;1,440;16.84;22.7;27.2;32.6;;;;;;
RYB-VF180;ARBOL DE NAVIDAD TIPO PINO AUTOMATICA 1.80 MTS;20;314.76;409.2;450.1;495.1;;;;;;
RYB-VF210;ARBOL DE NAVIDAD TIPO PINO AUTOMATICA 2.10 MTS;20;424.81;552.3;607.5;668.3;;;;;;
RYB-NF180;ARBOL DE NAVIDAD CON NIEVE AUTOMATICA 1.80 MTS;20;420.11;546.1;600.7;660.8;;;;;;
RYB-NF210;ARBOL DE NAVIDAD CON NIEVE AUTOMATICA 2.10 MTS;20;546.05;709.9;780.9;859;;;;;;
RYB-G180;ARBOL DE NAVIDAD CON ADORNO DE FRUTAS AUTOMATICA 1.80 MTS;20;325.1;422.6;464.9;511.4;;;;;;
RYB-G210;ARBOL DE NAVIDAD CON ADORNO DE FRUTAS AUTOMATICA 2.10 MTS;20;430.45;559.6;615.6;677.2;;;;;;
RYB-V180;ARBOL DE NAVIDAD TIPO PINO SIMPLE 1.80 MTS;40;220.95;287.2;315.9;347.5;;;;;;
RYB-V210;ARBOL DE NAVIDAD TIPO PINO SIMPLE 2.10 MTS;25;295.54;384.2;422.6;464.9;;;;;;
RYB-V240;ARBOL DE NAVIDAD TIPO PINO SIMPLE 2.40 MTS;15;353.29;459.3;505.2;555.7;;;;;;
RYB-LP120;ARBOL DE NAVIDAD TIPO LAPICERO 1.20 MTS;100;25.03;32.5;35.8;39.4;;;;;;
RYB-LP180;ARBOL DE NAVIDAD TIPO LAPICERO 1.80 MTS;100;54;70.2;77.2;84.9;;;;;;
RYB-B180;ARBOL DE NAVIDAD CON NIEVE 1.80 MTS;40;160.63;208.8;229.7;252.7;;;;;;
RYB-B210;ARBOL DE NAVIDAD CON NIEVE 2.10 MTS;40;250.51;325.7;358.3;394.1;;;;;;
RYB-GU01;GUIRNALDA CON ADORNO DE BOLITAS  2.00 MTS;180;54;64.8;71.3;78.4;;;;;;
RYB-GU02;GUIRNALDA CON FRUTA DE PIÑAS 2.00 MTS;180;70.66;84.8;93.3;102.6;;;;;;
RYB-CR03;CORONA DE NAVIDAD CON ADORNO DE BOLITAS 50 CM;150;29.56;35.5;39.1;43;;;;;;
RYB-CR04;CORONA DE NAVIDAD CON ADORNO DE PIÑAS 50 CM;150;33.41;40.1;44.1;48.5;;;;;;
RYB-M80V;CENTRO DE MESA NAVIDEÑO 80 CM;180;57.84;63.6;70;77;;;;;;
RYB-M80N;CENTRO DE MESA NAVIDEÑO CON NIEVE 80 CM;180;68.1;74.9;82.4;90.6;;;;;;
RYB-M120V;CENTRO DE MESA NAVIDEÑO 1.20 MTS;180;59.12;65;71.5;78.7;;;;;;
RYB-M120N;CENTRO DE MESA NAVIDEÑO CON NIEVE 1.20 MTS;180;69.38;76.3;83.9;92.3;;;;;;
RYB-3V;VARA NAVIDEÑA X 3 27 CM (PQT X 12 PCS);168;3.7;6.5;8.5;10.2;;;;;;
RYB-5N;VARA NAVIDEÑA X 5 27 CM (PQT X 12 PCS);128;5.7;9.9;12.9;15.5;;;;;;
IRN160;GUIRNALDA 2.70 MTS;6,000;7.86;8;8.8;9.7;;;;;;
BAS-ARB;BASES DEL ARBOL DE NAVIDAD;22;7.27;9.5;10.5;11.6;;;;;;
TARJ-GUIR;TARJETAS DE CODIFICACION DE GUIRNALDAS;60;3.01;4.5;5;5.5;;;;;;
;;;;;;;;;;;;
YQ10-H01;FLOR ARTIFICIAL EN RAMO ROSA X 10 43 CM;2,400;4.73;6.1;7.3;8.8;;;;;;
YQ5-H02;FLOR ARTIFICIAL EN RAMO MARGARITA X 5 39 CM;3,000;2.36;3.3;4;4.8;;;;;;
YQ7-H03;FLOR ARTIFICIAL EN RAMO CARTUCHO X 7 39 CM;3,360;1.77;2.5;3;3.6;;;;;;
YQ7-H04;FRUTA ARTIFICIAL DE PLASTICO TIPO AJI X 7 39 CM;1,500;2.95;4;4.8;5.8;;;;;;
YQ12-H05;FLOR ARTIFICIAL RAMO CLAVEL X 12 43 CM;2,400;3.25;4.5;5.4;6.5;;;;;;
YQ5-H06;FLOR ARTIFICIAL EN RAMO MARGARITA CON CORAZON AMARILLO X 5 39 CM;3,000;2.36;3.3;4;4.8;;;;;;
YQ10-H07;FLOR ARTIFICIAL EN RAMO CLAVEL X 10 50 CM;2,400;3.74;5;6;7.2;;;;;;
YQ12-H08;FLOR ARTIFICIAL EN RAMO ROSA X 12 43 CM;2,400;6.4;8.3;10;12;;;;;;
YQ12-H09B;FLOR ARTIFICIAL EN RAMO ROSA CON FOLLAJE BLANCO X 12 43 CM;1,800;6.7;8.7;10.4;12.5;;;;;;
YQ12-H10A;FLOR ARTIFICIAL EN RAMO ROSA CON FOLLAJE AMARILLO X 12 43 CM;1,800;6.7;8.7;10.4;12.5;;;;;;
YQ6-H11;FLOR ARTIFICIAL EN RAMO CLAVEL X 6 39 CM;3,000;2.36;3.3;4;4.8;;;;;;
YQ5-H12;FLOR ARTIFICIAL EN RAMO TIPO PIÑA X 5 39 CM;3,000;2.26;3.2;3.8;4.6;;;;;;
YQ7-H13;FLOR ARTIFICIAL EN RAMO LUNA X 7 39 CM;3,000;2.85;4;4.8;5.8;;;;;;
YQ10-H14;FLOR ARTIFICIAL EN RAMO ROSA DULCE X 10 43 CM;2,400;5.91;8.9;10.7;12.8;;;;;;
YQ5-H16;FLOR ARTIFICIAL EN RAMO GIRASOL X 5 39 CM;6,000;2.76;3.8;4.6;5.5;;;;;;
YQ-CB;FLOR ARTIFICIAL CABEZA DE GIRASOL 15 CM (PQT X 48 UND);500;20.69;28.6;34.3;41.2;;;;;;
YQ-CB-CH;FLOR ARTIFICIAL CABEZA DE MINI GIRASOL 6.5 CM (PQT X 120 UND);600;14.21;19.6;23.5;28.2;;;;;;
YQ-TT;GUIA DE PLASTICO 50 CM;16,000;0.26;0.6;0.7;0.8;;;;;;
YQ-HOJA;HOJA ARTIFICIAL PEQUEÑO 3.3 CM;90,000;0.04;0.1;0.1;0.1;;;;;;
YQ-CARENA;CADENA ARTIFICIAL DE PLASTICO PARA COLOCAR FLORES 70 CM;11,250;0.2;0.3;0.4;0.5;;;;;;
RYG9-210;FLOR ARTIFICIAL ROSA EN RAMO X 9 CABEZAS 40 CM;1,200;13.29;20.8;25;30;;;;;;
RYG9-211;FLOR ARTIFICIAL ROSA EN RAMO CON FOLLAJE X 9 CABEZAS 40 CM;300;13.29;20.8;25;30;;;;;;
RYG12-CL;FLOR ARTIFICIAL EN RAMO CLAVEL PRIMAVERAL X 12 42 CM;960;8.86;12.4;14.9;17.9;;;;;;
RYG12-CV;FLOR ARTIFICIAL EN RAMO CLAVEL OTOÑAL X 12 42 CM;240;8.86;12.4;14.9;17.9;;;;;;
RYG12-711;FLOR ARTIFICIAL CAPULLOS DE PERLA X 12 CABEZAS 40 CM;1,200;8.86;13.3;16;19.2;;;;;;
RYG12-RT;FLOR ARTIFICIAL EN RAMO CAMELLO PRIMAVERAL X 12 45 CM;1,440;12.8;17.9;21.5;25.8;;;;;;
RYG12-CM;FLOR ARTIFICIAL EN RAMO CAMELLO OTOÑAL X 12 45 CM;360;12.8;17.9;21.5;25.8;;;;;;
FD-01N;HOJA ARTIFICIAL EN RAMO COLGANTE X 7 100 CM;750;15.75;19.8;23.8;28.6;;;;;;
FD-02;HOJA ARTIFICIAL EN RAMO X 5 39 CM;900;6.4;9.5;11.4;13.7;;;;;;
FD-03;PLANTA ARTIFICIAL X 3 TALLOS CON FLORES 155 CM;60;78.77;106.3;127.6;153.1;;;;;;
FD-04;PLANTA ARTIFICIAL X 3 TALLOS CON HOJAS 155 CM;45;88.6;115.2;138.2;165.8;;;;;;
FD-05;HOJA ARTIFICIAL EN VARA 210 CM;150;28.55;38.5;46.2;55.4;;;;;;
FD-06N;HOJA ARTIFICIAL EN VARA 160 CM;300;21.67;29.3;35.2;42.2;;;;;;
FD-07;PLANTA ARTIFICIAL X 3 TALLOS CON HOJAS 120 CM;240;37.91;49.3;59.2;71;;;;;;
FD-08;PLANTA ARTIFICIAL CHICA HOJAS LARGAS 60 CM;60;57.11;77.1;92.5;111;;;;;;
FD-09;PLANTA ARTIFICIAL CHICA X 5 TALLOS CON HOJAS 67 CM;360;29.54;38.4;46.1;55.3;;;;;;
MLB-01;ADORNO PLASTICO TIPO MARIPOSA CON IMAN 12 CM (PQT X 12 UND);6,000;3.27;4.9;5.9;7.1;;;;;;
JER-01;PEDESTAL D35*H92 CM PLASTICO BLANCO;80;50.22;65.3;78.4;94.1;;;;;;
JEM-01;ADORNO GEMAS DE COLORES (PQT);15,000;1.24;2.5;3;3.6;;;;;;
BL-R-01;BOLA DE NAVIDAD DE COLOR ROJO 8 CM (SET 4 UND);480;7.05;9.2;11;13.2;;;;;;
BL-R-02;BOLA DE NAVIDAD DE COLOR ROJO Y PLATEADO 8 CM (SET 4 UND);480;7.05;9.2;11;13.2;;;;;;
BL-R-03;BOLA DE NAVIDAD DE COLOR ROJO Y DORADO 8 CM (SET 4 UND);480;7.05;9.2;11;13.2;;;;;;
BL-B-04;BOLA DE NAVIDAD DE COLOR BLANCO 8 CM (SET 4 UND);480;7.59;9.9;11.9;14.3;;;;;;
BL-B-05;BOLA DE NAVIDAD DE COLOR BLANCO 8 CM (SET 4 UND);480;7.59;9.9;11.9;14.3;;;;;;
BL-B-06;BOLA DE NAVIDAD DE COLOR BLANCO 8 CM (SET 4 UND);480;6.57;8.5;10.2;12.2;;;;;;
BL-B-07;BOLA DE NAVIDAD DE COLOR BLANCO 8 CM (SET 4 UND);480;7.39;9.6;11.5;13.8;;;;;;
BL-F08;BOLA DE NAVIDAD ROSADO Y PLATEADO 8 CM (SET 4 UND);480;6.98;9.1;10.9;13.1;;;;;;
BL-F09;BOLA DE NAVIDAD ROSADO Y DORADO 8 CM (SET 4 UND);480;6.98;9.1;10.9;13.1;;;;;;
BL-F10;BOLA DE NAVIDAD ROSADO Y CIRCULOS DE COLORES 8 CM (SET 4 UND);480;6.24;8.1;9.7;11.6;;;;;;
BL-M11;BOLA DE NAVIDAD COLOR DORADO CHAMPAGNE 8 CM (SET 4 UND);480;7.59;9.9;11.9;14.3;;;;;;
BL-M12;BOLA DE NAVIDAD COLOR DORADO CHAMPAGNE TIPO ARBOL 14 CM (SET 4 UND);480;8.61;11.2;13.4;16.1;;;;;;
BL-M13;BOLA DE NAVIDAD DE COLOR DORADO CHAMPAGNE TIPO HOJUELAS 8 CM (SET 4 UND);480;7.05;9.2;11;13.2;;;;;;
BL-M14;BOLA DE NAVIDAD DE COLOR DORADO CHAMPAGNE Y PERLA 8 CM (SET 4 UND);480;6.98;9.1;10.9;13.1;;;;;;
BL-D15;BOLA DE NAVIDAD COLOR ORO ROSA 8 CM (SET 4 UND);480;6.57;8.5;10.2;12.2;;;;;;
BL-D16;BOLA DE NAVIDAD COLOR ORO ROSA TIPO ARBOL 14 CM (SET 4 UND);480;8.61;11.2;13.4;16.1;;;;;;
BL-D18;BOLA DE NAVIDAD DE COLOR ORO ROSA TIPO MINI BOLITAS 8 CM (SET 4 UND);480;6.57;8.5;10.2;12.2;;;;;;
BL8-01;BOLA DE NAVIDAD DE COLORES LISOS 8 CM (SET 4 UND);4,200;4.2;5.5;6.6;7.9;;;;;;
BL7-02;BOLA DE NAVIDAD DE COLORES LISOS 7 CM (SET 6 UND);4,800;5.29;7;8.4;10.1;;;;;;
BL8-03;BOLA DE NAVIDAD DE COLOR BLANCO LISO 8 CM (SET 3 UND);640;3.25;4.4;5.3;6.4;;;;;;
BL7-04;BOLA DE NAVIDAD DE COLOR BLANCO LISO 7 CM (SET 6 UND);360;4.61;6;7.2;8.6;;;;;;
BL8-05;BOLA DE NAVIDAD DE COLOR DORADO LISO 8 CM (SET 4 UND);640;3.25;4.4;5.3;6.4;;;;;;
BL7-06;BOLA DE NAVIDAD DE COLOR DORADO LISO 7 CM (SET 6 UND);360;4.61;6.2;7.4;8.9;;;;;;
BL8-07;BOLA DE NAVIDAD DE COLOR ROJO LISO 8 CM (SET 4 UND);640;3.25;4.4;5.3;6.4;;;;;;
BL7-08;BOLA DE NAVIDAD DE COLOR ROJO LISO 7 CM (SET 6 UND);360;4.61;6.2;7.4;8.9;;;;;;
BL8-09;BOLA DE NAVIDAD DE COLOR ROSADO LISO 8 CM (SET 4 UND);640;3.25;4.4;5.3;6.4;;;;;;
BL7-10;BOLA DE NAVIDAD DE COLOR ROSADO LISO 7 CM (SET 6 UND);360;4.61;6.2;7.4;8.9;;;;;;
AD-11;ADORNO DE PLASTICO TIPO NIEVE 13*13 CM (SET 3 UND);1,800;2.17;3;3.6;4.3;;;;;;
AD-12;ADORNO DE PLASTICO TIPO NIEVE 13.5*13.5 CM (SET 2 UND);3,000;1.49;2;2.4;2.9;;;;;;
AK-01;ESPIGA NAVIDEÑA 90 CM;1,440;4.59;7.5;9;10.8;;;;;;
AK-02;ESPIGA NAVIDEÑA 80 CM;1,080;5.4;9.5;11.4;13.7;;;;;;
AK-03;ESPIGA NAVIDEÑA 69 CM;1,080;3.77;5.7;6.8;8.2;;;;;;
AK-04;ESPIGA NAVIDEÑA 85 CM;1,080;6.83;10.2;12.2;14.6;;;;;;
LUZ-01;ADORNO NAVIDEÑO DE LUZ LED COLGANTE TIPO CORTINA 3*1 MTS;500;22.91;34.4;41.3;49.6;;;;;;
LUZ-02;ADORNO NAVIDEÑO DE LUZ LED COLGANTE 60 CM;500;12.2;16.5;19.8;23.8;;;;;;
LUZ-03;ADORNO NAVIDEÑO DE LUZ LED COLGANTE 3 MTS * 60 CM;250;43.31;56.3;67.6;81.1;;;;;;
LUZ-04;ADORNO NAVIDEÑO DE LUZ LED COLGANTE TIPO CORTINA 3*3 MTS;300;29.55;39.9;47.9;57.5;;;;;;
LUZ-05;ADORNO NAVIDEÑO DE LUZ LED COLGANTE TIPO MARIPOSA 35 CM;60;43.31;54.1;64.9;77.9;;;;;;
LUZ-06;ADORNO NAVIDEÑO DE LUZ  LED COLGANTE TIPO MARIPOSA 48 CM;50;55.03;68.8;82.6;99.1;;;;;;
LUZ-07;ADORNO NAVIDEÑO DE LUZ LED COLGANTE TIPO MARIPOSA 55 CM;60;73.88;92.4;110.9;133.1;;;;;;
LUZ-08;ADORNO NAVIDEÑO DE LUZ LED LINEAL 3 MTS 200 FOCOS;300;16.81;22.7;27.2;32.6;;;;;;
LUZ-09;ARBOL DE NAVIDAD CON LUCES LED 1.50 MTS;150;64.18;83.4;100.1;120.1;;;;;;
LUZ-10;ARBOL DE NAVIDAD CON LUCES LED 1.60 MTS;250;99.9;129.9;155.9;187.1;;;;;;
LUZ-11;ADORNO MINI NAVIDEÑO CON LUZ LED 33 CM;250;17.83;25;30;36;;;;;;
LUZ-17;ADORNO DE NAVIDAD CON LUCES LED LINEAL 10 MTS;500;13.76;18.9;22.7;27.2;;;;;;
LUZ-18;ADORNO NAVIDEÑO DE LUZ LED COLGANTE TIPO CORTINA 10 MTS * 30 CM;300;48.93;68.5;82.2;98.6;;;;;;
CT-05;CINTA NAVIDEÑA COLOR CHAMPAGNE 6.3 CM * 9.14 MTS;1,440;8.97;12.5;15;18;;;;;;
CT-06;CINTA NAVIDEÑA COLOR GRIS 6.3 CM * 9.14 MTS;1,440;8.97;12.5;15;18;;;;;;
CT-07;CINTA NAVIDEÑA COLOR ROJO 6.3 CM * 9.14 MTS;1,440;8.97;12.5;15;18;;;;;;
CT-08;CINTA NAVIDEÑA CUADRICULADA COLOR ROJO Y BLANCO 6.3 CM * 9.14 MTS;1,008;8.97;11.7;14;16.8;;;;;;
CT-09;CINTA NAVIDEÑA COLOR AZUL GRIS PLATA 6.3 CM * 9.14 MTS;1,440;8.97;12.5;15;18;;;;;;
CT-10;CINTA NAVIDEÑA COLOR ORO ROJO 6.3 CM * 9.14 MTS;1,440;8.97;12.5;15;18;;;;;;
CT-11;CINTA NAVIDEÑA COLOR ORO VERDE 6.3 CM * 9.14 MTS;1,440;8.97;12.5;15;18;;;;;;
CT-12;CINTA NAVIDEÑA COLOR PALO ROSA 6.3 CM * 9.14 MTS;1,440;9.99;14;16.8;20.2;;;;;;
CT-13;CINTA NAVIDEÑA COLOR DORADO 6.3 CM * 9.14 MTS;1,440;9.99;14;16.8;20.2;;;;;;
CT-14;CINTA NAVIDEÑA COLOR ROJO 6.3 CM * 9.14 MTS;1,440;9.99;14;16.8;20.2;;;;;;
BL-v19;BOLA DE NAVIDAD COLOR VERDE CLARO 8 CM SET/4PCS;480;15.21;19.8;23.8;28.6;;;;;;
BL-v20;BOLA DE NAVIDAD COLOR VERDE OSCURO 8 CM SET/4PCS;480;16.57;21.5;25.8;31;;;;;;
BL-v21;BOLA DE NAVIDAD COLOR ROJO 8 CM SET/4PCS;768;15.21;19.8;23.8;28.6;;;;;;
BL-v22;BOLA DE NAVIDAD COLOR DORDO 8 CM SET/4PCS;768;15.21;19.8;23.8;28.6;;;;;;
BL-v23;BOLA DE NAVIDAD COLOR BLANCO 8 CM SET/4PCS;768;15.21;19.8;23.8;28.6;;;;;;
BL-v24;BOLA DE NAVIDAD COLOR ROSADO 8 CM SET/4PCS;768;15.21;19.8;23.8;28.6;;;;;;
CT-01;CINTA NAVIDEÑA ROSA CLARO 6.3 CM * 9.14 MTS;1,440;9.76;12.7;15.2;18.2;;;;;;
CT-02;CINTA NAVIDEÑA ROJO CON DORADO 6.3 CM * 9.14 MTS;1,440;9.76;12.7;15.2;18.2;;;;;;
CT-03;CINTA NAVIDEÑA BLANCO CON DORADO 6.3 CM * 9.14 MTS;1,440;9.76;12.7;15.2;18.2;;;;;;
CT-04;CINTA NAVIDEÑA VERDE 6.3 CM * 9.14 MTS;1,440;9.76;12.7;15.2;18.2;;;;;;
CT-08;CINTA NAVIDEÑA ROJO CON BLANCO 6.3 CM * 9.14 MTS;432;8.76;11.4;13.7;16.4;;;;;;
YP5-01;FLOR ARTIFICIAL EN RAMO NAVIDEÑO TIPO CARDENAL X 5 40 CM;1,200;7.97;12;14.4;17.3;;;;;;
YP5-02;FLOR ARTIFICIAL EN RAMO NAVIDEÑO TIPO CARDENAL X 5 50 CM;2,400;11.95;13.7;16.4;19.7;;;;;;
YP5-03;FLOR ARTIFICIAL EN RAMO NAVIDEÑO TIPO CARDENAL COLOR ROJO  X 5 50 CM;2,400;4.18;5.4;6.5;7.8;;;;;;
YP5-04;FLOR ARTIFICIAL EN RAMO NAVIDEÑO TIPO CARDENAL X 5 30 CM;2,400;3.08;4.6;5.5;6.6;;;;;;
YP5-05;FLOR ARTIFICIAL EN RAMO NAVIDEÑO TIPO CARDENAL COLOR DORADO X 5 30 CM;2,400;2.79;4.2;5;6;;;;;;
YPG6-06;ENREDADERA ARTIFICIAL NAVIDEÑA X 6 FLORES 180 CM;360;25.89;30.6;36.7;44;;;;;;
YPG12-07;ENREDADERA ARTIFICIAL NAVIDEÑA X 12 FLORES 190 CM;720;8.76;12.7;15.2;18.2;;;;;;
YPGG12-08;ENREDADERA ARTIFICIAL NAVIDEÑA X 12 FLORES COLOR ROJO 190 CM;720;14.93;20;24;28.8;;;;;;
STH-01;FLOR ARTIFICIAL EN VARA NAVIDEÑO TIPO CARDENAL ESTRELLA 25*15 CM;3,600;2.49;3.5;4.2;5;;;;;;
STH-02;FLOR ARTIFICIAL EN VARA NAVIDEÑO TIPO CARDENAL MAGNOLIA 25*15 CM;3,600;2.89;4.3;5.2;6.2;;;;;;
STH-14;FLOR ARTIFICIAL EN VARA NAVIDEÑO TIPO CARDENAL MAGNOLIA 20*15 CM;3,600;1.89;2.8;3.4;4.1;;;;;;
STH-15;FLOR ARTIFICIAL EN VARA NAVIDEÑO TIPO CARDENAL MAGNOLIA 23*20 CM;3,600;2.39;3.5;4.2;5;;;;;;
STH-16;FLOR ARTIFICIAL EN VARA NAVIDEÑO TIPO CARDENAL ESTRELLA 28*18 CM;3,600;3.08;4.5;5.4;6.5;;;;;;
BH09-01;FLOR ARTIFICIAL EN RAMO X 9 60 CM;2,000;9.45;14.5;17.4;20.9;;;;;;
BH04-02;FLOR ARTIFICIAL EN VARA 100 CM;2,400;5.98;11;13.2;15.8;;;;;;
RGA5-03;FLOR ARTIFICIAL EN RAMO X 5 76 CM;1,800;4.48;8;9.6;11.5;;;;;;
JAN;FLOR ARTIFICIAL EN VARA 76 CM;5,400;1.49;2.5;3;3.6;;;;;;
HTL-03N;GUIA ARTIFICIAL CON ROSAS 175 CM;750;9.96;19.9;23.9;28.7;;;;;;
HTL-04N;FLOR ARTIFICIAL EN RAMO COLGANTE CON ROSAS 90 CM;750;9.96;17.8;21.4;25.7;;;;;;
HTL-05N;ENREDADERA CON ROSAS 150 CM;200;23.88;35;42;50.4;;;;;;
SH-01N;FLOR ARTIFICIAL EN RAMO PLASTICO MINI X 5 30 CM;10,800;1.79;3.5;4.2;5;;;;;;
HJ-01;ADORNO PORTA FLORES 55*30*146 CM;120;89.24;129.4;155.3;186.4;;;;;;
HJ-01-P;PARTES DEL HJ-01;120;;0;0;0;;;;;;
HJ-02;ADORNO PORTA FLORES COLOR DORADO 55*30*146 CM;60;104.91;146.9;176.3;211.6;;;;;;
HJ-02-P;PARTES DEL HJ-02;60;;0;0;0;;;;;;
HJ-04;ADORNO PORTA FLORES 26*25*32 CM;240;22.91;34.4;41.3;49.6;;;;;;
RYG10-224;FLOR ARTIFICIAL ROSA DE GINEBRA EN RAMO X 10 CABEZAS 40 CM;1,800;10.93;16.9;20.3;24.4;;;;;;
RYG9-301;FLOR ARTIFICIAL ROSA BOTON EN RAMO X 9 CABEZAS 40 CM;1,080;11.4;17.6;21.1;25.3;;;;;;
RYG10-302;FLOR ARTIFICIAL ROSA SUEÑO EN RAMO X 10 CABEZAS 40 CM;1,800;10.45;16.2;19.4;23.3;;;;;;
RYG18-231;FLOR ARTIFICIAL ROSA DEL AFRICA OTOÑAL EN RAMO X 18 CABEZAS 40 CM;1,020;12.35;19;22.8;27.4;;;;;;
RYG18-232;FLOR ARTIFICIAL ROSA DEL VALLE PRIMAVERAL EN RAMO X 18 CABEZAS 40 CM;1,020;12.83;19.7;23.6;28.3;;;;;;
RYG12-304;FLOR ARTIFICIAL ROSA MADRE EN RAMO X 12 CABEZAS 40 CM;2,400;11.88;18.3;22;26.4;;;;;;
RYG10-305;FLOR ARTIFICIAL ROSA REYNA EN RAMO X 10 CABEZAS 40 CM;1,500;12.35;19;22.8;27.4;;;;;;
RYG11-306;FLOR ARTIFICIAL PEONIA EN RAMO X 11 CABEZAS 40 CM;1,260;12.83;19.7;23.6;28.3;;;;;;
RYG12-307;FLOR ARTIFICIAL CLAVEL EN RAMO X 12 CABEZAS 40 CM;2,520;10.93;16.9;20.3;24.4;;;;;;
RYG10-308;FLOR ARTIFICIAL ROSA DEL MAR EN RAMO X 10 CABEZAS 40 CM;1,680;11.4;17.6;21.1;25.3;;;;;;
RYG11-703;FLOR ARTIFICIAL TALIA EN RAMO X 11 CABEZAS 45 CM;1,500;9.5;14.8;17.8;21.4;;;;;;
RYG5-201;FLOR ARTIFICIAL ROSA ABIERTA EN RAMO X 5 CABEZAS 35 CM;3,000;3.33;5.5;6.6;7.9;;;;;;
RYG5-11;FLOR ARTIFICIAL ROSA ABIERTA EN RAMO X 5 CABEZAS 40 CM;3,000;2.38;4.1;4.9;5.9;;;;;;
RYG12-314;FLOR ARTIFICIAL ROSA ILUSION EN RAMO X 12 CABEZAS 40 CM;1,680;10.93;16.9;20.3;24.4;;;;;;
RYG10-309;FLOR ARTIFICIAL ROSA ORQUIDEA EN RAMO X 10 CABEZAS 40 CM;1,080;10.93;16.9;20.3;24.4;;;;;;
RYG12-311;FLOR ARTIFICIAL ROSA DE AMOR EN RAMO X 12 CABEZAS 40 CM;540;11.88;18.3;22;26.4;;;;;;
RYG10-312;FLOR ARTIFICIAL ROSA CAMPANA EN RAMO X 10 CABEZAS 40 CM;1,200;7.13;11.2;13.4;16.1;;;;;;
RYG9-313;FLOR ARTIFICIAL ROSA BOTON CON ILUSION EN RAMO X 9 CABEZAS 40 CM;1,080;11.4;17.6;21.1;25.3;;;;;;
RYG12-214;FLOR ARTIFICIAL ROSA BOTON EN RAMO X 12 CABEZAS 40 CM;1,728;8.08;12.6;15.1;18.1;;;;;;
YQ5-H15;FLOR ARTIFICIAL CRISANTEMO EN RAMO X 5 CABEZAS 46 CM;3,000;4.75;7.6;9.1;10.9;;;;;;
AK-01;ESPIGA NAVIDEÑA 90 CM;4,800;3.8;6.2;7.4;8.9;;;;;;
STH-07;FLOR ARTIFICIAL NAVIDEÑO UNITARIO 34 CM;3,000;3.33;5.5;6.6;7.9;;;;;;
STH-11;FLOR ARTIFICIAL NAVIDEÑO UNITARIO 38 CM;1,800;6.65;10.5;12.6;15.1;;;;;;
STH-12;FLOR ARTIFICIAL NAVIDEÑO UNITARIO 26 CM;3,000;2.85;4.8;5.8;7;;;;;;
FOT-G01;RAMA CON HOJAS NAVIDEÑO VERDE 80 CM ;2,040;3.8;6.2;7.4;8.9;;;;;;
FOT-G02;RAMA SIN HOJAS NAVIDEÑO BLANCO 80 CM;2,040;3.33;5.5;6.6;7.9;;;;;;
FOT-G03;RAMA SIN HOJAS NAVIDEÑO DORADO 80 CM;2,040;4.75;7.6;9.1;10.9;;;;;;
FOT-FUT;ESPIGA NAVIDEÑA 95 CM;1,500;3.33;5.5;6.6;7.9;;;;;;
FOT-HOJA;HOJA NAVIDEÑA 68 CM;2,016;1.9;3.4;4.1;4.9;;;;;;
FUND-01; FLOR ADORNO DE PLASTICO 2*2 MTS;10;794.38;1,192.10;1,430.50;1,716.60;;;;;;
FUND-01-1;PARTES DE LA FLOR ADORNO DE PLASTICO (EN MATERIAL DE METAL);10;0;0;0;0;;;;;;
JLP-W01;FLORERO DE PLASTICO DE 60*16 CM;100;14.44;21.7;26;31.2;;;;;;
JLP-W02;FLORERO DE PLASTICO DE 60*16 CM;200;17.32;23.4;28.1;33.7;;;;;;
JLP-W03;FLORERO DE PLASTICO DE 65*21 CM;120;23.92;35.9;43.1;51.7;;;;;;
JLP-W04;FLORERO DE PLASTICO DE 60*16 CM;100;15.67;21.2;25.4;30.5;;;;;;
JLP-W05;FLORERO DE PLASTICO TIPO COPA DE 40*16 CM;200;10.72;15;18;21.6;;;;;;
JLP-W06;FLORERO DE PLASTICO DE 14*14 CM;750;5.77;7.8;9.4;11.3;;;;;;
JLP-W07;FLORERO DE PLASTICO DE 16*14 CM;50;14.85;22.3;26.8;32.2;;;;;;
JLP-W08;FLORERO DE PLASTICO TIPO COPA DE 78*27 CM;60;26.4;37;44.4;53.3;;;;;;
LN-G04;ESPIGA ARTIFICIAL DE 83 CM;4,800;1.79;2.5;3;3.6;;;;;;
LN-G05;ESPIGA ARTIFICIAL CON FRUTA DE 83 CM;3,600;2.37;3;3.6;4.3;;;;;;
LN-G06;HOJA ARTIFICIAL NAVIDEÑO DE 65 CM;1,800;1.92;2.5;3;3.6;;;;;;
LN-G07;FLOR ARTIFICIAL EN VARA 95 CM ;1,500;7.7;10;12;14.4;;;;;;
LN-G08;FLOR ARTIFICIAL EN VARA 68 CM ;2,100;2.96;4;4.8;5.8;;;;;;
RO5T-01;FLOR ARTIFICIAL EN RAMO HORTENSIAS DE JAPON X 5 CABEZAS 49 CM;3,264;5.33;7.9;9.5;11.4;;;;;;
TUY20-07;FLOR ARTIFICIAL EN RAMO X 5 CABEZAS 47 CM;5,040;2.96;4;4.8;5.8;;;;;;
TUY20-081;FLOR ARTIFICIAL EN RAMO X 10 CABEZAS 45 CM;5,040;3.57;4.5;5.4;6.5;;;;;;
JLP-26;ADORNO CISNE GRANDE 85 CM;200;35.47;61.1;73.3;88;;;;;;
JLP-28;PEDESTAL DE PLASTICO TIPO ROMANO 88 CM;320;21.45;34.7;41.6;49.9;;;;;;
JLP-R;PEDESTAL DE PLASTICO CIRCULAR 90*30 CM;200;29.7;40.2;48.2;57.8;;;;;;
JLP-63;REJA DE PLASTICO DE 74*65*19 CM;80;41.25;61.9;74.3;89.2;;;;;;
HOJA-01;RAMO COLGANTE CON FLORES 110 CM;2,520;1.37;3.5;4.2;5;;;;;;
HJ-04;ADORNO PORTA FLORES 26*25*32 CM;160;27.22;36;43.2;51.8;;;;;;
4060-02;PASTO ARTIFICIAL HOJA CHICO 40*60 CM;5,000;5.67;10;12;14.4;;;;;;
4060-02F;PASTO ARTIFICIAL HOJA CHICO 40*60 CM;3,000;5.67;12;14.4;17.3;;;;;;
4060-088;PASTO ARTIFICIAL TIPO GRASS VERDE CLARO 40*60 CM;1,920;13.65;22.5;27;32.4;;;;;;
MA-103;MALLA DE PLASTICO CON HOJAS ARTIFICIALES DE 1*3 MTS;1,050;35.11;40;48;57.6;;;;;;
4060-01;PASTO ARTIFICIAL HOJA GRANDE 40*60 CM;4,000;7.98;11;13.2;15.8;;;;;;
CHY-01;HOJA ARTIFICIAL EN RAMO X 5 50 CM;1,800;4.56;5.5;6.6;7.9;;;;;;
FD-HY;HOJA ARTIFICIAL DE 72 CM;2,000;5.27;7;8.4;10.1;;;;;;
JER-01;PEDESTAL D35*H92 CM PLASTICO BLANCO;92;58.18;85;102;122.4;;;;;;
MRB-1830;ADORNO DE PLASTICO TIPO MARIPOSA 30 CM;1,440;6.61;10;12;14.4;;;;;;
ESP-01;ESPIGA ARTIFICIAL DE PLASTICO CON ADORNO DE MARIPOSA Y PAJARITO 80 CM;7,200;1.82;2.7;3.2;3.8;;;;;;
JM-01;ADORNO LAMPARA COLGANTE LED 190*155 CM;16;1,042.83;1,750.00;2,100.00;2,520.00;;;;;;
JM-01;PARTE DEL ADORNO LAMPARA COLGANTE;16;0;0;0;0;;;;;;
JM-01;PARTE DEL ADORNO LAMPARA COLGANTE;16;0;0;0;0;;;;;;
JM-06;ADORNO LAMPARA COLGANTE LED 130*103 CM;20;426.2;1,041.60;1,249.90;1,499.90;;;;;;
JM-07;ADORNO CON LUZ LED 2 MTS;6;525.94;1,183.40;1,420.10;1,704.10;;;;;;
JM-08;ADORNO LAMPARA LUMINOSA DE 3 FOCOS;25;116.08;174.1;208.9;250.7;;;;;;
FSA-01;SILLA DE METAL 94*40*52*46 CM;600;235.77;294.7;353.6;424.3;;;;;;
FSA-01;PARTE DE LA SILLA DE METAL (ASIENTO);600;0;0;0;0;;;;;;
FSA-01;PARTE DE LA SILLA DE METAL (RESPALDAR /2=A,A);1,224;0;0;0;0;;;;;;
DZD-01;LAMPARA LED CUADRADO PARA PISO 500*500*60 MM;122;258.45;511;613.2;735.8;;;;;;
DZD-01;PARTE DE LAMPARA LED CUADRADO DE 15*10 CM (400W, CABLE );20;108.84;163.3;196;235.2;;;;;;
XM-01;ADORNO LAMPARA COLGANTE LED 1.30 MTS;12;707.32;2,426.80;2,912.20;3,494.60;;;;;;
XM-03;ADORNO LAMPARA COLGANTE LED 1.13 MTS;12;253.92;1,325.70;1,590.80;1,909.00;;;;;;
ZP;CARPA 40% PVC, 30% POLIETILENO, 30% POLIESTER 14*30 MTS (INCLUYE SUS ACCESORIOS PARA ARMAR);3;60,934.79;91,402.20;109,682.60;131,619.10;;;;;;
VASO-K01;COPA DE VIDRIO 6*20 CM (160 ML);960;3.6;5;6;7.2;;;;;;
VASO-K02;COPA DE VIDRIO 8*15.5 CM (240 ML);960;3.47;4.9;5.9;7.1;;;;;;
VASO-K03;VASO DE VIDRIO 8*12.5 CM (350 ML);960;3.47;4.9;5.9;7.1;;;;;;
VASO-T01;COPA DE VIDRIO 6*20 CM (160 ML);480;3.87;5;6;7.2;;;;;;
VASO-T02;COPA DE VIDRIO 8*15.5 CM (240 ML);480;3.67;4.8;5.8;7;;;;;;
VASO-T03;VASO DE VIDRIO 8*12.5 (350 ML);480;3.47;4.5;5.4;6.5;;;;;;
VASO-R01;COPA DE VIDRIO 6*20 CM (160 ML);480;3.87;5;6;7.2;;;;;;
VASO-R02;COPA DE VIDRIO 8*15.5 CM (240 ML);480;3.67;4.8;5.8;7;;;;;;
VASO-R03;VASO DE VIDRIO 8*12.5 CM (350 ML);480;3.47;4.5;5.4;6.5;;;;;;
PLT-01;PLATO DE VIDRIO 32 CM;348;14.87;22.3;26.8;32.2;;;;;;
PLT-01;PLATO DE VIDRIO 32 CM;10;14.87;22.3;26.8;32.2;;;;;;
PLT-02;PLATO DE VIDRIO 32 CM;276;16.4;18.5;22.2;26.6;;;;;;
PLT-02;PLATO DE VIDRIO 32 CM;9;16.4;18.5;22.2;26.6;;;;;;
KMD-01;ADORNO PANTALLA CHINA DE PAPEL 80*45 CM;5,000;0.93;1.4;1.7;2;;;;;;
PAN45;ADORNO PANTALLA CHINA DE TELA ROJO 60*45 CM;300;8.2;12.3;14.8;17.8;;;;;;
PAN58;ADORNO PANTALLA CHINA DE TELA ROJO 80*58 CM;120;10.27;15.4;18.5;22.2;;;;;;
WU-01;COPA DE VIDRIO 16*60 CM;240;39;48.8;58.6;70.3;;;;;;
WU-02;COPA DE VIDRIO 18*75 CM;160;46.14;57.7;69.2;83;;;;;;
WU-03;COPA DE VIDRIO 21*90 CM;60;69.74;87.2;104.6;125.5;;;;;;
DD-01;CORTINA DE LUCES LED  4*4 MTS;20;677.01;1,015.50;1,218.60;1,462.30;;;;;;
DD-02;CORTINA DE LUCES LED  2.50 MTS * 80 CM;150;46.14;60;72;86.4;;;;;;
DD-03;LUCES LINEALES LED 5 MTS X 10 FOCOS;400;71.81;93.4;112.1;134.5;;;;;;
DND;LUCES LINEALES LED 5 MTS CON CONTROL REMOTO;40;148.75;223.1;267.7;321.2;;;;;;
FOT-HP;FLOR ARTIFICIAL EN PLANCHA 40*60 CM;210;46.14;60;72;86.4;;;;;;
FOT-HP;FLOR ARTIFICIAL EN PLANCHA 40*60 CM;210;46.14;60;72;86.4;;;;;;
FOT-HP;FLOR ARTIFICIAL EN PLANCHA 40*60 CM;126;46.14;60;72;86.4;;;;;;
FOT-HP;FLOR ARTIFICIAL EN PLANCHA 40*60 CM;210;46.14;60;72;86.4;;;;;;
FOT-HP;FLOR ARTIFICIAL EN PLANCHA 40*60 CM;210;46.14;60;72;86.4;;;;;;
FOT-H30;ENREDADERA ARTIFICIAL DE HOJAS 3 MTS;324;33.85;47.4;56.9;68.3;;;;;;
FOT-LW55;ESPIGA ARTIFICIAL 55 CM;3,600;2.06;3.5;4.2;5;;;;;;
FOT-LW150;ESPIGA ARTIFICIAL 150 CM;1,200;8.2;15;18;21.6;;;;;;
FOT-PALO;ESPONJA DE ESPUMA 6 CM * 2 MTS;500;8.2;12.6;15.1;18.1;;;;;;
FOT-PLANCHA;ESPONJA DE ESPUMA 1*1 MTS * 10 CM;32;50.27;120;144;172.8;;;;;;
FOT-T16;GUIA ARTIFICIAL 300 CM;320;33.87;47.4;56.9;68.3;;;;;;
ZHU-E46;FLOR ARTIFICIAL EN VARA 96 CM;1,400;5.33;8;9.6;11.5;;;;;;
ZHU-E60;GUIA ARTIFICIAL CON FLORES 170 CM;2,500;3.27;6;7.2;8.6;;;;;;
TUY12-26;FLOR ARTIFICIAL EN RAMO X 12 54 CM;2,400;8;9;10.8;13;;;;;;
TUY12-27;FLOR ARTIFICIAL EN RAMO X 12 45 CM;6,000;6.17;7.9;9.5;11.4;;;;;;
JER-01;PEDESTAL D35*H92 CM PLASTICO BLANCO;28;52.34;68;81.6;97.9;;;;;;
AD-01;PULSERAS DE FANTASIA 6.5 Ø;200;15.4;23.1;27.7;33.2;;;;;;
AD-02;ADORNO CHINO 8*4.50 CM;50;6.13;9.2;11;13.2;;;;;;
FSA-01;SILLA DE METAL 94*40*52*46 CM;200;244.37;290;348;417.6;;;;;;
FSA-01;PARTE DE LA SILLA DE METAL (ASIENTO);212;0;0;0;0;;;;;;
FSA-01;PARTE DE LA SILLA DE METAL (RESPALDAR /2=A,A);400;0;0;0;0;;;;;;
FSA-02;SILLA DE METAL CON RESPALDAR DE TERCIOPELO 95*40*50*46 CM;30;197.49;246.9;296.3;355.6;;;;;;
FSA-02;PARTE DE LA SILLA DE METAL (ASIENTO DE TERCIOPELO Y ESPONJA);28;0;0;0;0;;;;;;
FSA-02;PARTE DE LA SILLA DE METAL (ASIENTO DE TERCIOPELO Y ESPONJA);2;0;0;0;0;;;;;;
DZD-01;LAMPARA LED CUADRADO PARA PISO 500*500*60 MM;79;268.12;505.1;606.1;727.3;;;;;;
XM-04;MALLA METALICA NAVIDEÑA CON LUZ LED 10*1 MTS;100;80;120;144;172.8;;;;;;
XM-05;MESA PARA JARDIN CON SOMBRILLA DE METAL 70*72 CM;24;731.22;1,096.80;1,316.20;1,579.40;;;;;;
XM-06;SILLA DE METAL  94*41 CM;48;0;0;0;0;;;;;;
XLA-01;ADORNO TIPO CONEJO CON LUZ LED 68*39*79 CM;10;300.62;360.7;432.8;519.4;;;;;;
XLA-02;ADORNO TIPO LAMPARA CON LUZ LED 30*120 CM;20;356.86;428.2;513.8;616.6;;;;;;
XLA-03;ADORNO TIPO LAMPARA CON LUZ LED 37*150 CM;20;432.49;519;622.8;747.4;;;;;;
XLA-04;ADORNO TIPO PEDESTAL CON LUZ LED 38*38*96 CM;12;319.37;383.2;459.8;551.8;;;;;;
XLA-05;ADORNO TIPO PEDESTAL CON LUZ LED 38*38*112 CM;12;356.86;428.2;513.8;616.6;;;;;;
LUZ-01;APARATO DE ILUMINACION LUCES LED  25*25*35.5 CM;40;309.99;465;558;669.6;;;;;;
LUZ-02;APARATO DE ILUMINACION CABEZA MOVIL LED 39*32*66.5 CM;12;1,315.59;1,973.40;2,368.10;2,841.70;;;;;;
ZHU-E59;FLOR ARTIFICIAL COLGANTE 100 CM;864;7.6;11.4;13.7;16.4;;;;;;
ZHU-E57;FLOR ARTIFICIAL EN VARA ILUSION DE PLASTICO 60 CM;3,600;1.69;2.2;2.6;3.1;;;;;;
ZHU-E70;FLOR ARTIFICIAL EN RAMO TIPO  GIRASOL  X 7 50 CM;1,440;7.6;11.4;13.7;16.4;;;;;;
ZHU-E16;FLOR ARTIFICIAL EN RAMO TIPO  GIRASOL X 5 45 CM;1,920;4.69;7;8.4;10.1;;;;;;
ZHU-E105;FLOR ARTIFICIAL EN RAMO PEQUEÑO TIPO  GIRASOL X 4 30 CM;3,000;2.19;3.3;4;4.8;;;;;;
HZL-02;FLOR ARTIFICIAL EN RAMO TIPO CAMPANILLA X 5 30 CM;1,800;1.87;3;3.6;4.3;;;;;;
HZL-03;FLOR ARTIFICIAL EN RAMO TIPO CLAVEL X 6 45 CM;3,168;3.12;4.6;5.5;6.6;;;;;;
LJK-01;FLOR ARTIFICIAL EN RAMO TIPO  ROSA PEQUEÑA X 7 38 CM;3,000;5.62;7.3;8.8;10.6;;;;;;
XDA-01;FLOR ARTIFICIAL EN RAMO TIPO GLADIOLO X 5 44 CM;2,000;2.25;3.4;4.1;4.9;;;;;;
XDA-02;FLOR ARTIFICIAL EN VARA 87 CM;2,160;2.34;3.5;4.2;5;;;;;;
RUY-B01;FLOR ARTIFICIAL ROSA ESTRELLA UNITARIA 46 CM;9,216;1.65;3.8;4.6;5.5;1.82;4.2;5;6;;
RUY-B02;FLOR ARTIFICIAL ROSA REDONDA UNITARIA 48 CM;5,760;1.77;3.8;4.6;5.5;1.95;4.2;5;6;;
RUY-B03;FLOR ARTIFICIAL ROSA REDONDA EN RAMO X 6 47 CM;1,920;9.73;16;19.2;23;10.7;17.6;21.1;25.3;;
RUY-B04;FLOR ARTIFICIAL ROSA ESTRELLA EN RAMO X 6 45 CM;1,920;9.14;16;19.2;23;10.05;17.6;21.1;25.3;;
RUY-B05;FLOR ARTIFICIAL ROSA EN VARA X 5 106 CM;960;8.06;12.1;14.5;17.4;8.87;13.3;16;19.2;;
RUY-B06;FLOR ARTIFICIAL ROSA EN VARA X 3 35 CM;1,920;2.34;4;4.8;5.8;2.57;4.4;5.3;6.4;;
TF-04;FLOR ARTIFICIAL GLADIOLO PRIMAVERAL EN RAMO X 5 70 CM;3,600;4.41;7.9;9.5;11.4;4.85;8.7;10.4;12.5;;
TF-05;FLOR ARTIFICIAL GLADIOLO OTOÑAL EN RAMO X 5 70 CM;1,280;4.84;9;10.8;13;5.32;9.8;11.8;14.2;;
YLG-01;FLOR ARTIFICIAL CEREZO EN VARA 94 CM;2,500;5.16;9;10.8;13;5.68;9.9;11.9;14.3;;
YLG-02;FLOR ARTIFICIAL DURAZNO EN VARA 105 CM;1,500;4.41;7.9;9.5;11.4;4.85;8.7;10.4;12.5;;
YLG-05;FOLLAJE ARTIFICIAL EN RAMO X 5 105 CM;3,200;3.23;5;6;7.2;3.55;5.5;6.6;7.9;;
HS-01;FLOR ARTIFICIAL ORQUIDEA EN VARA 98 CM;1,200;5.16;9;10.8;13;5.68;9.9;11.9;14.3;;
HS-02;HOJA ARTIFICIAL EN VARA 100 CM;1,500;4.41;7;8.4;10.1;4.85;7.7;9.2;11;;
HS-03;ESPIGA ARTIFICIAL PLASTICO 108 CM;1,500;3.12;5;6;7.2;3.43;5.5;6.6;7.9;;
HS-04;FLOR ARTIFICIAL HORTENSIAS EN RAMO X 5 42 CM;1,224;5.27;11;13.2;15.8;5.8;12.1;14.5;17.4;;
HS-06;FLOR ARTIFICIAL ROSA EN RAMO X 9 48 CM;2,250;7.79;13.2;15.8;19;8.57;14.6;17.5;21;;
JYAD-05N;ADORNO PORTA FLORES DE 30*30*80 CM;100;49.67;74.5;89.4;107.3;54.64;82;98.4;118.1;;
JYAD-06N;ADORNO PORTA FLORES DE 30*30*60 CM;100;37.25;55.9;67.1;80.5;40.98;61.5;73.8;88.6;;
JYAD-07N;ADORNO PORTA FLORES DE 30*30*100 CM;100;62.09;93.1;111.7;134;68.3;102.4;122.9;147.5;;
HJ-07;"ADORNO PORTA FLORES DE 78*20*20 CM COLOR DORADO
";90;39.35;59;70.8;85;43.29;64.9;77.9;93.5;;
JYAD-12N;"ADORNO PORTA FLORES DE 78*20*20 CM COLOR BLANCO
";90;36.12;54.2;65;78;39.73;59.6;71.5;85.8;;
RON23-01;FOLLAJE COLGANTE ARTIFICIAL DE PLASTICO EN RAMO X 9 90 CM;1,800;4.89;8.8;10.6;12.7;5.38;9.7;11.6;13.9;;
RON23-02;FOLLAJE ARTIFICIAL DE PLASTICO EN RAMO X 6 130 CM;576;15.53;23.3;28;33.6;17.08;25.6;30.7;36.8;;
RON23-03;FOLLAJE ARTIFICIAL DE PLASTICO EN RAMO X 5 35 CM;4,200;1.96;4.5;5.4;6.5;2.16;5;6;7.2;;
RON23-04;FOLLAJE ARTIFICIAL DE PLASTICO EN RAMO X 18 90 CM;480;8.28;14.9;17.9;21.5;9.11;16.4;19.7;23.6;;
RON23-05;FOLLAJE ARTIFICIAL DE PLASTICO EN RAMO X 18 50 CM;720;7.31;13.2;15.8;19;8.04;14.5;17.4;20.9;;
TUY7-18;FLOR ARTIFICIAL ROSA EN RAMO X 7 53 CM;2,400;6.6;8;9.6;11.5;7.26;8.8;10.6;12.7;;
TUY7-19;FLOR ARTIFICIAL MINI ROSAS EN RAMO X 7 53 CM;3,120;5.38;7;8.4;10.1;5.92;7.7;9.2;11;;
TUY9-21;FLOR ARTIFICIAL CAPULLO DE ROSAS EN RAMO X 9 44 CM;3,600;3.96;5.9;7.1;8.5;4.36;6.5;7.8;9.4;;
TUY9-22;FLOR ARTIFICIAL ROSA DULCE EN RAMO X 9 43 CM;2,400;4.67;6.3;7.6;9.1;5.14;6.9;8.3;10;;
TUY9-23;FLOR ARTIFICIAL CAPULLO DE MINI ROSAS EN RAMO X 9 45 CM;2,400;3.76;5.3;6.4;7.7;4.14;5.9;7.1;8.5;;
TUY9-24;FLOR ARTIFICIAL ROSA EN RAMO X 9 44 CM;3,120;5.38;7;8.4;10.1;5.92;7.7;9.2;11;;
TUY12-25;FLOR ARTIFICIAL CAPULLO DE ROSAS EN RAMO X 12 45 CM;3,600;5.48;8.2;9.8;11.8;6.03;9;10.8;13;;
RYG12-303;FLOR ARTIFICIAL ROSA EN RAMO X 12 50 CM;1,260;12.99;19.5;23.4;28.1;14.29;21.4;25.7;30.8;;
RYG12-310;FLOR ARTIFICIAL ROSA BOTON EN RAMO X 12 50 CM;420;14.21;21.3;25.6;30.7;15.63;23.4;28.1;33.7;;
RYG9-228;FLOR ARTIFICIAL ROSA MEXICANA EN RAMO X 9 CABEZAS 40 CM;1,740;12.38;18.6;22.3;26.8;13.62;20.4;24.5;29.4;;
RYG5-10;FLOR ARTIFICIAL CRISANTEMO EN RAMO X 5 34 CM;3,300;2.59;4.7;5.6;6.7;2.85;5.1;6.1;7.3;;
RYG9-210;FLOR ARTIFICIAL ROSA EN RAMO X 9 CABEZAS 40 CM;3,000;12.38;18.6;22.3;26.8;13.62;20.4;24.5;29.4;;
YQ10-H14;FLOR ARTIFICIAL EN RAMO ROSA DULCE X 10 43 CM;3,600;5.48;8.2;9.8;11.8;6.03;9;10.8;13;;
YQ12-H17;FLOR ARTIFICIAL ROSA ALEGRE EN RAMO X 12 43 CM;2,400;7.16;10.7;12.8;15.4;7.88;11.8;14.2;17;;
YQ-HT01;FLOR ARTIFICIAL CABEZA DE ROSAS 10 CM;12,000;0.51;0.8;1;1.2;0.56;0.8;1;1.2;;
YQ-HT02;FLOR ARTIFICIAL CABEZA DE ROSAS 11 CM;12,000;0.38;0.6;0.7;0.8;0.42;0.6;0.7;0.8;;
YQ-XHT03;FLOR ARTIFICIAL CABEZA DE MARGARITA 4 CM;216,000;0.1;0.2;0.2;0.2;0.11;0.2;0.2;0.2;;
GN-01;PLANTA ARTIFICIAL FLOR DE DURAZNO 2.40 MTS;16;730.76;1,000.00;1,200.00;1,440.00;803.84;1,100.00;1,320.00;1,584.00;;
FOT-LW55;ESPIGA ARTIFICIAL 55 CM;3,600;1.85;2.8;3.4;4.1;2.04;3.1;3.7;4.4;;
FOT-LW150;ESPIGA ARTIFICIAL 150 CM;1,200;7.31;11;13.2;15.8;8.04;14.2;17;20.4;;
HZL-01;FLOR ARTIFICIAL EN RAMO CHICO X 6 30 CM;3,000;2.31;3.5;4.2;5;2.54;3.9;4.7;5.6;;
HZL-04;FLOR ARTIFICIAL BOMBOM CHICO PRIMAVERA EN RAMO X 6 30 CM;3,000;2.31;3.5;4.2;5;2.54;3.9;4.7;5.6;;
HZL-04;FLOR ARTIFICIAL BOMBOM CHICO OTOÑAL EN RAMO X 6 30 CM;3,000;2.31;3.5;4.2;5;2.54;3.9;4.7;5.6;;
FOT-PLANCHA;ESPONJA DE ESPUMA 1*1 MTS * 10 CM;24;45.06;94.7;113.6;136.3;49.57;104.2;125;150;;
FD9-01;CANDELABRO  DE MADERA DE 10*10*17 CM;144;10.49;15.7;18.8;22.6;;;;;;
FD9-02;CANDELABRO DE MADERA  DE 10*10*28 CM;144;12.28;18.4;22.1;26.5;;;;;;
FD9-03;CANDELABRO DE MADERA  DE 10*10*33 CM;144;14.01;21;25.2;30.2;;;;;;
FD9-04;ADORNO TIPO PLATO DE CARTON PRENSADO DE  30 CM Y 40 CM (SET 2 PCS);144;29.81;44.7;53.6;64.3;;;;;;
FD9-05;ADORNO TIPO PLATO DE CARTON PRENSADO DE 30 CM Y 40 CM (SET 2 PCS);144;29.81;44.7;53.6;64.3;;;;;;
FD9-06;PORTA DULCE DE 3 PISOS DE CARTON PRENSADO DE 45*58 CM ;48;74.52;111.8;134.2;161;;;;;;
FD9-07;PORTA DULCE DE METAL DE 22*18.5*10 CM Y 27*22.5*10 CM (SET 2 PCS);144;36.84;55.3;66.4;79.7;;;;;;
FD9-08;BANDEJA TIPO HOJA DE CARTON PRENSADO DE 33.5*12.5*4 CM;144;6.56;9.8;11.8;14.2;;;;;;
FD9-09;BANDEJA TIPO HOJA DE CARTON PRENSADO DE 30.5*27.5*2 CM Y 38.5*30*2 CM (SET 2 PCS);144;16.69;25;30;36;;;;;;
FD9-10;BANDEJA TIPO HOJA DE CARTON PRENSADO DE 39.5*14.5*3.5 CM Y 59*22*2.5 CM (SET 2 PCS);144;17.53;26.3;31.6;37.9;;;;;;
FD9-11;PORTA DULCE DE CARTON PRENSADO DE 40*40*41 CM Y 49*49*51 CM (SET 2 PCS);48;64.03;96;115.2;138.2;;;;;;
FD9-12;ADORNO FAROL DE MADERA DE 12*12*35 CM Y 21*21*45 CM (SET 2 PCS);20;78.93;118.4;142.1;170.5;;;;;;
FD9-13;ADORNO FAROL DE MADERA DE 12*12*35 CM Y 21*21*45 CM (SET 2 PCS);20;78.93;118.4;142.1;170.5;;;;;;
FD9-14;ADORNO JAULA DE METAL DE 13*11.5*24 CM;72;20.15;30.2;36.2;43.4;;;;;;
FD9-15;ADORNO JAULA DE METAL DE 13.5*12*36.5 CM;72;29.81;44.7;53.6;64.3;;;;;;
FD9-16A;ADORNO FAROL DE MADERA DE 19.5*19.5*23 CM;32;28.04;42.1;50.5;60.6;;;;;;
FD9-16B;ADORNO FAROL DE MADERA DE 30*30*61 CM;32;72.77;109.2;131;157.2;;;;;;
FD9-17;ADORNO FAROL DE MADERA DE 16*16*42 CM Y 22*22*61 CM;8;113.99;171;205.2;246.2;;;;;;
FD9-18A;ADORNO PORTAVELAS DE PLASTICO DE 15*15*32.5 CM ;60;35.06;52.6;63.1;75.7;;;;;;
FD9-18B;ADORNO PORTAVELAS DE PLASTICO DE 15*10*32 CM ;60;35.06;52.6;63.1;75.7;;;;;;
FD9-18C;ADORNO PORTAVELAS DE PLASTICO DE 15*15*32.5 CM;60;35.06;52.6;63.1;75.7;;;;;;
SD-G01-1;GUIA DE NAVIDAD DE COLORES DE 2.70 MTS CON LUZ LED;30;108.74;163.1;195.7;234.8;;;;;;
SD-G01-2;GUIA DE NAVIDAD DORADO DE 2.70 MTS CON LUZ LED;30;113.1;169.7;203.6;244.3;;;;;;
SD-A150-2;ARBOL DE NAVIDAD DE 150 CM CON LUZ LED;30;113.99;171;205.2;246.2;;;;;;
SD-A180-2;ARBOL DE NAVIDAD DE 180 CM CON LUZ LED;30;140.28;210.4;252.5;303;;;;;;
SD-A210-2;ARBOL DE NAVIDAD DE 210 CM CON LUZ LED;18;175.34;263;315.6;378.7;;;;;;
SD-A150-1;ARBOL DE NAVIDAD DE 150 CM CON LUZ LED DE COLORES;30;111.37;167.1;200.5;240.6;;;;;;
SD-A180-1;ARBOL DE NAVIDAD DE 180 CM CON LUZ LED DE COLORES;30;137.66;206.5;247.8;297.4;;;;;;
SD-A210-1;ARBOL DE NAVIDAD DE 210 CM CON LUZ LED DE COLORES;18;172.71;259.1;310.9;373.1;;;;;;
MC-01A;ADORNO DE NAVIDAD DE CERAMICA CON LUZ LED DE 15.5*13*27 CM;24;33.33;50;60;72;;;;;;
MC-01B;ADORNO DE NAVIDAD DE CERAMICA CON LUZ LED DE 15.5*13*27 CM;24;33.33;50;60;72;;;;;;
MC-02A;ADORNO DE NAVIDAD DE CERAMICA CON LUZ LED DE 14.5*10*27 CM;36;24.56;36.8;44.2;53;;;;;;
MC-02B;ADORNO DE NAVIDAD DE CERAMICA CON LUZ LED DE 14.5*10*27 CM;36;24.56;36.8;44.2;53;;;;;;
MC-03A;ADORNO DE NAVIDAD DE CERAMICA CON LUZ LED DE 13*10.5*23 CM;36;21.46;32.2;38.6;46.3;;;;;;
MC-03B;ADORNO DE NAVIDAD DE CERAMICA CON LUZ LED DE 13*10.5*23 CM;36;21.46;32.2;38.6;46.3;;;;;;
MC-04A1;ADORNO DE NAVIDAD DE CERAMICA CON LUZ LED DE 14.5*7.5*21 CM;72;15.32;23;27.6;33.1;;;;;;
MC-04B1;ADORNO DE NAVIDAD DE CERAMICA CON LUZ LED DE 14.5*7.5*21 CM;72;15.32;23;27.6;33.1;;;;;;
MC-04A2;ADORNO DE NAVIDAD DE CERAMICA CON LUZ LED DE 13*8*15.8 CM;72;14.49;21.7;26;31.2;;;;;;
MC-04B2;ADORNO DE NAVIDAD DE CERAMICA CON LUZ LED DE 13*8*15.8 CM;72;14.49;21.7;26;31.2;;;;;;
MC-05A1;ADORNO DE NAVIDAD DE CERAMICA CON LUZ LED DE 13*7.5*12 CM;72;12.1;18.2;21.8;26.2;;;;;;
MC-05B1;ADORNO DE NAVIDAD DE CERAMICA CON LUZ LED DE 13*7.5*12 CM;72;12.1;18.2;21.8;26.2;;;;;;
MC-05A2;ADORNO DE NAVIDAD DE CERAMICA CON LUZ LED DE 10*6.5*18.5 CM;72;12.1;18.2;21.8;26.2;;;;;;
MC-05B2;ADORNO DE NAVIDAD DE CERAMICA CON LUZ LED DE 10*6.5*18.5 CM;72;12.1;18.2;21.8;26.2;;;;;;
MC-05A3;ADORNO DE NAVIDAD DE CERAMICA CON LUZ LED DE 10.5*7.5*18 CM;72;13;19.5;23.4;28.1;;;;;;
MC-05B3;ADORNO DE NAVIDAD DE CERAMICA CON LUZ LED DE 10.5*7.5*18 CM;72;13;19.5;23.4;28.1;;;;;;
MC-05A4;ADORNO DE NAVIDAD DE CERAMICA CON LUZ LED DE 11*7*14 CM;72;12.1;18.2;21.8;26.2;;;;;;
MC-05B4;ADORNO DE NAVIDAD DE CERAMICA CON LUZ LED DE 11*7*14 CM;72;12.1;18.2;21.8;26.2;;;;;;
MC-05A5;ADORNO DE NAVIDAD DE CERAMICA CON LUZ LED DE 8.5*8*17 CM;72;11.21;16.8;20.2;24.2;;;;;;
MC-05B5;ADORNO DE NAVIDAD DE CERAMICA CON LUZ LED DE 8.5*8*17 CM;72;11.21;16.8;20.2;24.2;;;;;;
MC-06A;ADORNO DE NAVIDAD DE CERAMICA CON LUZ LED DE 7*7.5*17 CM;48;10.37;15.6;18.7;22.4;;;;;;
MC-06B;ADORNO DE NAVIDAD DE CERAMICA CON LUZ LED DE 7*7.5*17 CM;48;10.37;15.6;18.7;22.4;;;;;;
MC-07A1;ADORNO DE NAVIDAD DE CERAMICA DE 20*11*46 CM;8;77.15;115.7;138.8;166.6;;;;;;
MC-07B1;ADORNO DE NAVIDAD DE CERAMICA DE 20*11*46 CM;8;77.15;115.7;138.8;166.6;;;;;;
MC-07A2;ADORNO DE NAVIDAD DE CERAMICA DE 20*11*46 CM;10;77.15;115.7;138.8;166.6;;;;;;
MC-07B2;ADORNO DE NAVIDAD DE CERAMICA DE 20*11*46 CM;10;77.15;115.7;138.8;166.6;;;;;;
MC-08A;ADORNO DE NAVIDAD DE  34*16*19 CM;24;100.81;151.2;181.4;217.7;;;;;;
MC-08B;ADORNO DE NAVIDAD DE 35*19*20 CM;24;109.58;164.4;197.3;236.8;;;;;;
VS-01;VASO DE VIDRIO DE 8*10 CM (250 ML);720;2.44;3.7;4.4;5.3;;;;;;
VS-02;ADORNO DE VIDRIO DE 5 L;20;42.09;63.1;75.7;90.8;;;;;;
HMC-05;MACETERO DE PLASTICO DE 25*30 CM;400;3.52;6.3;7.6;9.1;;;;;;
HMC-06;MACETERO DE PLASTICO DE 28*35 CM;200;3.93;7.1;8.5;10.2;;;;;;
HMC-07;MACETERO DE PLASTICO DE 35*36 CM;400;4.53;8.2;9.8;11.8;;;;;;
HOJA-01;RAMO COLGANTE CON FLORES 110 CM (PQT X 12 UND);1600;19.32;29;34.8;41.8;;;;;;
YZ-06;FLOR ARTIFICIAL GUIA DE NOVIA 200 CM (SET 10/PCS);100;22.77;34.2;41;49.2;;;;;;
YQT;CABEZA DE FLOR ARTIFICIAL DE 15 CM;72,000;0.2;0.3;0.4;0.5;;;;;;
YQT-P;PARTE DEL CODIGO YQT;108,000;0.1;0.2;0.2;0.2;;;;;;
YQ5-H15;FLOR ARTIFICIAL CRISANTEMO EN RAMO X 5 CABEZAS 46 CM;3,000;4.82;7.2;8.6;10.3;;;;;;
YQ-TT;GUIA DE PLASTICO PARA ARMAR DE 50 CM;10,000;0.36;0.5;0.6;0.7;;;;;;
YQ-HOJA;HOJA ARTIFICIAL PEQUEÑO 3.3 CM;54,000;0.07;0.1;0.1;0.1;;;;;;
HY-01;HOJA ARTIFICIAL EN VARA DE PLASTICO DE 68 CM (PQT X 12 UND);400;19.32;29;34.8;41.8;;;;;;
HY-02;HOJA ARTIFICIAL EN VARA DE PLASTICO DE 69 CM (PQT X 12 UND);300;13.56;20.3;24.4;29.3;;;;;;
HY-03;HOJA ARTIFICIAL EN VARA DE PLASTICO DE 67 CM (PQT X 12 UND);1,500;5.28;13;15.6;18.7;;;;;;
RYG10-224;FLOR ARTIFICIAL ROSA DE GINEBRA EN RAMO X 10 CABEZAS 40 CM;1,800;10.96;16.4;19.7;23.6;;;;;;
COT;CORTINAS DE PLASTICO DE 40*300 CM, 2.5 MTS DE ALTO (6 TIRAS DE 4.8 CM);20;769.07;1,153.60;1,384.30;1,661.20;;;;;;
DA-01;PISO DE BAÑO DE PLASTICO DE 50*80 CM;150;4.23;6.3;7.6;9.1;;;;;;
PA-30;ADORNO PARAGUAS DE PAPEL DE 30 CM;2,000;2.44;3.7;4.4;5.3;;;;;;
JR-01;CANDELABRO DE METAL DE 18*41 CM;48;68.82;103.2;123.8;148.6;75.7;113.6;136.3;163.6;;
JR-02;CANDELABRO DE METAL DE 18*49 CM;48;76.94;115.4;138.5;166.2;84.63;127;152.4;182.9;;
JR-03;CANDELABRO DE METAL DE 18*58 CM;48;83.13;124.7;149.6;179.5;91.44;137.2;164.6;197.5;;
JR-04;CANDELABRO DE METAL DE 13*26 CM;48;30.35;45.5;54.6;65.5;33.39;50.1;60.1;72.1;;
JR-05;CANDELABRO DE METAL DE 13*32 CM;48;32.41;48.6;58.3;70;35.65;53.5;64.2;77;;
JR-06;CANDELABRO DE METAL DE 13*36 CM;48;34.41;51.6;61.9;74.3;37.85;56.8;68.2;81.8;;
JR-07;PORTA TORTAS DE METAL DE 20*16 CM, 25*24 CM Y 30*31 CM;48;131.58;197.4;236.9;284.3;144.74;217.1;260.5;312.6;;
JR-08;PORTA DULCES DE METAL DE 62 CM;42;109.28;163.9;196.7;236;120.21;180.3;216.4;259.7;;
JR-09;BANDEJA DE METAL DE 14*38 CM;96;32.41;48.6;58.3;70;35.65;53.5;64.2;77;;
JR-10;PORTA DULCES DE METAL DE 33*52 CM;48;93.11;139.7;167.6;201.1;102.42;153.6;184.3;221.2;;
JR-11;FLORERO DE METAL DE 20*46 CM;48;46.52;69.8;83.8;100.6;51.17;76.8;92.2;110.6;;
JR-12;FLORERO DE METAL DE 20*53 CM;48;48.58;72.9;87.5;105;53.44;80.2;96.2;115.4;;
JR-13;FLORERO DE METAL DE 20*59 CM;48;50.58;75.9;91.1;109.3;55.64;83.5;100.2;120.2;;
JR-14;PORTA FRUTA DE METAL DE 16*11 CM;48;17.69;26.5;31.8;38.2;19.46;29.2;35;42;;
JR-15;PORTA FRUTA DE METAL DE 21*13 CM;48;25.32;38;45.6;54.7;27.85;41.8;50.2;60.2;;
JR-16;PORTA FRUTA DE METAL DE 25*15 CM;48;34.41;51.6;61.9;74.3;37.85;56.8;68.2;81.8;;
TD-01-A;ADORNO DE NAVIDAD TIPO PAPA NOEL DE 10.5*10.5*20 CM ;24;44.52;66.8;80.2;96.2;48.97;73.5;88.2;105.8;;
TD-01-B;ADORNO DE NAVIDAD TIPO NACIMIENTO DE 10.5*10.5*20 CM;72;44.52;66.8;80.2;96.2;48.97;73.5;88.2;105.8;;
TD-02-A;ADORNO DE NAVIDAD TIPO MUÑECO DE NIEVE DE 13*13*30 CM;40;86.02;129;154.8;185.8;94.62;141.9;170.3;204.4;;
TD-02-B;ADORNO DE NAVIDAD TIPO PAPA NOEL DE 13*13*30 CM;40;86.02;129;154.8;185.8;94.62;141.9;170.3;204.4;;
TD-03;ADORNO DE NAVIDAD DE 41*17*9 CM;18;103.23;154.8;185.8;223;113.55;170.3;204.4;245.3;;
TD-04;ADORNO DE NAVIDAD DE 26*11*20 CM;40;130.55;195.8;235;282;143.61;215.4;258.5;310.2;;
TD-05;ADORNO DE NAVIDAD DE 23*7.5*20 CM;18;119.4;179.1;214.9;257.9;131.34;197;236.4;283.7;;
JZ-01;PORTA DULCE DE METAL DE 37*36.5*26 CM  ;36;109.28;163.9;196.7;236;120.21;180.3;216.4;259.7;;
JZ-02;PORTA FRUTA DE METAL DE 43.5*26.5*3.5 CM Y 35.5*20.5*1 CM ;72;96.14;144.2;173;207.6;105.75;158.6;190.3;228.4;;
JZ-04;FLORERO DE METAL DE 28*28*58 CM;12;96.14;144.2;173;207.6;105.75;158.6;190.3;228.4;;
JZ-05;FLORERO DE METAL DE 25*25*48.5 CM;12;78.93;118.4;142.1;170.5;86.82;130.2;156.2;187.4;;
PT-01;PLATO DE VIDRIO DE 30 CM;960;15.14;22.7;27.2;32.6;16.65;25;30;36;;
PT-02;PLATO DE VIDRIO DE 32 CM;120;14.04;20;24;28.8;15.44;23.2;27.8;33.4;;
PT-03;PLATO DE VIDRIO DE 32*20 CM;240;24.15;32;38.4;46.1;26.57;39.8;47.8;57.4;;
SD-150;ARBOL DE NAVIDAD DE 1.50 MTS;60;72.88;87.5;105;126;80.17;120.3;144.4;173.3;;
SD-180;ARBOL DE NAVIDAD DE 1.80 MTS;120;116.37;139.6;167.5;201;128.01;192;230.4;276.5;;
SD-210;ARBOL DE NAVIDAD DE 2.10 MTS;60;156.83;188.2;225.8;271;172.51;258.8;310.6;372.7;;
SD-240;ARBOL DE NAVIDAD DE 2.40 MTS;24;227.72;273.3;328;393.6;250.49;375.7;450.8;541;;
AK-01;ESPIGA NAVIDEÑA DE 90 CM;2,400;4.55;6.8;8.2;9.8;5.01;7.5;9;10.8;;
FOT-H01;FLOR ARTIFICIAL EN RAMO X 6 DE 45 CM;192;15.18;22.8;27.4;32.9;16.7;25;30;36;;
FOT-H02;FLOR ARTIFICIAL PEONIA EN RAMO X 7 DE 55 CM;240;15.68;23.5;28.2;33.8;17.25;25.9;31.1;37.3;;
FOT-H03;FLOR ARTIFICIAL ROSA EN RAMO X 7 DE 55 CM;240;16.7;25.1;30.1;36.1;18.37;27.6;33.1;39.7;;
FOT-H04;GUIA ARTIFICIAL DE ORTENSIA DE 240 CM;240;33.4;50.1;60.1;72.1;36.74;55.1;66.1;79.3;;
FOT-H05;GUIA ARTIFICIAL DE ROSA DE 240 CM;240;33.4;50.1;60.1;72.1;36.74;55.1;66.1;79.3;;
FOT-H06;GUIA ARTIFICIAL DE ROSA DE 240 CM;240;18.21;27.3;32.8;39.4;20.03;30;36;43.2;;
FOT-H07;GUIA ARTIFICIAL DE HOJAS DE 240 CM;180;28.34;42.5;51;61.2;31.17;46.8;56.2;67.4;;
FOT-H08;GUIA ARTIFICIAL DE HOJAS DE 240 CM;192;18.21;27.3;32.8;39.4;20.03;30;36;43.2;;
FUD-01;RAMO COLGANTE ARTIFICIAL DE HOJAS X 12 DE 95 CM;240;13.16;19.7;23.6;28.3;14.48;21.7;26;31.2;;
FUD-02;RAMO COLGANTE ARTIFICIAL DE HOJAS X 12 DE 105 CM;144;20.23;30.3;36.4;43.7;22.25;33.4;40.1;48.1;;
FUD-03;PLANTA ARTIFIICAL CON HOJAS DE 190 CM;200;22.3;33.5;40.2;48.2;24.53;36.8;44.2;53;;
FUD-04;PLANTA ARTIFIICAL CON HOJAS DE 180 CM;36;93.11;139.7;167.6;201.1;102.42;153.6;184.3;221.2;;
FUD-05;PLANTA ARTIFICIAL DE CEREZO DE 130 CM;40;58.7;88.1;105.7;126.8;64.57;96.9;116.3;139.6;;
FD-08;PLANTA ARTIFICIAL DE HOJAS LARGAS DE 60 CM;60;58.7;88.1;105.7;126.8;64.57;96.9;116.3;139.6;;
LJK-01;FLOR ARTIFICIAL EN RAMO TIPO ROSA PEQUEÑA X 7 38 CM;1,200;6.07;9.1;10.9;13.1;6.68;10;12;14.4;;
XD-01;FLOR ARTIFICIAL COLGANTE ORQUIDEA X 5 DE 92 CM;480;8.88;13.3;16;19.2;9.77;14.7;17.6;21.1;;
XD-02;FLOR ARTIFICIAL EN VARA ORQUIDEA  DE 69 CM;900;5.67;8.5;10.2;12.2;6.24;9.4;11.3;13.6;;
YX-01N;RAMO COLGANTE ARTIFICIAL DE FLORES X 5 DE 130 CM;1,020;21.25;31.9;38.3;46;23.38;35.1;42.1;50.5;;
OY-01;FOLLAJE COLGANTE ARTIFICIAL DE PLASTICO HOJA CHICO EN RAMO X 5 CABEZAS 80 CM;900;4.96;7.4;8.9;10.7;5.46;8.2;9.8;11.8;;
SOY7-13;FLOR ARTIFICIAL DE LOTO EN RAMO X 7 CABEZAS 30 CM;1,476;3.34;5;6;7.2;3.67;5.5;6.6;7.9;;
SOY-R03;FLOR ARTIFICIAL ROSA CON MARGARITA EN RAMO X 5 30 CM;2,160;2.13;3.2;3.8;4.6;2.34;3.5;4.2;5;;
SOY7-H02;FLOR ARTIFICIAL ROSA PRIMAVERAL EN RAMO X 7 DE 32 CM;1,476;3.14;4.7;5.6;6.7;3.45;5.2;6.2;7.4;;
SOY7-H03;FLOR ARTIFICIAL ROSA OTOÑAL EN RAMO X 7 DE 32 CM;1,476;3.34;5;6;7.2;3.67;5.5;6.6;7.9;;
SOY18-H04;HOJA ARTIFICIAL X 18 DE 80 CM;576;9.61;14.4;17.3;20.8;10.57;15.9;19.1;22.9;;
GDC-CT004;HOJA RAMO COLGANTE 96 CM;2,400;1.31;2;2.4;2.9;1.44;2.6;3.1;3.7;;
LH-01-P;ARTICULO DE FIESTA TIPO PLUMA DE 60 CM;2,000;4.68;7;8.4;10.1;5.15;9.3;11.2;13.4;;
LH-01-C;ARTICULO DE FIESTA TIPO CORAZON ROJO DE 60 CM;400;7.5;11.3;13.6;16.3;8.25;14.9;17.9;21.5;;
LH-01-F;ARTICULO DE FIESTA TIPO FLOR DE 60 CM;800;5.64;8.5;10.2;12.2;6.2;9.3;11.2;13.4;;
FS;FELPUDO PARA PISO DE 80*48 CM;100;19.96;29.9;35.9;43.1;21.96;32.9;39.5;47.4;;
FOT-PLANCHA;ESPONJA DE ESPUMA DE 1*1 MTS*10 CM;16;50.92;76.4;91.7;110;56.01;84;100.8;121;;
CAR-2024;MODULO CUADRADO PARA HABITACION INCLUYE ACCESORIOS PARA SU NORMAL ARMADO MEDIDAS: 2.7*6.0*6.0 M ;5;44,564.03;66,846.00;80,215.20;96,258.20;49,020.43;73,530.60;88,236.70;105,884.00;;
COT-01;CORTINA DE POLIESTER 2.8*2.5 M ;30;191.91;287.9;345.5;414.6;211.1;316.7;380;456;;
COT-02;CORTINA DE POLIESTER 2.89*2.5 M ;30;183.44;275.2;330.2;396.2;201.78;302.7;363.2;435.8;;
COT-03;COLGADOR PARA CORTINA DE METAL 2.89*0.28 M;60;0;0;0;0;0;0;0;0;;
COT-03-01;ACCESORIOS DEL COLGADOR PARA CORTINA;200;0;0;0;0;0;0;0;0;;
LYF-01;DUCHA 70% METAL 30% PLASTICO;11;300.42;450.6;540.7;648.8;330.46;495.7;594.8;713.8;;
LYF-02;LAVADERO PORCELANA 400/400/850MM ;5;387.9;581.9;698.3;838;426.69;640;768;921.6;;
LYF-03;TUBO PARA CAÑO METAL 32MM;5;27.13;40.7;48.8;58.6;29.84;44.8;53.8;64.6;;
LYF-04;CAÑO METAL ,15MM;20;145.8;218.7;262.4;314.9;160.38;240.6;288.7;346.4;;
LYF-05;ESPEJO VIDRIO 50 X 70 CM;24;124.1;186.2;223.4;268.1;136.51;204.8;245.8;295;;
LYF-06;INODORO INTELIGENTE PORCELANA, 300/400MM;5;571.67;857.5;1,029.00;1,234.80;628.84;943.3;1,132.00;1,358.40;;
LYF-07;CALENTADOR DE AGUA 380 X 770MM;5;1,394.26;2,091.40;2,509.70;3,011.60;1,533.69;2,300.50;2,760.60;3,312.70;;
LYF-08;CABINA DE DUCHA , 1200/800/5150 MM;5;3,778.60;5,667.90;6,801.50;8,161.80;4,156.46;6,234.70;7,481.60;8,977.90;;
WH-01;SILLA DE MADERA DE 0.62*0.62*0.6 MTS;10;193.95;290.9;349.1;418.9;213.35;320;384;460.8;;
WH-02;MESA DE MADERA DE 0.55*0.55*0.6 MTS;5;242.77;364.2;437;524.4;267.05;400.6;480.7;576.8;;
HCH;PERCHERO DE MADERA PARA ROPA DE  1.7 M *0.38 CM *0.60 CM ;10;315.34;473;567.6;681.1;346.87;520.3;624.4;749.3;;
HY; ESPEJO MARCO DE MADERA 167*34 CM;10;126.13;189.2;227;272.4;138.74;208.1;249.7;299.6;;
MUM-01;COLCHON, 180*200*24CM;5;823.94;1,235.90;1,483.10;1,779.70;906.33;1,359.50;1,631.40;1,957.70;;
MUM-02; CAMA DE MADERA MEDIDAS:189*219*116 CM  (CABEZERA,RESPALDAR,TABLERO PARA COLCHON);5;1,434.27;2,151.40;2,581.70;3,098.00;1,577.70;2,366.50;2,839.80;3,407.80;;
MUM-03; MESITA DE NOCHE DE MADERA 50*40*46 CM;5;150.55;225.8;271;325.2;165.61;248.4;298.1;357.7;;
QNQ;CALEFACTOR, 127*77*13CM;20;581.84;872.8;1,047.40;1,256.90;640.02;960;1,152.00;1,382.40;;
QNQ; ACCESORIOS DE CALEFACTOR , PARA SU ARMADO;20;0;0;0;0;0;0;0;0;;
BYN-01;MOCHILA DE TELA POLIESTER DE 28*14*33 CM;60;42.42;63.6;76.3;91.6;46.66;70;84;100.8;;
BYN-02;MOCHILA DE TELA POLIESTER DE 31*13*43 CM;72;37.41;56.1;67.3;80.8;41.15;61.7;74;88.8;;
BYN-03;CARTERA DE TELA POLIESTER DE 30*12*33 CM;60;39.79;59.7;71.6;85.9;43.77;65.7;78.8;94.6;;
BYN-05;CARTERA DE TELA POLIESTER DE 24*14*25 CM;72;35.02;52.5;63;75.6;38.52;57.8;69.4;83.3;;
BYN-06;CARTERA DE TELA POLIESTER DE 23*7*20 CM;70;26.15;39.2;47;56.4;28.77;43.1;51.7;62;;
BYN-07;CARTERA DE TELA POLIESTER DE 23*11*18 CM;80;24.19;36.3;43.6;52.3;26.61;39.9;47.9;57.5;;
BUF-01;CARTERA DE CUERO SINTETICO POLIURETANO DE 20*13 CM;80;26.96;40.4;48.5;58.2;29.66;44.5;53.4;64.1;;
BUF-02;CARTERA DE CUERO SINTETICO POLIURETANO DE 24*19 CM;80;34.47;51.7;62;74.4;37.92;56.9;68.3;82;;
BUF-03;CARTERA DE CUERO SINTETICO POLIURETANO DE 25*15 CM;80;28.85;43.3;52;62.4;31.74;47.6;57.1;68.5;;
BUF-05;CARTERA DE CUERO SINTETICO POLIURETANO DE 20*15 CM;80;34.11;51.2;61.4;73.7;37.52;56.3;67.6;81.1;;
BUF-06;CARTERA DE CUERO SINTETICO POLIURETANO DE 23*17 CM;80;41.58;62.4;74.9;89.9;45.74;68.6;82.3;98.8;;
AL150;ARBOL DE NAVIDAD DE 150 CM;100;50.46;68.1;78.3;90;55.51;83.3;100;120;;
AL180;ARBOL DE NAVIDAD DE 180 CM;100;73.32;99;113.9;131;80.65;121;145.2;174.2;;
AV180;ARBOL DE NAVIDAD AUTOMATICO DE 180 CM;20;229.93;310.4;357;410.6;252.92;379.4;455.3;546.4;;
AV210;ARBOL DE NAVIDAD AUTOMATICO DE 210 CM;20;318.07;429.4;493.8;567.9;349.88;524.8;629.8;755.8;;
AB180;ARBOL DE NAVIDAD CON NIEVE AUTOMATICO DE 180 CM;10;268.25;362.1;416.4;478.9;295.08;442.6;531.1;637.3;;
GU200-R;GUIRNALDA DE NAVIDAD DE 200 CM;60;42.15;56.9;65.4;75.2;46.37;69.5;83.4;100.1;;
GU200-M;GUIRNALDA DE NAVIDAD DE 200 CM;60;74.42;100.5;115.6;132.9;81.86;122.8;147.4;176.9;;
BL-CH;JUEGO DE BOLAS DE NAVIDAD DE 25 UND DE 7 /5 CM CHAMPAGNE;120;29.58;39.9;45.9;52.8;32.54;48.8;58.6;70.3;;
BL-RJ;JUEGO DE BOLAS DE NAVIDAD DE 25 UND DE 7 /5 CM ROJO;120;29.58;39.9;45.9;52.8;32.54;48.8;58.6;70.3;;
BL-RD;JUEGO DE BOLAS DE NAVIDAD DE 25 UND DE 7 /5 CM ROSADO ;120;29.58;39.9;45.9;52.8;32.54;48.8;58.6;70.3;;
BL-DR;JUEGO DE BOLAS DE NAVIDAD DE 25 UND DE 7 /5 CM DORADO;120;29.58;39.9;45.9;52.8;32.54;48.8;58.6;70.3;;
MP-DR;ADORNO NAVIDEÑO DE 19*20.5*7 CM DORADO;576;7.66;10.3;11.8;13.6;8.43;12.6;15.1;18.1;;
MP-CH;ADORNO NAVIDEÑO DE 19*20.5*7 CM CHAMPAGNE;576;7.66;10.3;11.8;13.6;8.43;12.6;15.1;18.1;;
MP-RD;ADORNO NAVIDEÑO DE 19*20.5*7 CM ROSADO;576;7.66;10.3;11.8;13.6;8.43;12.6;15.1;18.1;;
HT-28;FLOR NAVIDEÑA DE 28 CM;1,200;2.63;3.6;4.1;4.7;2.89;4.3;5.2;6.2;;
HT-23;FLOR NAVIDEÑA DE 23 CM;1,800;1.97;2.7;3.1;3.6;2.17;3.3;4;4.8;;
HT-175;FLOR NAVIDEÑA DE 17.5 CM;3,240;1.18;1.6;1.8;2.1;1.3;1.9;2.3;2.8;;
NRM-5;FLOR NAVIDEÑA DE 36 CM X 5 CABEZAS;1,080;4.71;6.4;7.4;8.5;5.18;7.8;9.4;11.3;;
NFJ-R;ESPIGA NAVIDEÑA DE 70 CM ROJO;900;2.52;3.4;3.9;4.5;2.77;4.2;5;6;;
NFJ-P;ESPIGA NAVIDEÑA DE 70 CM PLATEADO;900;3.07;4.1;4.7;5.4;3.38;5.1;6.1;7.3;;
NFQ;ESPIGA NAVIDEÑA DE 70 CM;2,400;1.32;1.8;2.1;2.4;1.45;2.2;2.6;3.1;;
EP;ESPIGA NAVIDEÑA DE 95 CM ;3,000;2.85;3.8;4.4;5.1;3.14;4.7;5.6;6.7;;
EP-B;ESPIGA NAVIDEÑA DE 95 CM CON BOLA DE CRISTAL;1,200;6.02;8.1;9.3;10.7;6.62;9.9;11.9;14.3;;
ROT-02;ADORNO NAVIDEÑO DE 32*16*25.5 CM;24;158.73;214.3;246.4;283.4;174.6;261.9;314.3;377.2;;
ROT-03;ADORNO NAVIDEÑO DE 39*20*33 CM;24;185.01;249.8;287.3;330.4;203.51;305.3;366.4;439.7;;
ROT-04;ADORNO NAVIDEÑO DE 42*26*22.5 CM;16;205.86;277.9;319.6;367.5;226.45;339.7;407.6;489.1;;
XK-01;PORTAFOTOS  PLASTICO DE 44.5*24.5 CM;216;10.96;14.8;17;19.6;12.06;18.1;21.7;26;;
XK-02;PORTAFOTOS  PLASTICO DE 41*20.5 CM;72;9.66;13;15;17.3;10.63;15.9;19.1;22.9;;
XK-03;PORTAFOTOS  PLASTICO DE 38.5*18 CM;72;9.27;12.5;14.4;16.6;10.2;15.3;18.4;22.1;;
PA-01;LAMINA PAPEL BOPP DE 55*56 CM SET/20PCS;100;4.68;6.3;7.2;8.3;5.15;7.7;9.2;11;;
PA-02;LAMINA PAPEL BOPP DE 55*56 CM SET/20PCS;100;6.05;8.2;9.4;10.8;6.66;10;12;14.4;;
PA-03;LAMINA PAPEL BOPP DE 55*56 CM SET/20PCS;100;7.2;9.7;11.2;12.9;7.92;11.9;14.3;17.2;;
PA-04;LAMINA PAPEL BOPP DE 55*56 CM SET/20PCS;100;7.2;9.7;11.2;12.9;7.92;11.9;14.3;17.2;;
PA-05;LAMINA PAPEL BOPP DE 55*56 CM SET/20PCS;100;7.2;9.7;11.2;12.9;7.92;11.9;14.3;17.2;;
PL-01;LAMINA PAPEL BOPP DE 56*56 CM SET/18PCS;100;9.66;13;15;17.3;10.63;15.9;19.1;22.9;;
PL-02;LAMINA PAPEL BOPP DE 56*56 CM SET/18PCS;100;7.05;9.5;10.9;12.5;7.76;11.6;13.9;16.7;;
PL-3;LAMINA PAPEL BOPP DE 58*58 CM SET/10PCS;100;10.27;13.9;16;18.4;11.3;16.9;20.3;24.4;;
PL-7;PAPEL DE REGALO NAVIDEÑO DE 70*50 CM SET/20PCS;100;6.97;9.4;10.8;12.4;7.67;11.5;13.8;16.6;;
PL-9;CAJA DE REGALO DE PAPEL DE 17*40*8.2 CM SET/2PCS;100;3.6;4.9;5.6;6.4;3.96;5.9;7.1;8.5;;
PL-10;PAPEL CELOFAN DE 56*57 CM SET/20PCS;100;7.2;9.7;11.2;12.9;7.92;11.9;14.3;17.2;;
CAJ-01;CAJA DE REGALO DE CARTON DE 235*235*195 / 220*220*165 / 198*198*135 MM SET/3PCS;72;21.92;29.6;34;39.1;24.11;36.2;43.4;52.1;;
CAP-COR;CAJA DE REGALO DE CARTON DE 14.5*12.5*11.5 CM;192;6.59;8.9;10.2;11.7;7.25;10.9;13.1;15.7;;
CAP-CIR;CAJA DE REGALO DE CARTON DE 12*12*11.5 CM;192;6.59;8.9;10.2;11.7;7.25;10.9;13.1;15.7;;
CAZ;CAJA DE REGALO DE CARTON DE 22*20*9 / 18.5*17*7.5 / 16*14*6 CM SET/3PCS;432;10.73;14.5;16.7;19.2;11.8;17.7;21.2;25.4;;
CAD;CAJA DE REGALO DE CARTON DE 19*19*9.5 / 17*17*8 / 15*15*6.5 CM SET/3PCS;216;10.96;14.8;17;19.6;12.06;18.1;21.7;26;;
CJV;CAJA DE REGALO DE CARTON DE 19*19*9.5 / 17*17*8 / 15*15*6.5 CM SET/3PCS;216;13.11;17.7;20.4;23.5;14.42;21.6;25.9;31.1;;
CAR;CAJA DE REGALO DE CARTON DE 25*25*15 / 22*22*13.5 / 19*19*12 CM SET/3PCS;180;24.6;33.2;38.2;43.9;27.06;40.6;48.7;58.4;;
SAN;PARAGUAS DE 40 CM;1,000;8.43;11.4;13.1;15.1;9.27;13.9;16.7;20;;
DRT;MANTA ELECTRICA DE 150*180 CM;200;63.54;85.8;98.7;113.5;69.89;104.8;125.8;151;;
AM-01;PISTOLA MASAJEADORA DE 18*21 CM;48;60.24;81.3;93.5;107.5;66.26;99.4;119.3;143.2;;
AM-02;MASAJEADOR DE CABEZA DE 110*90*80 MM;120;42.69;57.6;66.2;76.1;46.96;70.4;84.5;101.4;;
AM-03;ALMOHADA DE MASAJE DE 11*23.5*14 CM;40;104;140.4;161.5;185.7;114.4;171.6;205.9;247.1;;
AM-04;MASAJEADOR DE CABEZA DE 77*10 MM;60;87.6;118.3;136;156.4;96.36;144.5;173.4;208.1;;
AM-05;TAZA MEZCLADORA DE 160*115*125 MM 350 ML;40;32.88;44.4;51.1;58.8;36.17;54.3;65.2;78.2;;
AM-05;POSAVASOS ACCESORIO;40;0;0;0;0;0;0;0;0;;
AM-06;TAZA MEZCLADORA DE 160*115*125 MM DE 350 ML;96;19.7;26.6;30.6;35.2;21.67;32.5;39;46.8;;
AM-07;TAZA MEZCLADORA DE 160*115*125 MM DE 300 ML;90;27.36;36.9;42.4;48.8;30.1;45.1;54.1;64.9;;
AM-08;MINI ASPIRADORA DE MANO DE 89*86*210 MM ;40;50.35;68;78.2;89.9;55.39;83.1;99.7;119.6;;
AM-09;LICUADORA PORTATIL DE 340 ML;120;35.03;47.3;54.4;62.6;38.53;57.8;69.4;83.3;;
AM-10;PLANCHA VIAJERA DE 22.5*12*13 CM;40;60.24;81.3;93.5;107.5;66.26;99.4;119.3;143.2;;
AM-11;MAQUINA DE LIMPIEZA DE VENTANAS DE 345*230*95 MM;6;656.9;886.8;1,019.80;1,172.80;722.59;1,083.90;1,300.70;1,560.80;;
AM-12;MAQUINA QUITA PELUSAS DE 86*83*185 MM;120;13.11;17.7;20.4;23.5;14.42;21.6;25.9;31.1;;
AM-13;SECADOR DE CABELLO DE 44*36.5*49 CM;40;63.54;85.8;98.7;113.5;69.89;104.8;125.8;151;;
AM-14;ESPEJO LED DE 230*175 MM;80;25.22;34;39.1;45;27.74;41.6;49.9;59.9;;
CHU-07;TOALLA DESECHABLE DE FIBRA VEGETAL DE 70*100 CM;460;1.46;2;2.3;2.6;1.61;2.4;2.9;3.5;;
CHU-10;PAPELERA DE PLASTICO DE 27 CM;36;17.55;23.7;27.3;31.4;19.31;29;34.8;41.8;;
CHU-11;CALENTADOR DE AGUA ELECTRICO DE 1 LITRO;24;82.08;110.8;127.4;146.5;90.29;135.4;162.5;195;;
FAR-01;FLOR ARTIFICIAL TIPO MAGNOLIA X 20 CABEZAS DE 55 CM;630;9.41;12.7;14.6;16.8;10.35;15.5;18.6;22.3;;
FAR-02;FLOR ARTIFICIAL TIPO SAYURI X 9 CABEZAS DE 57 CM;864;9.2;12.4;14.3;16.4;10.12;15.2;18.2;21.8;;
FAR-03;FLOR ARTIFICIAL TIPO LIRIO X 3 CABEZAS DE 93 CM;1,440;4.6;6.2;7.1;8.2;5.06;7.6;9.1;10.9;;
FAR-04;FLOR ARTIFICIAL TIPO MAGNOLIA X 5 CABEZAS DE 58 CM;1,152;4.27;5.8;6.7;7.7;4.7;7;8.4;10.1;;
FAR-05;FLOR ARTIFICIAL TIPO PHALAENOPSIS X 15 CABEZAS DE 45 CM;720;8.54;11.5;13.2;15.2;9.39;14.1;16.9;20.3;;
FAR-06;FLOR ARTIFICIAL TIPO PHALAENOPSIS GRANDE X 8 CABEZAS DE 100 CM;720;6.68;9;10.4;12;7.35;11;13.2;15.8;;
FAR-07;FLOR ARTIFICIAL TIPO PHALAENOPSIS PEQUEÑA X 9 CABEZAS DE 64 CM;1,080;5.93;8;9.2;10.6;6.52;9.8;11.8;14.2;;
GN-200;FLOR ARTIFICIAL GUIA DE NOVIA DE 200 CM;2,988;2.85;3.8;4.4;5.1;3.14;4.7;5.6;6.7;;
RYG5-1;FLOR ARTIFICIALX 5 CABEZAS DE 38 CM;3,000;3.28;4.4;5.1;5.9;3.61;5.4;6.5;7.8;;
RYG5-2;FLOR ARTIFICIALX 5 CABEZAS DE 38 CM;300;3.72;5;5.8;6.7;4.09;6.1;7.3;8.8;;
RYG5-5;FLOR ARTIFICIALX 5 CABEZAS DE 38 CM;3,000;3.28;4.4;5.1;5.9;3.61;5.4;6.5;7.8;;
RYG5-2;FLOR ARTIFICIAL X 5 CABEZAS DE 38 CM;3,300;4.09;6.1;7;8.1;4.5;6.7;8;9.6;;
RYG5-3;FLOR ARTIFICIAL X 5 CABEZAS DE 38 CM;3,600;4.21;6.3;7.2;8.3;4.63;6.9;8.3;10;;
RYG5-4;FLOR ARTIFICIAL X 5 CABEZAS DE 38 CM;3,600;4.21;6.3;7.2;8.3;4.63;6.9;8.3;10;;
RYG5-6;FLOR ARTIFICIAL X 5 CABEZAS DE 38 CM;3,600;4.21;6.3;7.2;8.3;4.63;6.9;8.3;10;;
RYG5-1;FLOR ARTIFICIAL X 5 CABEZAS DE 38 CM;600;3.61;5.4;6.2;7.1;3.97;6;7.2;8.6;;
RYG5-5;FLOR ARTIFICIAL X 5 CABEZAS DE 38 CM;600;3.61;5.4;6.2;7.1;3.97;6;7.2;8.6;;
RYG10-RS;FLOR ARTIFICIAL X 10 CABEZAS DE 46 CM;1,500;10.22;13.8;15.9;18.3;11.24;16.9;20.3;24.4;;
RYG7-XS;FLOR ARTIFICIAL X 7 CABEZAS DE 44 CM;1,080;11.78;15.9;18.3;21;12.96;19.4;23.3;28;;
RYG12-LU;FLOR ARTIFICIAL X 12 CABEZAS DE 43 CM;1,500;12.02;16.2;18.6;21.4;13.22;19.8;23.8;28.6;;
RYG9-BJ;FLOR ARTIFICIAL X 9 CABEZAS DE 44 CM;450;11.06;14.9;17.1;19.7;12.17;18.2;21.8;26.2;;
RYG5-OT;FLOR ARTIFICIAL X 5 CABEZAS DE 47 CM;2,160;10.22;13.8;15.9;18.3;11.24;16.9;20.3;24.4;;
FLR-01;FLOR ARTIFICIAL X 20 CABEZAS PEQUEÑAS DE 30 CM;900;5.41;7.3;8.4;9.7;5.95;8.9;10.7;12.8;;
FLR-02;FLOR ARTIFICIAL X 7 CABEZAS DE 32 CM;720;6.61;8.9;10.2;11.7;7.27;10.9;13.1;15.7;;
FLR-03;FLOR ARTIFICIAL X 12 CABEZAS OTOÑAL DE 36 CM;816;11.43;15.4;17.7;20.4;12.57;18.9;22.7;27.2;;
FLR-04;FLOR ARTIFICIAL X 9 CABEZAS DE 35 CM;1,296;10.22;13.8;15.9;18.3;11.24;16.9;20.3;24.4;;
FLR-05;FLOR ARTIFICIAL X 9 CABEZAS DE 48 CM;1,200;9.62;13;15;17.3;10.58;15.9;19.1;22.9;;
FLR-06;FLOR ARTIFICIAL X 9 CABEZAS DE 39 CM;816;15.63;21.1;24.3;27.9;17.19;25.8;31;37.2;;
FLR-07;FLOR ARTIFICIAL X 13 CABEZAS DE 44 CM;480;23.45;31.7;36.5;42;25.8;38.7;46.4;55.7;;
FLR-08;FLOR ARTIFICIAL X 12 CABEZAS DE 55 CM;480;21.04;28.4;32.7;37.6;23.14;34.7;41.6;49.9;;
FLR-09;FLOR ARTIFICIAL X 12 CABEZAS DE 55 CM;480;21.64;29.2;33.6;38.6;23.8;35.7;42.8;51.4;;
FLR-10;FLOR ARTIFICIAL X 12 CABEZAS DE 48 CM;1,296;9.02;12.2;14;16.1;9.92;14.9;17.9;21.5;;
EU-03;HOJA ARTIFICIAL DE 48 CM;1,800;3.85;5.8;6.7;7.7;4.24;6.4;7.7;9.2;;
EU-04;HOJA ARTIFICIAL DE 60 CM;600;7.93;11.9;13.7;15.8;8.72;13.1;15.7;18.8;;
LH-01-F;ARTICULO DE FIESTA TIPO FLOR DE 60 CM;1,200;7.91;11.9;13.7;15.8;8.7;13.1;15.7;18.8;;
LH-01-M;ARTICULO DE FIESTA TIPO MARIPOSA DE 60 CM;160;4.97;7.5;8.6;9.9;5.47;8.2;9.8;11.8;;
BAS-01;FLORERO DE 30*46 CM;72;18.6;25.1;28.9;33.2;20.46;30.7;36.8;44.2;;
BAS-02;FLORERO DE 23*15.5*31.5 CM CON PATA DE MADERA DE 3.8*10 CM;36;34.84;47;54.1;62.2;38.32;57.5;69;82.8;;
BAS-03;FLORERO DE 28*16*27 CM CON PATA DE MADERA DE 3.8*10 CM;36;40.9;55.2;63.5;73;44.99;67.5;81;97.2;;
BAS-04;FLORERO DE 21.7*31.5 CM;30;23.06;31.1;35.8;41.2;25.37;38;45.6;54.7;;
BAS-05;FLORERO DE 27.3*37 CM;24;35.18;47.5;54.6;62.8;38.7;58;69.6;83.5;;
BAS-06;FLORERO DE 32.3*41.5 CM;18;54.88;74.1;85.2;98;60.37;90.6;108.7;130.4;;
BAS-07;FLORERO DE 28*25*8 / 33*29*9 / 38*10 CM (SET 3/PCS);54;46.12;62.3;71.6;82.3;50.73;76.1;91.3;109.6;;
BAS-10;FLORERO DE 17*21*18 CM;120;12.62;17;19.6;22.5;13.88;20.8;25;30;;
BAS-11;FLORERO DE 20*25*21 CM;60;18.01;24.3;27.9;32.1;19.81;29.7;35.6;42.7;;
BAS-12;FLORERO DE 25*31*26 CM;48;33.67;45.5;52.3;60.1;37.04;55.6;66.7;80;;
BAS-13;FLORERO DE 10.5*14.5 CM;120;8.42;11.4;13.1;15.1;9.26;13.9;16.7;20;;
BAS-14;FLORERO DE 16.5*18.5 CM;54;15.65;21.1;24.3;27.9;17.22;25.8;31;37.2;;
BAS-15;FLORERO DE 23*25 CM;18;36.11;48.7;56;64.4;39.72;59.6;71.5;85.8;;
BAS-16;FLORERO DE 35*29 CM;18;58.91;79.5;91.4;105.1;64.8;97.2;116.6;139.9;;
BAS-17;FLORERO DE 10.5*14.5 CM;120;4.8;6.5;7.5;8.6;5.28;7.9;9.5;11.4;;
BAS-18;FLORERO DE 16.5*18.5 CM;54;10.18;13.7;15.8;18.2;11.2;16.8;20.2;24.2;;
BAS-19;FLORERO DE 23*25 CM;18;28.87;39;44.9;51.6;31.76;47.6;57.1;68.5;;
BAS-20;FLORERO DE 35*29 CM;18;40.9;55.2;63.5;73;44.99;67.5;81;97.2;;
JLP-22-02;FLORERO DE PLASTICO TIPO CANASTA DE 25 CM;3,000;1.6;2.4;2.8;3.2;1.76;2.6;3.1;3.7;;
V-GRS5-01;FLOR ARTIFICIAL GIRASOL EN VARA X 5 CABEZAS 75 CM;1,440;3.85;5.8;7;8.4;4.24;6.4;7.7;9.2;;
TLZ-01;FLOR ARTIFICIAL EN RAMO X 5 CABEZAS DE 44 CM;960;3.09;4.6;5.5;6.6;3.4;5.1;6.1;7.3;;
XABJ-AD0034;ADORNO CUPULAS MEDIDAS: 323*323*360CMS (INCLUYE ACCESORIOS);2;894.98;1,342.50;1,611.00;1,933.20;984.48;1,476.70;1,772.00;2,126.40;;
XABJ-AD0053;COLUMPIO METAL 198*90*230 CM;10;336.32;504.5;605.4;726.5;369.95;554.9;665.9;799.1;;
PAN;MAQUINA MANUAL PARA LAMINAR CERA, MEDIDAS: 86*195 MM;2;1,464.50;2,196.80;2,636.20;3,163.40;1,610.95;2,416.40;2,899.70;3,479.60;;
QIN;EXTRACTOR DE ACEITES ESENCIALES DE 98 L CON COLUMNA DE CRISTAL, MEDIDAS: 63*63*147 CM;2;1,492.70;2,239.10;2,686.90;3,224.30;1,641.97;2,463.00;2,955.60;3,546.70;;
AS41R;GENERADOR ELECTRICO DIESEL, MODELO: AS41R, POTENCIA: 38KW/38kVA, MARCA: ASAMAN. INCLUYE CAJA DE DISTRIBUCION DEL GENERADOR ELECTRICO;1;13,223.65;19,835.50;23,802.60;28,563.10;14,546.02;21,819.00;26,182.80;31,419.40;;
AS-1.1KW;BOMBA DE AGUA, MODELO: AS-1, POTENCIA DE SALIDA: 1,1 Kw, MARCA: ASAMAN;4;276.63;414.9;497.9;597.5;304.29;456.4;547.7;657.2;;
INKA-01;CUATRIMOTO, MODELO: A7-20 125 cc;1;2,229.28;3,343.90;4,012.70;4,815.20;2,452.21;3,678.30;4,414.00;5,296.80;;
INKA-01;CUATRIMOTO, MODELO: A7-20 125 cc;1;2,229.28;3,343.90;4,012.70;4,815.20;2,452.21;3,678.30;4,414.00;5,296.80;;
INKA-02;CUATRIMOTO, MODELO: GK-03 110cc;1;2,793.37;4,190.10;5,028.10;6,033.70;3,072.71;4,609.10;5,530.90;6,637.10;;
INKA-02;CUATRIMOTO, MODELO: GK-03 110cc;1;2,793.37;4,190.10;5,028.10;6,033.70;3,072.71;4,609.10;5,530.90;6,637.10;;
INKA-03;CUATRIMOTO, MODELO: A7-21 150CC;1;4,425.99;6,639.00;7,966.80;9,560.20;4,868.59;7,302.90;8,763.50;10,516.20;;
INKA-03;CUATRIMOTO, MODELO: A7-21 150CC;1;4,425.99;6,639.00;7,966.80;9,560.20;4,868.59;7,302.90;8,763.50;10,516.20;;
INKA-04;CUATRIMOTO, MODELO: A7-21 150CC;1;4,425.99;6,639.00;7,966.80;9,560.20;4,868.59;7,302.90;8,763.50;10,516.20;;
INKA-04;CUATRIMOTO, MODELO: A7-21 150CC;1;4,425.99;6,639.00;7,966.80;9,560.20;4,868.59;7,302.90;8,763.50;10,516.20;;
TK;CASCO DE MOTO, MODELOS: F-601, F-707, F-602, F-805;4;37.97;57;68.4;82.1;41.77;62.7;75.2;90.2;;
TK;CASCO DE MOTO, MODELOS: HD-806, HD-586, F-708, CY-01, F-804, F-707;6;37.97;57;68.4;82.1;41.77;62.7;75.2;90.2;;
ZP-09;CARPA PARA ALMACEN DE 20*50 MTS;1;193,893.99;290,841.00;349,009.20;418,811.00;213,283.39;319,925.10;383,910.10;460,692.10;;
AND;ANDAMIO DE 140 CM DE LARGO * 70 CM DE ANCHO * 3.15 MTS DE ALTO;1;2,364.86;3,547.30;4,256.80;5,108.20;2,601.35;3,902.00;4,682.40;5,618.90;;
NJJ;MOTOCULTOR MANUAL DIESEL AGRICOLA DE 8 CABALLOS;2;1,898.39;2,847.60;3,417.10;4,100.50;2,088.23;3,132.30;3,758.80;4,510.60;;
RUY-CH;FLOR ARTIFICIAL EN RAMO X 7 CABEZAS DE 40 CM;2,250;4.08;6.1;7.3;8.8;4.49;6.7;8;9.6;;
RUY-05;FLOR ARTIFICIAL ROSA ESTRELLA ABIERTA EN VARA 38 CM;8,640;1.09;1.6;1.9;2.3;1.2;1.8;2.2;2.6;;
RUY-13N;FLOR ARTIFICIAL EN RAMO X 6 CABEZAS DE 45 CM;960;5.84;8.8;10.6;12.7;6.42;9.6;11.5;13.8;;
RUY-15;FLOR ARTIFICIAL ROSA EN VARA X 5 CABEZAS 85 CM;480;4.75;7.1;8.5;10.2;5.23;7.8;9.4;11.3;;
RUY-DX;FLOR ARTIFICIAL EN VARA ROSA PEQUEÑA DE 50 CM;12,000;0.65;1;1.2;1.4;0.72;1.1;1.3;1.6;;
FAR-01;FLOR ARTIFICIAL TIPO MAGNOLIA X 20 CABEZAS DE 55 CM;1,470;5.3;8;9.6;11.5;5.83;8.7;10.4;12.5;;
FAR-02;FLOR ARTIFICIAL TIPO SAYURI X 9 CABEZAS DE 57 CM;2,016;5.3;8;9.6;11.5;5.83;8.7;10.4;12.5;;
GRS7-02;FLOR ARTIFICIAL EN RAMO X 7 CABEZAS DE 50 CM;1,020;5.5;8.3;10;12;6.05;9.1;10.9;13.1;;
E198;FLOR ARTIFICIAL EN RAMO X 10 CABEZAS DE  41 CM;1,536;4.42;6.6;7.9;9.5;4.86;7.3;8.8;10.6;;
YQ10-MN;FLOR ARTIFICIAL EN RAMO X 10 CABEZAS CHICO DE 42 CM;4,320;4.08;6.1;7.3;8.8;4.49;6.7;8;9.6;;
YQ10-MN;FLOR ARTIFICIAL EN RAMO X 10 CABEZAS CHICO DE 42 CM;120;4.08;6.1;7.3;8.8;4.49;6.7;8;9.6;;
YQ10-AN;FLOR ARTIFICIAL EN RAMO X 10 CABEZAS DE 42 CM;900;4.08;6.1;7.3;8.8;4.49;6.7;8;9.6;;
YQ12-H17;FLOR ARTIFICIAL ROSA ALEGRE EN RAMO X 12 43 CM;900;5.44;8.2;9.8;11.8;5.98;9;10.8;13;;
YSK-1;LLAVERO;600;1.22;1.8;2.2;2.6;1.34;2;2.4;2.9;;
YSK-2;LLAVERO;480;2.04;3.1;3.7;4.4;2.24;3.4;4.1;4.9;;
Yl-01;CENTRO DE ENTRETEMIENTO AL AIRE LIBRE PARA DIVERSION DE NIÑOS (INCLUYE TOBOGANES, ESCALERA);1;2,581.38;3,872.10;4,646.50;5,575.80;2,839.52;4,259.30;5,111.20;6,133.40;;
Yl-02;CENTRO DE ENTRETEMIENTO AL AIRE LIBRE PARA DIVERSION DE NIÑOS (INCLUYE TOBOGANES, ESCALERA);1;4,415.53;6,623.30;7,948.00;9,537.60;4,857.08;7,285.60;8,742.70;10,491.20;;
WSH-R;LEON ROJO DE LANA CON LUCES;1;1,902.05;2,853.10;3,423.70;4,108.40;2,092.26;3,138.40;3,766.10;4,519.30;;
WSH-A;LEON AMARILLO DE LANA CON LUCES;1;1,902.05;2,853.10;3,423.70;4,108.40;2,092.26;3,138.40;3,766.10;4,519.30;;
TY-01N;SOMBRILLA CON LUCES 7 MTS DE DIAMETRO (INCLUYE BASES);4;7,628.70;11,443.10;13,731.70;16,478.00;8,391.57;12,587.40;15,104.90;18,125.90;;
EST-03;MODULO PARA PANTALLA LED (ESTRUCTURA DE ALUMINIO) DE 12 * 6 MTS;1;25,265.45;37,898.20;45,477.80;54,573.40;27,792.00;41,688.00;50,025.60;60,030.70;;
EST-04;ESTRUCTURA DE ALUMINIO PARA ESCENARIO CON ESCALERA DE 1220*1220 CM;1;21,814.81;32,722.20;39,266.60;47,119.90;23,996.29;35,994.40;43,193.30;51,832.00;;
PAN-24;PANTALLA LED EN GABINETE DE ALUMINIO FUNDIDO PARA EXTERIORES, INCLUYE ACCESORIOS  500*1000 MM  ;24;1,086.98;1,630.50;1,956.60;2,347.90;1,195.68;1,793.50;2,152.20;2,582.60;;
SML-01;LAMPARA DE PIE LED EN FORMA DE LLAMA DE 155*50 CM;12;132.48;198.7;238.4;286.1;145.73;218.6;262.3;314.8;;
SML-02;LAMPARA DE PIE LED EN FORMA DE FLOR DE PEONIA DE 260*270 CM;4;1,005.40;1,508.10;1,809.70;2,171.60;1,105.94;1,658.90;1,990.70;2,388.80;;
PE400X600-1;TRITURADORA DE PIEDRA DE 1500 MM*1640 MM*1660 MM, MODELO: PE400X600;1;57,338.85;86,008.30;103,210.00;123,852.00;63,072.74;94,609.10;113,530.90;136,237.10;;
PE400X600-2;POLEA DE MOTOR DE HIERRO DE MAQUINA TRITURADORA;1;2,466.93;3,700.40;4,440.50;5,328.60;2,713.62;4,070.40;4,884.50;5,861.40;;
PE400X600-3;JUEGO DE PLACA PARA LA TRITURADORA DE 1000 MM*600 MM*70 MM,;2;900.43;1,350.60;1,620.70;1,944.80;990.47;1,485.70;1,782.80;2,139.40;;
PE400X600-4;JUEGO DE PLACA PARA LA TRITURADORA DE 820 MM*600 MM*70 MM;2;900.43;1,350.60;1,620.70;1,944.80;990.47;1,485.70;1,782.80;2,139.40;;
PD;PISO ALFOMBRA DE 200*150*1.5 CM;1,617;33.47;50.2;60.2;72.2;36.82;55.2;66.2;79.4;;
XABJ-ADN001;"ADORNO DE METAL DE 2 PIEZAS DE 2.7*0.85*0.72 MTS (INCLUYE ACCESORIOS)
";10;1,017.48;1,526.20;1,831.40;2,197.70;1,119.23;1,678.80;2,014.60;2,417.50;;
XABJ-AD007;PORTA ENREDADERA MEDIO ARCO X 2 DE 320*48*260 CM (INCLUYE ACCESORIOS);10;294.87;442.3;530.8;637;324.36;486.5;583.8;700.6;;
XABJ-AD0929;ADORNO DE METAL TIPO LUNA DE 201*176*31 CM (INCLUYE ACCESORIOS);9;386;579;694.8;833.8;424.6;636.9;764.3;917.2;;
XABJ-ADN002;LAMPARA COLGANTE DE 1.3*1 MTS (INCLUYE ACCESORIOS);6;575.42;863.1;1,035.70;1,242.80;632.96;949.4;1,139.30;1,367.20;;
YMG-204;HORNO A GAS DE 138*100*150 CM, MODELO: YMG-204;2;3,859.50;5,789.30;6,947.20;8,336.60;4,245.45;6,368.20;7,641.80;9,170.20;;
140N;CILINDRO PARA UTILIZAR CON CARBON DE 140*100 CM, MODELO: 140N, MARCA: 劲恒;1;785.87;1,178.80;1,414.60;1,697.50;864.46;1,296.70;1,556.00;1,867.20;;
MT;MANTEL DE 310 CM;140;50.62;75.9;91.1;109.3;55.68;83.5;100.2;120.2;;
CL;SERVILLETA DE 50 CM;1,800;2.39;3.6;4.3;5.2;2.63;3.9;4.7;5.6;;
CN-8130-RQ-GS260;OLLA AUTOMATICA DE 510*800*1350 MM DE 220 V, MARCA: CHINENG, MODELO: CN-8130-RQ-GS260. POTENCIA NOMINAL DE ENTRADA: 100W;1;3,732.82;5,599.20;6,719.00;8,062.80;4,106.10;6,159.20;7,391.00;8,869.20;;
SML-02;LAMPARA DE PIE LED EN FORMA DE FLOR DE PEONIA DE 260*270 CM;3;1,038.47;1,557.70;1,869.20;2,243.00;1,142.32;1,713.50;2,056.20;2,467.40;;
SML-03;"LAMPARA DE PIE LED EN FORMA DE FLOR, PEQUEÑO: ALTURA DE 137-170 CM, CABEZA DE FLOR 90 CM, BASE 40*40 CM; GRANDE: ALTURA 133 CM, CABEZA DE FLOR 130 CM; MEDIANO: ALTURA 149-180 CM";5;291.19;436.8;524.2;629;320.31;480.5;576.6;691.9;;
SML-04;LAMPARA DE PIE CON LUZ LED EN FORMA DE ALAS DE 260*240 CM;4;940.23;1,410.30;1,692.40;2,030.90;1,034.25;1,551.40;1,861.70;2,234.00;;
SML-06;LAMPARA DE PIE CON LUZ LED DE TELA DORADA DE 90 CM;9;204.88;307.3;368.8;442.6;225.37;338.1;405.7;486.8;;
SML-07;LAMPARA DE PIE CON LUZ LED DE TELA DORADA DE 120 CM;9;219.62;329.4;395.3;474.4;241.58;362.4;434.9;521.9;;
RC202508;"SISTEMA DE SONIDO LINE ARRAY ACTIVO DOBLE 12""; MODELO DL50A; POTENCIA:  4000 W RMS / 8000 W PICO; SPL MÁXIMO: 143 dB; RESPUESTA DE FRECUENCIA: 40 Hz - 20 kHz; COBERTURA: 90° (H) x 10° (V); CONFIGURACION DE PARLANTES: 2 x 12"" LF (BAJAS FRECUENCIAS), 4 x 6"" MF (MEDIAS FRECUENCIAS), 2 x 1.4"" HF (ALTAS FREECUENCIAS); CROSSOVER: 200 Hz / 800 Hz; DIMENSIONES: 366 x 1171 x 502 MM                   ";16;5,665.91;8,498.90;10,198.70;12,238.40;6,232.50;9,348.80;11,218.60;13,462.30;;
DB202626;RIGGING CASE DL50A - FLIGHT CASE 2 EN 1, FABRICADO EN TABLERO DE MADERA CON BORDES EN ALEACION DE ALUMINIO Y HERRAJES METALICOS;8;566.59;849.9;1,019.90;1,223.90;623.25;934.9;1,121.90;1,346.30;;
RC202505;"SUBWOOFER ACTIVO DOBLE 18"", MODELO AS9006; ESPECIFICACIONES TÉCNICAS:                                                            • CONFIGURACIÓN: ACTIVO, DOBLE 18""                                                            • SPL MÁXIMO: 142 dB                                     • RANGO DE FRECUENCIA (-5 dB): 30 Hz - 120 Hz                                                                    • TRANSDUCTORES: 2 x 18"" LF (BAJAS FRECUENCIAS)                                                   • MÓDULO DE AMPLIFICACION: 7200 W CLASE D                                                                 • DIRECTIVIDAD: OMNIDIRECCIONAL (ARRAYABLE)                                                       • PESO: 82 kg (180 lb)                                       • DIMENSIONES (Al x An x Prof): 700 x 1100 x 790 MM";4;4,079.45;6,119.20;7,343.00;8,811.60;4,487.40;6,731.10;8,077.30;9,692.80;;
RC202606-1;FL-B FLY BAR (BARRA DE SUSPENSIÓN PARA SISTEMAS LINE ARRAY FLY 50A), FABRICADA EN ACERO DE ALTA RESISTENCIA CON ACABADO EN PINTURA NEGRA TIPO POWDER COATED. CAPACIDAD DE CARGA: HASTA 24 GABINETES DE 20K O HASTA 18 GABINETES DE 30K. DIMENSIONES (LARGO x ANCHO x ALTO): 1180 x 160 x 90 MM. PESO: APROXIMADAMENTE 38 KG (84 LB). ACCESORIOS INCLUIDOS: 2 GRILLETES, 1 CADENA DE SEGURIDAD Y JUEGO DE PINES PARA RIGGING RÁPIDO;2;1,269.16;1,903.70;2,284.40;2,741.30;1,396.08;2,094.10;2,512.90;3,015.50;;
RC202606-2;"DRIVER HF 1.4"", MODELO 50A, UNIDAD DE COMPRESIÓN PARA ALTAS FRECUENCIAS, COMPONENTE PARA SISTEMA LINE ARRAY 50A";4;407.95;611.9;734.3;881.2;448.75;673.1;807.7;969.2;;
RC202606-3;"PARLANTE MF 6"", MODELO 50A, ALTAVOZ DE 6 PULGADAS PARA FRECUENCIAS MEDIAS, COMPONENTE PARA SISTEMA LINE ARRAY 50A";4;407.95;611.9;734.3;881.2;448.75;673.1;807.7;969.2;;
RC202606-4;"PARLANTE LF 12"", MODELO 50A, ALTAVOZ DE 12 PULGADAS PARA BAJAS FRECUENCIAS, COMPONENTE PARA SISTEMA LINE ARRAY 50A";2;453.27;679.9;815.9;979.1;498.6;747.9;897.5;1,077.00;;
RC202507;1. CONTROLADOR DE RED DE AUDIO DIGITAL, MODELO RDNET, CON MULTIPLES PUERTOS RJ45, PARA MONITOREO EN TIEMPO REAL Y CONFIGURACIÓN DEL SISTEMA DE AUDIO.                                                             2. CABLE DE DATOS BLINDADO CAT5e / CAT6 (ROJO), PARA TRANSMISIÓN DE DATOS DE ALTA VELOCIDAD, CON CONECTORES RJ45, LONGITUD ESTÁNDAR 1.5 - 2 M.                                                          3. ROUTER INALÁMBRICO TP-LINK, PARA CONEXIÓN DE RED LAN/WAN, CON SOPORTE DHCP, PARA COMUNICACIÓN ENTRE CONTROLADOR RDNET Y PC.           4. CABLE DE RED ETHERNET CAT5e / CAT6 (GRIS), CON CONECTORES RJ45, PARA CONEXIÓN DE RED, LONGITUD ESTÁNDAR 1.5 - 2 M.;1;1,044.92;1,567.40;1,880.90;2,257.10;1,149.41;1,724.10;2,068.90;2,482.70;;
RC202606-5;MÓDULO DE AMPLIFICACIÓN ACTIVO, MODELO 50A, UNIDAD ELECTRÓNICA DE POTENCIA PARA SISTEMA LINE ARRAY 50A;2;1,405.15;2,107.70;2,529.20;3,035.00;1,545.67;2,318.50;2,782.20;3,338.60;;
FUG-01;PLATO DE PORCELANA DE 16.5 CM;405;4.69;7;8.4;10.1;5.16;7.7;9.2;11;;
FUG-02;PLATO DE PORCELANA DE 21.5 CM;560;6.69;10;12;14.4;7.36;11;13.2;15.8;;
FUG-03;PLATO DE PORCELANA DE 26.5 CM;600;9.38;14.1;16.9;20.3;10.32;15.5;18.6;22.3;;
FUG-04;PLATO DE PORCELANA DE 33.02 CM;500;16.75;25.1;30.1;36.1;18.43;27.6;33.1;39.7;;
FUG-05PD;PORTA BOCADITOS DE PORCELANA DE 3 NIVELES DE 16.5 CM, 20.5 CM, 26.5 CM, 30.5 CM DE 49 CM DE ALTO;15;58.49;87.7;105.2;126.2;64.34;96.5;115.8;139;;
FUG-06PD;PORTA BOCADITOS DE PORCELANA DE 3 NIVELES DE 16.5 CM, 20.5 CM, 26.5 CM, 30.5 CM DE 49 CM DE ALTO;5;68.96;103.4;124.1;148.9;75.86;113.8;136.6;163.9;;
FUG-07;PLATO DE PORCELANA DE 16.51 CM;105;6.14;9.2;11;13.2;6.75;10.1;12.1;14.5;;
FUG-08;PLATO DE PORCELANA DE 26.6 CM;100;17.39;26.1;31.3;37.6;19.13;28.7;34.4;41.3;;
FUG-09;PLATO DE PORCELANA DE 33 CM;100;26.99;40.5;48.6;58.3;29.69;44.5;53.4;64.1;;
FUG-10;PLATO DE PORCELANA DE 33 CM;200;26.99;40.5;48.6;58.3;29.69;44.5;53.4;64.1;;
FUG-11;PLATO DE PORCELANA DE 30.48 CM;100;18.71;28.1;33.7;40.4;20.58;30.9;37.1;44.5;;
FOT-PLANCHA;ESPONJA DE ESPUMA 1*1 MTS * 10 CM;18;38.83;58.2;69.8;83.8;42.71;64.1;76.9;92.3;;
DD-01N;PASTO ARTIFICIAL DE 2 MTS*25 MTS;14;1,137.92;1,706.90;2,048.30;2,458.00;1,251.71;1,877.60;2,253.10;2,703.70;;
RYG9-210;FLOR ARTIFICIAL ROSA EN RAMO X 9 CABEZAS 40 CM;6,000;9.04;13.6;16.3;19.6;9.94;14.9;17.9;21.5;;
RYG10-RCH;FLOR ARTIFICIAL EN RAMO X 10 CABEZAS 32 CM;3,600;7.9;11.9;14.3;17.2;8.69;13;15.6;18.7;;
RYG10-XM;FLOR ARTIFICIAL EN RAMO X 10 CABEZAS 32 CM;1,800;6.02;9;10.8;13;6.62;9.9;11.9;14.3;;
RYG12-JY;FLOR ARTIFICIAL EN RAMO X 12 CABEZAS 33 CM;1,800;6.16;9.2;11;13.2;6.78;10.2;12.2;14.6;;
RYG18-NU02;FLOR ARTIFICIAL EN RAMO X 18 CABEZAS 32 CM;3,600;9.71;14.6;17.5;21;10.68;16;19.2;23;;
